timestamp,hour,day_of_week,day,outdoor_temperature,humidity,solar_context,floor_level,room_area,building_orientation,distance_to_external_wall,NDVI,occupancy,hvac_status,hvac_runtime,indoor_temperature,temperature_delta,humidity_delta,outside_inside_temp_diff,rolling_mean,rolling_std,energy,historical_energy,power_ratio
2025-01-01 00:00:00,0,2,1,16.815384805297203,60.73658398311147,0.0,2,45.0,180,2.0,0.45,0,0,0.0,22.0,0.0,0.0,-5.184615194702797,22.0,0.0,5.401794519881098,12.450982570732553,0.43384483828438
2025-01-01 01:00:00,1,2,1,14.355045000194618,52.22191422284057,0.0,2,45.0,180,2.0,0.45,0,0,0.0,21.567266912778503,-0.4327330872214965,-8.514669760270905,-7.212221912583885,21.783633456389254,0.30598850041811115,6.418585224397933,12.450982570732553,0.5155083293976771
2025-01-01 02:00:00,2,2,1,14.61319660719287,63.46390814514825,0.0,2,45.0,180,2.0,0.45,0,0,0.0,21.512897634029873,-0.054369278748630734,11.241993922307685,-6.899701026837002,21.69338818226946,0.2669215422121866,5.943448765024547,12.450982570732553,0.47734777004630125
2025-01-01 03:00:00,3,2,1,17.47428058677124,61.96353534374722,0.0,2,45.0,180,2.0,0.45,0,0,0.0,21.14082734716298,-0.3720702868668937,-1.500372801401035,-3.666546760391739,21.406997297990454,0.23210738174503698,5.400128664795106,12.450982570732553,0.43371104522214343
2025-01-01 04:00:00,4,2,1,17.662867355364888,62.18082106830877,0.0,2,45.0,180,2.0,0.45,0,0,0.0,21.29229651950206,0.15146917233908042,0.21728572456154893,-3.6294291641371714,21.31534050023164,0.18710249431314965,5.351587711636409,12.450982570732553,0.4298124811624042
2025-01-01 05:00:00,5,2,1,17.46043391587757,64.33199224250835,0.0,2,45.0,180,2.0,0.45,0,0,0.0,21.108673992440792,-0.18362252706126725,2.1511711741995825,-3.648240076563223,21.180599286368608,0.09805948945525082,4.546876159224258,12.450982570732553,0.3651821158204981
2025-01-01 06:00:00,6,2,1,19.381962090470637,70.3547727984262,0.0,2,45.0,180,2.0,0.45,0,0,0.0,20.91148795280019,-0.19718603964060222,6.022780555917848,-1.5295258623295531,21.104152821581014,0.19044453748491172,4.086728726304869,12.450982570732553,0.32822539932801675
2025-01-01 07:00:00,7,2,1,20.639242453053264,77.42121673100391,0.0,2,45.0,180,2.0,0.45,0,0,0.0,20.96466115133986,0.05317319853967106,7.066443932577712,-0.3254186982865974,20.994941032193616,0.1020207672274475,4.841041289202672,12.450982570732553,0.38880797251954147
2025-01-01 08:00:00,8,2,1,23.276996638384578,70.88458365276317,0.3,2,45.0,180,2.0,0.45,4,0,0.0,22.096379883275727,1.131718731935866,-6.53663307824074,1.1806167551088507,21.324176329138595,0.6692761717163163,12.513491269563486,12.450982570732553,1.0050203828072066
2025-01-01 09:00:00,9,2,1,25.379276138825695,68.10304880659201,0.3,2,45.0,180,2.0,0.45,3,1,1.0,22.758138031503574,0.6617581482278467,-2.781534846171155,2.621138107322121,21.939726355373054,0.9069427080988585,23.048326044314734,12.450982570732553,1.8511250749392614
2025-01-01 10:00:00,10,2,1,25.71408652225202,61.249380997203744,0.3,2,45.0,180,2.0,0.45,1,1,2.0,23.065557317423433,0.3074192859198597,-6.85366780938827,2.648529204828588,22.64002507740091,0.49526682420731216,20.872779013043086,12.450982570732553,1.6763961313468483
2025-01-01 11:00:00,11,2,1,22.78884717214162,51.77021725791467,0.3,2,45.0,180,2.0,0.45,4,0,2.0,24.35336074434346,1.287803426920025,-9.47916373928907,-1.5645135722018395,23.392352031090155,0.8463332467476405,11.093910347061941,12.450982570732553,0.8910068168547145
2025-01-01 12:00:00,12,2,1,25.912274841814124,48.92102835189228,0.3,2,45.0,180,2.0,0.45,2,1,3.0,24.020522045910745,-0.3328386984327132,-2.849188906022391,1.891752795903379,23.813146702559212,0.6684779849548609,22.086054707867266,12.450982570732553,1.7738403039598694
2025-01-01 13:00:00,13,2,1,23.901286951443954,52.699584933044996,0.3,2,45.0,180,2.0,0.45,1,0,2.0,24.421169111693864,0.4006470657831187,3.7785565811527135,-0.5198821602499102,24.265017300649358,0.21443633288902178,5.265624841971381,12.450982570732553,0.4229083778776488
2025-01-01 14:00:00,14,2,1,25.345538962288504,32.32382570452294,0.3,2,45.0,180,2.0,0.45,2,1,2.0,24.098288901201713,-0.3228802104921513,-20.375759228522057,1.2472500610867918,24.17999335293544,0.21245289102510673,22.474525155738966,12.450982570732553,1.8050402872274425
2025-01-01 15:00:00,15,2,1,23.77959106240058,30.41165426457028,0.3,2,45.0,180,2.0,0.45,1,0,2.0,24.657136269617833,0.5588473684161208,-1.9121714399526581,-0.8775452072172527,24.392198094171135,0.280547830482724,7.101183576320941,12.450982570732553,0.5703311795659468
2025-01-01 16:00:00,16,2,1,19.894731051384042,38.573634007359765,0.3,2,45.0,180,2.0,0.45,3,0,1.0,25.470621843503267,0.8134855738854334,8.161979742789484,-5.575890792119225,24.742015671440935,0.6900926102863397,8.686576916858145,12.450982570732553,0.6976619610147821
2025-01-01 17:00:00,17,2,1,20.68550647702378,24.035995730303483,0.3,2,45.0,180,2.0,0.45,3,0,1.0,26.09687352607606,0.6262516825727928,-14.537638277056281,-5.411367049052281,25.40821054639905,0.7218948811378518,7.223999545533592,12.450982570732553,0.5801951375720678
2025-01-01 18:00:00,18,2,1,22.21629377528372,23.637747883815834,0.3,2,45.0,180,2.0,0.45,2,0,0.0,26.293579724351783,0.19670619827572366,-0.3982478464876493,-4.077285949068063,25.953691697977035,0.42975655356943604,8.153963429758962,12.450982570732553,0.654885137252202
2025-01-01 19:00:00,19,2,1,17.97769027528281,36.57159488792641,0.0,2,45.0,180,2.0,0.45,0,0,0.0,25.567726670224253,-0.7258530541275299,12.933847004110575,-7.590036394941443,25.9860599735507,0.37540031514892025,6.622130144182108,12.450982570732553,0.5318560287561703
2025-01-01 20:00:00,20,2,1,16.10092006791739,39.13759500533622,0.0,2,45.0,180,2.0,0.45,0,0,0.0,25.084416670694978,-0.48330999952927556,2.566000117409814,-8.983496602777588,25.648574355090336,0.6086222832703421,4.940037242556655,12.450982570732553,0.39675882722450945
2025-01-01 21:00:00,21,2,1,14.569443508410432,43.9366151117058,0.0,2,45.0,180,2.0,0.45,0,0,0.0,24.305357524801334,-0.779059145893644,4.799020106369575,-9.735914016390902,24.985833621906853,0.6369324359460194,5.746114767405677,12.450982570732553,0.4614989005697086
2025-01-01 22:00:00,22,2,1,18.42924285356048,42.61493200834456,0.0,2,45.0,180,2.0,0.45,0,0,0.0,23.809797501890777,-0.49556002291055634,-1.321683103361238,-5.380554648330296,24.399857232462363,0.642542724207288,3.1168407009409504,12.450982570732553,0.25032889438520606
2025-01-01 23:00:00,23,2,1,14.862751676066514,46.44032525912025,0.0,2,45.0,180,2.0,0.45,0,0,0.0,23.5101034569011,-0.29969404498967833,3.82539325077569,-8.647351780834585,23.87508616119774,0.40162695988129293,5.782066925346902,12.450982570732553,0.4643863962140872
2025-01-02 00:00:00,0,3,2,15.05137529818456,43.524796306746005,0.0,2,45.0,180,2.0,0.45,0,0,0.0,23.152938657725482,-0.3571647991756173,-2.9155289523742454,-8.101563359540922,23.490946538839122,0.328848180657465,6.454851262180997,5.401794519881098,0.5184210342847846
2025-01-02 01:00:00,1,3,2,14.05216336165221,56.48792813651153,0.0,2,45.0,180,2.0,0.45,0,0,0.0,22.60987039027211,-0.5430682674533713,12.963131829765523,-8.5577070286199,23.09097083496623,0.45330442514514196,4.881124954075834,6.418585224397933,0.39202728992244135
2025-01-02 02:00:00,2,3,2,16.09820831180397,59.63306906071701,0.0,2,45.0,180,2.0,0.45,0,0,0.0,22.566392985490037,-0.04347740478207385,3.145140924205485,-6.468184673686068,22.776400677829212,0.3268152519542144,3.543283000686054,5.943448765024547,0.2845785849074227
2025-01-02 03:00:00,3,3,2,18.64689970968884,60.61825752444083,0.0,2,45.0,180,2.0,0.45,0,0,0.0,22.61556794813153,0.049174962641494346,0.9851884637238157,-3.9686682384426923,22.59727710796456,0.026897719366851553,6.178450889031087,5.400128664795106,0.4962219530813766
2025-01-02 04:00:00,4,3,2,18.609142898252514,67.70792490942854,0.0,2,45.0,180,2.0,0.45,0,0,0.0,22.217081632360138,-0.39848631577139315,7.089667384987713,-3.6079387341076234,22.4663475219939,0.2172663274390834,5.129211127630782,5.351587711636409,0.41195231769800844
2025-01-02 05:00:00,5,3,2,21.140905354743367,69.94478931291863,0.0,2,45.0,180,2.0,0.45,0,0,0.0,22.318763414188954,0.10168178182881604,2.236864403490088,-1.1778580594455867,22.383804331560203,0.20705211098566983,3.236971632001656,4.546876159224258,0.2599772036955963
2025-01-02 06:00:00,6,3,2,20.5859238361932,63.97926283225146,0.0,2,45.0,180,2.0,0.45,0,0,0.0,22.43897860247442,0.12021518828546718,-5.965526480667172,-1.8530547662812218,22.32494121634117,0.11107740664075985,4.880521627494825,4.086728726304869,0.39197883378031906
2025-01-02 07:00:00,7,3,2,24.367183106077327,68.04778205860262,0.0,2,45.0,180,2.0,0.45,0,0,0.0,22.468587801810536,0.0296091993361145,4.068519226351164,1.8985953042667916,22.40877660615797,0.07934706811002049,6.416747057503392,4.841041289202672,0.5153606971217424
2025-01-02 08:00:00,8,3,2,22.652316614743448,62.219864538618474,1.0,2,45.0,180,2.0,0.45,2,0,0.0,23.42380652440299,0.9552187225924555,-5.8279175199841475,-0.7714899096595431,22.77712430956265,0.560238869960323,8.020718567620767,12.513491269563486,0.6441835832679081
2025-01-02 09:00:00,9,3,2,23.41307567774031,72.71185408521407,1.0,2,45.0,180,2.0,0.45,5,0,0.0,25.011467588208323,1.5876610638053315,10.491989546595597,-1.5983919104680133,23.634620638140618,1.2844809632418888,12.805648222969515,23.048326044314734,1.0284849529121214
2025-01-02 10:00:00,10,3,2,26.663043621287606,54.80978002231027,1.0,2,45.0,180,2.0,0.45,1,1,1.0,24.66339907483114,-0.34806851337718214,-17.9020740629038,1.9996445464564658,24.366224395814154,0.8345067439915929,20.837495577669618,20.872779013043086,1.6735623441197738
2025-01-02 11:00:00,11,3,2,25.78198648265626,66.03251601200071,1.0,2,45.0,180,2.0,0.45,2,1,2.0,24.41426332521643,-0.24913574961470886,11.222735989690442,1.3677231574398299,24.696376662751963,0.2999647877879372,21.980935069349567,11.093910347061941,1.765397625808123
2025-01-02 12:00:00,12,3,2,27.616588533972493,40.07477814204523,1.0,2,45.0,180,2.0,0.45,4,1,3.0,25.159060505453823,0.7447971802373914,-25.95773786995548,2.45752802851867,24.7455743018338,0.37913755534374094,29.20971099750381,22.086054707867266,2.3459763782952
2025-01-02 13:00:00,13,3,2,25.18463040619484,40.84502227636732,1.0,2,45.0,180,2.0,0.45,4,1,4.0,25.359601150684185,0.20054064523036175,0.770244134322084,-0.17497074448934313,24.97764166045148,0.4980968771799687,23.45173102624453,5.265624841971381,1.8835245245118635
2025-01-02 14:00:00,14,3,2,24.9608614150671,38.10596913535619,1.0,2,45.0,180,2.0,0.45,2,1,4.0,24.976445985611104,-0.3831551650730809,-2.7390531410111265,-0.01558457054400364,25.165035880583037,0.19164746009642875,21.360227583437553,22.474525155738966,1.7155455372371327
2025-01-02 15:00:00,15,3,2,22.552586288703274,33.76573794503483,1.0,2,45.0,180,2.0,0.45,4,0,3.0,26.083784904766663,1.1073389191555592,-4.3402311903213615,-3.5311986160633886,25.47327734702065,0.5623536064427768,11.607554716529705,7.101183576320941,0.9322601369481136
2025-01-02 16:00:00,16,3,2,21.49944916114095,26.296511574313158,1.0,2,45.0,180,2.0,0.45,3,0,2.0,27.01879154880443,0.9350066440377667,-7.469226370721671,-5.519342387663478,26.02634081306073,1.0223838406526604,9.879910076579954,8.686576916858145,0.7935044499864455
2025-01-02 17:00:00,17,3,2,19.982795445007973,28.125522569560992,1.0,2,45.0,180,2.0,0.45,4,0,1.0,28.066033205991683,1.0472416571872536,1.8290109952478346,-8.08323776098371,27.056203219854257,0.9916535719570944,11.247806901817485,7.223999545533592,0.903367010428296
2025-01-02 18:00:00,18,3,2,22.439375182395118,39.177381802582126,1.0,2,45.0,180,2.0,0.45,3,0,0.0,29.08581770311795,1.0197844971262668,11.051859233021133,-6.646442520722832,28.05688081930469,1.0335434704405935,9.505728126502095,8.153963429758962,0.763452046655851
2025-01-02 19:00:00,19,3,2,19.403777135145134,33.80784451650779,0.0,2,45.0,180,2.0,0.45,0,0,0.0,28.316600114933916,-0.7692175881840342,-5.369537286074333,-8.912822979788782,28.489483674681185,0.5314194662107457,5.016584483194339,6.622130144182108,0.40290671476694456
2025-01-02 20:00:00,20,3,2,19.02118590203898,21.906040111565588,0.0,2,45.0,180,2.0,0.45,0,0,0.0,28.13233735029747,-0.18426276463644697,-11.901804404942204,-9.11115144825849,28.511585056116445,0.5057623367446532,3.4545309369155843,4.940037242556655,0.2774504676470957
2025-01-02 21:00:00,21,3,2,18.644951420079412,42.747729395345694,0.0,2,45.0,180,2.0,0.45,0,0,0.0,28.047324976984832,-0.08501237331263667,20.841689283780106,-9.40237355690542,28.165420814072075,0.1376523216682468,5.949603593832201,5.746114767405677,0.47784209479317874
2025-01-02 22:00:00,22,3,2,15.144447946466483,45.75719647822767,0.0,2,45.0,180,2.0,0.45,0,0,0.0,27.360932391621336,-0.686392585363496,3.009467082881976,-12.216484445154853,27.84686490630121,0.42297113674716785,5.096025671282675,3.1168407009409504,0.4092870295442756
2025-01-02 23:00:00,23,3,2,14.994678116993123,51.113757187481184,0.0,2,45.0,180,2.0,0.45,0,0,0.0,26.854699706775147,-0.5062326848461893,5.356560709253515,-11.860021589782024,27.42098569179377,0.5985762757842072,6.880631395202739,5.782066925346902,0.5526175429219895
2025-01-03 00:00:00,0,4,3,12.65234944839284,46.812871328525965,0.0,2,45.0,180,2.0,0.45,0,0,0.0,26.316307661054953,-0.5383920457201938,-4.300885858955219,-13.663958212662113,26.843979919817144,0.5223948624382392,5.200026774363498,6.454851262180997,0.4176398725821648
2025-01-03 01:00:00,1,4,3,13.537644892749157,53.51360969753281,0.0,2,45.0,180,2.0,0.45,0,0,0.0,25.77524606706521,-0.5410615939897419,6.700738369006842,-12.237601174316055,26.31541781163177,0.539727370016191,3.9301582715801047,4.881124954075834,0.315650451621255
2025-01-03 02:00:00,2,4,3,17.086598002443115,58.898466312741796,0.0,2,45.0,180,2.0,0.45,0,0,0.0,25.493406022737055,-0.2818400443281561,5.384856615208989,-8.40680802029394,25.86165325028574,0.41820022425926723,6.160877829603065,3.543283000686054,0.49481057375221993
2025-01-03 03:00:00,3,4,3,17.69410418631948,62.7994997916356,0.0,2,45.0,180,2.0,0.45,0,0,0.0,25.302028789997046,-0.19137723274000962,3.901033478893801,-7.607924603677567,25.52356029326644,0.23804539031911803,4.568194011484606,6.178450889031087,0.3668942579859251
2025-01-03 04:00:00,4,4,3,19.513174943071586,66.89854960398559,0.0,2,45.0,180,2.0,0.45,0,0,0.0,25.22608353924252,-0.07594525075452552,4.099049812349989,-5.712908596170934,25.340506117325543,0.13775233603842868,4.334097450941407,5.129211127630782,0.34809280523203
2025-01-03 05:00:00,5,4,3,19.364113479251138,71.73131764301287,0.0,2,45.0,180,2.0,0.45,0,0,0.0,25.0045839885801,-0.22149955066241844,4.832768039027286,-5.6404705093289635,25.177565439273224,0.15454402929532135,5.644349482106053,3.236971632001656,0.4533256271174724
2025-01-03 06:00:00,6,4,3,19.382137216817913,63.953338363547296,0.0,2,45.0,180,2.0,0.45,0,0,0.0,24.569721660779766,-0.4348623278003352,-7.777979279465576,-5.187584443961853,24.933463062867464,0.33391071925041654,4.604889800211928,4.880521627494825,0.3698414782971622
2025-01-03 07:00:00,7,4,3,21.88590254783489,65.62402733718048,0.0,2,45.0,180,2.0,0.45,0,0,0.0,24.655777340333977,0.08605567955421023,1.6706889736331831,-2.7698747924990883,24.743360996564615,0.23028131418746506,4.4250078458696125,6.416747057503392,0.35539426874398616
2025-01-03 08:00:00,8,4,3,21.957626742951927,66.58252475947656,1.0,2,45.0,180,2.0,0.45,4,0,0.0,25.510329731629284,0.8545523912953072,0.9584974222960767,-3.552702988677357,24.911942910914345,0.5200014282670411,10.326872461108543,8.020718567620767,0.8294022100218041
2025-01-03 09:00:00,9,4,3,24.844403352682466,61.30859583376092,1.0,2,45.0,180,2.0,0.45,5,1,1.0,25.54805227607539,0.03772254444610468,-5.273928925715637,-0.7036489233929224,25.238053116012882,0.5046182287597194,25.703195914610458,12.805648222969515,2.064350806741047
2025-01-03 10:00:00,10,4,3,23.355113965232682,57.19026337490393,1.0,2,45.0,180,2.0,0.45,5,0,1.0,26.88622014249554,1.3381678664201502,-4.11833245885699,-3.5311061772628562,25.981534050066738,0.7837081357018677,13.28480221371456,20.837495577669618,1.0669681800809838
2025-01-03 11:00:00,11,4,3,21.247552927329323,58.35271635289598,1.0,2,45.0,180,2.0,0.45,2,0,1.0,27.58276327327805,0.6965431307825121,1.1624529779920536,-6.3352103459487275,26.672345230616326,1.0340788504667828,7.148907106116425,21.980935069349567,0.5741640923119388
2025-01-03 12:00:00,12,4,3,25.600313201316997,45.21564653095841,1.0,2,45.0,180,2.0,0.45,4,1,2.0,26.786677220918712,-0.7960860523593389,-13.137069821937573,-1.1863640196017151,27.08522021223077,0.43374995274473416,24.377205637195143,29.20971099750381,1.9578539684487657
2025-01-03 13:00:00,13,4,3,22.96965124529509,51.17748598591144,1.0,2,45.0,180,2.0,0.45,5,0,1.0,27.82360058495724,1.036923364038529,5.961839454953029,-4.853949339662151,27.397680359718,0.5426732713069283,14.17271344580736,23.45173102624453,1.1382807232516678
2025-01-03 14:00:00,14,4,3,23.032394133838935,41.57991476620552,1.0,2,45.0,180,2.0,0.45,5,0,1.0,29.163302736001995,1.3397021510447544,-9.59757121970592,-6.1309086021630606,27.92452684729265,1.1915228879705833,12.181499738900746,21.360227583437553,0.9783565007579998
2025-01-03 15:00:00,15,4,3,25.145984229421252,29.062390557555236,1.0,2,45.0,180,2.0,0.45,3,1,2.0,27.127423484514065,-2.0358792514879305,-12.517524208650283,-1.9814392550928126,28.038108935157766,1.0347518813169012,23.474718735513814,11.607554716529705,1.8853707811537546
2025-01-03 16:00:00,16,4,3,22.95968587028097,45.636963877292565,1.0,2,45.0,180,2.0,0.45,5,0,1.0,28.712823189601327,1.5853997050872621,16.57457331973733,-5.753137319320356,28.33451647003913,1.069363391092558,12.367706506993427,9.879910076579954,0.9933116873896463
2025-01-03 17:00:00,17,4,3,22.29582087847681,37.370802335338894,1.0,2,45.0,180,2.0,0.45,4,0,1.0,29.594359085105,0.8815358955036743,-8.266161541953672,-7.298538206628191,28.47820191974013,1.2500912644959057,9.760329174579233,11.247806901817485,0.7839003162306238
2025-01-03 18:00:00,18,4,3,19.697787464397614,29.479840516255724,1.0,2,45.0,180,2.0,0.45,1,0,1.0,30.07253281595633,0.47817373085132786,-7.89096181908317,-10.374745351558715,29.459905030220884,0.6897542944095638,6.5734609637910255,9.505728126502095,0.5279471661331123
2025-01-03 19:00:00,19,4,3,18.991200978146477,32.01260268070805,0.0,2,45.0,180,2.0,0.45,0,0,0.0,29.402797058507435,-0.669735757448894,2.5327621644523255,-10.411596080360958,29.689896319856256,0.34493770251898187,4.465440589506172,5.016584483194339,0.35864162238911945
2025-01-03 20:00:00,20,4,3,18.447444768334815,36.023529456783166,0.0,2,45.0,180,2.0,0.45,0,0,0.0,28.626669518860258,-0.7761275396471774,4.010926776075117,-10.179224750525442,29.36733313110801,0.7235837450372009,4.670858264046699,3.4545309369155843,0.375139731945821
2025-01-03 21:00:00,21,4,3,19.495143627993265,45.164997779248395,0.0,2,45.0,180,2.0,0.45,0,0,0.0,28.56802553300613,-0.058643985854129,9.14146832246523,-9.072881905012864,28.86583070345794,0.46595002855491274,6.065074018439837,5.949603593832201,0.48711609577676884
2025-01-03 22:00:00,22,4,3,14.621994483731234,39.61183620084989,0.0,2,45.0,180,2.0,0.45,0,0,0.0,27.949346885523575,-0.6186786474825539,-5.553161578398502,-13.327352401792341,28.38134731246332,0.3752706435708454,4.920109871078634,5.096025671282675,0.39515836144883143
2025-01-03 23:00:00,23,4,3,13.942074807092704,39.379371428890295,0.0,2,45.0,180,2.0,0.45,0,0,0.0,27.15716406447523,-0.7921828210483461,-0.2324647719595987,-13.215089257382525,27.891512161001646,0.7072065910089296,4.178771126677537,6.880631395202739,0.3356177797967698
2025-01-04 00:00:00,0,5,4,14.396143816512653,47.079756279227915,0.0,2,45.0,180,2.0,0.45,0,0,0.0,26.35256761159131,-0.8045964528839171,7.70038485033762,-11.956423795078658,27.1530261871967,0.7983976790647611,5.182323376960128,5.200026774363498,0.4162180251654811
2025-01-04 01:00:00,1,5,4,13.511081896400654,55.1144758647142,0.0,2,45.0,180,2.0,0.45,0,0,0.0,25.81188717204936,-0.5406804395419513,8.034719585486286,-12.300805275648706,26.440539616038635,0.6769392768176774,5.257045387849369,3.9301582715801047,0.42221931947817926
2025-01-04 02:00:00,2,5,4,16.493825018185564,55.81774443775508,0.0,2,45.0,180,2.0,0.45,0,0,0.0,25.477148357829808,-0.334738814219552,0.7032685730408801,-8.983323339644244,25.88053438049016,0.4417284764241181,5.712793927801654,6.160877829603065,0.45882273911700944
2025-01-04 03:00:00,3,5,4,16.03109248961773,66.90541944062952,0.0,2,45.0,180,2.0,0.45,0,0,0.0,24.84569057220157,-0.6314577856282391,11.087675002874434,-8.814598082583839,25.37824203402691,0.4906330737479654,3.602119804917777,4.568194011484606,0.2893040596960571
2025-01-04 04:00:00,4,5,4,18.265785753447247,76.92981363573288,0.0,2,45.0,180,2.0,0.45,0,0,0.0,24.358448969313244,-0.4872416028883251,10.024394195103369,-6.092663215865997,24.893762633114875,0.5608968467972114,3.932582316104656,4.334097450941407,0.31584513862774466
2025-01-04 05:00:00,5,5,4,19.47992266347274,66.53726538744483,0.0,2,45.0,180,2.0,0.45,0,0,0.0,24.324166719554455,-0.03428224975878891,-10.392548248288051,-4.844244056081717,24.509435420356425,0.29170955335543614,6.656040884008288,5.644349482106053,0.5345795680136978
2025-01-04 06:00:00,6,5,4,20.15407806388819,66.62967516583386,0.0,2,45.0,180,2.0,0.45,0,0,0.0,24.274217016935182,-0.049949702619272784,0.09240977838902609,-4.120138953046993,24.318944235267626,0.04235813035124014,4.304667346156994,4.604889800211928,0.3457291279385133
2025-01-04 07:00:00,7,5,4,22.382465576617122,74.73905825369293,0.0,2,45.0,180,2.0,0.45,0,0,0.0,24.363780721265936,0.08956370433075378,8.109383087859072,-1.9813151446488142,24.320721485918522,0.04488113756768145,4.2315366563534385,4.4250078458696125,0.3398556404937989
2025-01-04 08:00:00,8,5,4,20.52611795989556,66.05388023162801,0.3,2,45.0,180,2.0,0.45,0,0,0.0,24.429358839465166,0.06557811819923032,-8.685178022064918,-3.903240879569605,24.355785525888763,0.07787932097946099,5.305015074896591,10.326872461108543,0.42607200233069403
2025-01-04 09:00:00,9,5,4,21.142956885686566,69.28658767325312,0.3,2,45.0,180,2.0,0.45,0,0,0.0,24.796420632651724,0.36706179318655785,3.2327074416251094,-3.6534637469651585,24.529853397794273,0.2331709467776612,4.903439062296667,25.703195914610458,0.39381944633211174
2025-01-04 10:00:00,10,5,4,25.82742115096785,62.46884135279899,0.3,2,45.0,180,2.0,0.45,0,0,0.0,25.014238542925796,0.21781791027407138,-6.817746320454134,0.8131826080420552,24.746672671680898,0.295596366005229,3.897492290258655,13.28480221371456,0.3130268850765363
2025-01-04 11:00:00,11,5,4,23.318584495233353,52.35720234966572,0.3,2,45.0,180,2.0,0.45,0,0,0.0,25.45744648852604,0.4432079456002427,-10.11163900313327,-2.138861993292686,25.089368554701185,0.33685632625124556,5.482945307374949,7.148907106116425,0.44036245944663305
2025-01-04 12:00:00,12,5,4,24.217263083534853,54.493659896274146,0.3,2,45.0,180,2.0,0.45,0,0,0.0,25.193268305800835,-0.2641781827252032,2.136457546608426,-0.9760052222659823,25.221651112417558,0.22296302057569428,5.264200660075885,24.377205637195143,0.42279399478479607
2025-01-04 13:00:00,13,5,4,26.693888167949346,34.84675353939402,0.3,2,45.0,180,2.0,0.45,0,0,0.0,25.042387454091752,-0.15088085170908272,-19.646906356880123,1.651500713857594,25.231034082806207,0.21009091115717807,3.999685238379055,14.17271344580736,0.3212345062453761
2025-01-04 14:00:00,14,5,4,25.267539708717408,33.53597531484166,0.3,2,45.0,180,2.0,0.45,0,0,0.0,25.350763295970438,0.3083758418786857,-1.3107782245523651,-0.08322358725303047,25.195473018621005,0.15419974232281122,5.928654346832175,12.181499738900746,0.47615955713954256
2025-01-04 15:00:00,15,5,4,25.435366498647266,37.06335450813365,0.3,2,45.0,180,2.0,0.45,0,0,0.0,25.38429911876247,0.03353582279203238,3.527379193291992,0.05106737988479537,25.259149956274886,0.1884692272413793,4.8651261638540175,23.474718735513814,0.3907423479404789
2025-01-04 16:00:00,16,5,4,21.71478136947239,34.23301018508129,0.3,2,45.0,180,2.0,0.45,0,0,0.0,25.12672170707459,-0.25757741168787973,-2.8303443230523584,-3.4119403376022,25.287261373935834,0.14003892790713826,5.741186979580112,12.367706506993427,0.4611031255537554
2025-01-04 17:00:00,17,5,4,21.658057343284188,25.841672587259858,0.3,2,45.0,180,2.0,0.45,0,0,0.0,25.393899293180212,0.26717758610562115,-8.391337597821433,-3.735841949896024,25.301640039672424,0.15155975107585212,6.311291428950633,9.760329174579233,0.5068910339482797
2025-01-04 18:00:00,18,5,4,20.778383208053377,26.555783859099236,0.3,2,45.0,180,2.0,0.45,0,0,0.0,25.322175623583757,-0.07172366959645515,0.7141112718393785,-4.54379241553038,25.280932207946183,0.13828134411139423,5.96242262897544,6.5734609637910255,0.47887165491587713
2025-01-04 19:00:00,19,5,4,18.954419813279575,28.783601954390704,0.0,2,45.0,180,2.0,0.45,0,0,0.0,24.81068065564242,-0.511494967941335,2.227818095291468,-5.856260842362847,25.175585190802128,0.3180449041095393,6.422852839649542,4.465440589506172,0.5158510826886213
2025-01-04 20:00:00,20,5,4,16.07288235967534,27.930170573306754,0.0,2,45.0,180,2.0,0.45,0,0,0.0,24.498552547011588,-0.3121281086308336,-0.8534313810839507,-8.425670187336248,24.877136275412585,0.41581366633949246,4.753007727464648,4.670858264046699,0.3817375617115658
2025-01-04 21:00:00,21,5,4,18.902942616591265,31.639007084497802,0.0,2,45.0,180,2.0,0.45,0,0,0.0,24.31909404870783,-0.17945849830375948,3.7088365111910484,-5.416151432116564,24.542775750453945,0.24875915424615025,5.792686358656074,6.065074018439837,0.46523929543299186
2025-01-04 22:00:00,22,5,4,14.457014253554291,40.03369290438642,0.0,2,45.0,180,2.0,0.45,0,0,0.0,23.844197881019213,-0.4748961676886161,8.394685819888618,-9.387183627464921,24.220614825579542,0.33811037438583413,3.9777144225008456,4.920109871078634,0.3194699213418638
2025-01-04 23:00:00,23,5,4,12.798118731244486,45.54062820388998,0.0,2,45.0,180,2.0,0.45,0,0,0.0,23.318769326575655,-0.5254285544435575,5.50693529950356,-10.520650595331169,23.8273537521009,0.5003750402811238,4.030107676523733,4.178771126677537,0.3236778827397091
2025-01-05 00:00:00,0,6,5,15.66630369229778,56.7026314528521,0.0,2,45.0,180,2.0,0.45,0,0,0.0,22.866803725817853,-0.4519656007578021,11.162003248962122,-7.200500033520074,23.34325697780424,0.48915699673247914,3.595088120880769,5.182323376960128,0.2887393103682782
2025-01-05 01:00:00,1,6,5,15.147633034494032,52.74547121673909,0.0,2,45.0,180,2.0,0.45,0,0,0.0,22.459917531020626,-0.4068861947972273,-3.957160236113012,-7.312284496526594,22.881830194471377,0.4296230298203824,5.017972391732232,5.257045387849369,0.40301818456701927
2025-01-05 02:00:00,2,6,5,16.798578900794098,58.92835343082688,0.0,2,45.0,180,2.0,0.45,0,0,0.0,22.297683467360095,-0.16223406366053084,6.18288221408779,-5.499104566565997,22.541468241399524,0.293193376322022,5.631551944719742,5.712793927801654,0.4522977935859732
2025-01-05 03:00:00,3,6,5,18.992386429200124,75.36828350794839,0.0,2,45.0,180,2.0,0.45,0,0,0.0,22.12281377574385,-0.17486969161624444,16.43993007712151,-3.1304273465437262,22.293471591374857,0.1685913413547265,3.7024194276740037,3.602119804917777,0.2973596185394204
2025-01-05 04:00:00,4,6,5,15.748146037881419,68.14957548369254,0.0,2,45.0,180,2.0,0.45,0,0,0.0,21.612286507890005,-0.5105272678538455,-7.218708024255847,-5.864140470008586,22.010927916997986,0.3561335171716633,6.0605928365228765,3.932582316104656,0.4867561898905061
2025-01-05 05:00:00,5,6,5,19.668926429802745,82.38180718576616,0.0,2,45.0,180,2.0,0.45,0,0,0.0,21.35270762061391,-0.25957888727609557,14.23223170207362,-1.683781190811164,21.69593596808259,0.3918083672983655,4.76839786613973,6.656040884008288,0.3829736198770682
2025-01-05 06:00:00,6,6,5,20.383612674597014,69.19433028668332,0.0,2,45.0,180,2.0,0.45,0,0,0.0,21.464718717587083,0.11201109697317335,-13.187476899082839,-1.0811060429900685,21.476570948697,0.13019468582264832,5.29784639379146,4.304667346156994,0.42549625009070763
2025-01-05 07:00:00,7,6,5,19.223761503476844,72.56236788669241,0.0,2,45.0,180,2.0,0.45,0,0,0.0,21.330486677530036,-0.13423204005704648,3.368037600009089,-2.1067251740531923,21.38263767191034,0.07194731490678606,5.48402209686728,4.2315366563534385,0.44044894173718435
2025-01-05 08:00:00,8,6,5,22.15082732170835,67.10219938734043,1.0,2,45.0,180,2.0,0.45,0,0,0.0,21.971950021640897,0.6414633441108606,-5.46016849935198,0.17887730006745173,21.589051805586006,0.3383235774193927,5.24391578180413,5.305015074896591,0.42116481587007837
2025-01-05 09:00:00,9,6,5,22.250839786505093,71.67343197818272,1.0,2,45.0,180,2.0,0.45,0,0,0.0,22.464672944975916,0.49272292333501966,4.5712325908422855,-0.2138331584708233,21.92236988138228,0.568716330912545,3.97305011317834,4.903439062296667,0.31909530758780796
2025-01-05 10:00:00,10,6,5,23.168763114965753,64.14126617283438,1.0,2,45.0,180,2.0,0.45,0,0,0.0,22.99728548816967,0.5326125431937534,-7.532165805348342,0.17147762679608292,22.47796948492883,0.5127970390040887,4.564954130638036,3.897492290258655,0.3666340471288168
2025-01-05 11:00:00,11,6,5,26.893957770900865,59.43662589294533,1.0,2,45.0,180,2.0,0.45,0,0,0.0,23.53587177414569,0.5385862859760202,-4.704640279889048,3.3580859967551753,22.999276735763758,0.5356021907197428,3.9248785699696276,5.482945307374949,0.31522641266846685
2025-01-05 12:00:00,12,6,5,25.360045523291724,43.35040367675837,1.0,2,45.0,180,2.0,0.45,0,0,0.0,23.87797684316663,0.3421050690209384,-16.08622221618696,1.4820686801250957,23.470378035160664,0.44398354482588037,4.742915969136543,5.264200660075885,0.38092704268057564
2025-01-05 13:00:00,13,6,5,24.472014023359062,48.3537536314233,1.0,2,45.0,180,2.0,0.45,0,0,0.0,24.57425012204693,0.6962732788803017,5.003349954664934,-0.1022360986878681,23.996032913119752,0.5291600184131386,6.36527653390653,3.999685238379055,0.5112268447687683
2025-01-05 14:00:00,14,6,5,26.25447225231716,35.729885322524495,1.0,2,45.0,180,2.0,0.45,0,0,0.0,25.218633365414682,0.6443832433677521,-12.623868308898807,1.0358388869024786,24.55695344354275,0.670495606978081,4.682913105072531,5.928654346832175,0.3761079158588054
2025-01-05 15:00:00,15,6,5,21.61807763130938,32.61629422104325,1.0,2,45.0,180,2.0,0.45,0,0,0.0,25.304631831234,0.08599846581931914,-3.113591101481248,-3.686554199924622,25.03250510623187,0.39918311202812945,5.393546983228285,4.8651261638540175,0.4331824378187172
2025-01-05 16:00:00,16,6,5,25.091460789485783,38.5306612663461,1.0,2,45.0,180,2.0,0.45,0,0,0.0,25.79019770411832,0.48556587288431885,5.914367045302853,-0.6987369146325371,25.437820966922335,0.30818169594960426,4.880027407576235,5.741186979580112,0.39193914053396023
2025-01-05 17:00:00,17,6,5,22.00242813412435,25.279415052945136,1.0,2,45.0,180,2.0,0.45,0,0,0.0,26.207716500849426,0.41751879673110537,-13.251246213400965,-4.205288366725075,25.767515345400582,0.45196940955250425,4.485390536731647,6.311291428950633,0.3602439013347482
2025-01-05 18:00:00,18,6,5,21.6960651810979,25.477180149899386,1.0,2,45.0,180,2.0,0.45,0,0,0.0,26.584744062046948,0.37702756119752223,0.1977650969542495,-4.888678880949048,26.194219422338232,0.3974450994421184,3.689176792120921,5.96242262897544,0.2962960369724354
2025-01-05 19:00:00,19,6,5,21.87280204864229,38.63235092076005,0.0,2,45.0,180,2.0,0.45,0,0,0.0,26.21359761210187,-0.3711464499450763,13.15517077086066,-4.340795563459583,26.335352724999414,0.21599925026038816,5.9817052723833495,6.422852839649542,0.48042033939104745
2025-01-05 20:00:00,20,6,5,14.697447486960568,33.26302965120019,0.0,2,45.0,180,2.0,0.45,0,0,0.0,25.71652504240212,-0.4970725696997498,-5.369321269559855,-11.019077555441553,26.171622238850315,0.435628873569983,4.91078360217982,4.753007727464648,0.3944093226604601
2025-01-05 21:00:00,21,6,5,20.062259091692194,35.794147241416916,0.0,2,45.0,180,2.0,0.45,0,0,0.0,25.835196194678506,0.11867115227638436,2.5311175902167236,-5.772937102986312,25.921772949727497,0.259599568129413,4.17279116480573,5.792686358656074,0.33513749947850296
2025-01-05 22:00:00,22,6,5,18.043054261028676,36.4317699604041,0.0,2,45.0,180,2.0,0.45,0,0,0.0,25.475732062828552,-0.35946413184995407,0.6376227189871813,-7.432677801799876,25.675817766636396,0.1831568378378173,6.117024705209567,3.9777144225008456,0.49128851240932003
2025-01-05 23:00:00,23,6,5,18.512139211347222,45.654334040682166,0.0,2,45.0,180,2.0,0.45,0,0,0.0,25.0120909892787,-0.4636410735498515,9.222564080278069,-6.499951777931479,25.441006415595254,0.41264990939146096,5.437697230545987,4.030107676523733,0.4367283625734013
2025-01-06 00:00:00,0,0,6,18.633123893236068,50.269250598162024,0.0,2,45.0,180,2.0,0.45,0,0,0.0,24.816508045192975,-0.19558294408572507,4.614916557479859,-6.183384151956908,25.101443699100077,0.33857348747517874,5.722274509697444,3.595088120880769,0.4595841715454891
2025-01-06 01:00:00,1,0,6,15.192293289111324,58.25523991103002,0.0,2,45.0,180,2.0,0.45,0,0,0.0,24.45311552369779,-0.36339252149518586,7.985989312867993,-9.260822234586465,24.760571519389824,0.28365483244506123,5.916939275695506,5.017972391732232,0.47521866182705474
2025-01-06 02:00:00,2,0,6,17.92952798376396,63.46470001029683,0.0,2,45.0,180,2.0,0.45,0,0,0.0,23.90957892618671,-0.5435365975110784,5.209460099266813,-5.98005094242275,24.39306749835916,0.45643666672997024,6.729576996377354,5.631551944719742,0.5404856169501022
2025-01-06 03:00:00,3,0,6,16.047097378398878,64.61697181143019,0.0,2,45.0,180,2.0,0.45,0,0,0.0,23.869954179747012,-0.039624746439699265,1.1522718011333595,-7.822856801348134,24.077549543210505,0.3258525501005529,5.786548751043219,3.7024194276740037,0.4647463538054546
2025-01-06 04:00:00,4,0,6,19.933679157395527,72.16127724167933,0.0,2,45.0,180,2.0,0.45,0,0,0.0,23.967788664372133,0.09783448462512112,7.544305430249139,-4.0341095069766055,23.915773923435285,0.0492105688704085,4.747437876526872,6.0605928365228765,0.3812902194310563
2025-01-06 05:00:00,5,0,6,20.676368945112188,60.90448525956374,0.0,2,45.0,180,2.0,0.45,0,0,0.0,23.66867746734489,-0.2991111970272442,-11.256791982115587,-2.992308522232701,23.835473437154675,0.152507600643243,5.499521475157534,4.76839786613973,0.4416937734765434
2025-01-06 06:00:00,6,0,6,23.189900070229548,73.4246795446715,0.0,2,45.0,180,2.0,0.45,0,0,0.0,23.32059269511669,-0.3480847722281979,12.520194285107763,-0.13069262488714273,23.6523529422779,0.32390665822737286,4.530589008960106,5.29784639379146,0.3638740142171406
2025-01-06 07:00:00,7,0,6,21.20792772412197,68.76594933507788,0.0,2,45.0,180,2.0,0.45,0,0,0.0,23.370442666498416,0.04984997138172531,-4.658730209593628,-2.162514942376447,23.453237609653332,0.1882339080060106,3.4500632398821587,5.48402209686728,0.2770916447985337
2025-01-06 08:00:00,8,0,6,23.624564410033326,63.697860743355555,1.0,2,45.0,180,2.0,0.45,4,0,0.0,24.68571738310938,1.3152747166109648,-5.068088591722322,-1.0611529730760552,23.792250914908163,0.7741660043308292,10.035232368618022,5.24391578180413,0.8059791515737059
2025-01-06 09:00:00,9,0,6,26.643983489755968,57.56870150896194,1.0,2,45.0,180,2.0,0.45,4,1,1.0,25.060118943243044,0.37440156013366277,-6.129159234393619,1.583864546512924,24.372092997616946,0.887424177848407,26.519082101389607,3.97305011317834,2.129878662245156
2025-01-06 10:00:00,10,0,6,23.513716666347076,59.8739117440523,1.0,2,45.0,180,2.0,0.45,4,0,1.0,26.321767909245278,1.2616489660022339,2.305210235090364,-2.808051242898202,25.355868078532566,0.8571849242057613,12.203249762381324,4.564954130638036,0.9801033527318918
2025-01-06 11:00:00,11,0,6,26.884378696189437,56.868023408116215,1.0,2,45.0,180,2.0,0.45,3,1,2.0,25.641743369439823,-0.680024539805455,-3.005888335936085,1.242635326749614,25.674543407309383,0.6314637045917046,24.63132705738975,3.9248785699696276,1.9782637167357764
2025-01-06 12:00:00,12,0,6,27.866370209918905,44.81683320893047,1.0,2,45.0,180,2.0,0.45,5,1,3.0,25.595049142451828,-0.04669422698799508,-12.051190199185747,2.2713210674670776,25.85285347371231,0.4067623982090412,28.665189124524513,4.742915969136543,2.3022431331568396
2025-01-06 13:00:00,13,0,6,25.564537433576298,41.13334745705761,1.0,2,45.0,180,2.0,0.45,2,1,3.0,24.586348454520714,-1.008700687931114,-3.6834857518728583,0.9781889790555844,25.274380322137457,0.5963103016471487,20.476028540113973,6.36527653390653,1.6445311383091323
2025-01-06 14:00:00,14,0,6,23.306237829106397,51.107581974107966,1.0,2,45.0,180,2.0,0.45,5,0,3.0,25.69654671527187,1.110198260751158,9.974234517050355,-2.3903088861654744,25.29264810408147,0.6137750691818649,13.267327523913313,4.682913105072531,1.0655647013031462
2025-01-06 15:00:00,15,0,6,23.29519288822053,33.00115593362664,1.0,2,45.0,180,2.0,0.45,4,0,2.0,27.009665390225464,1.3131186749535928,-18.106426040481324,-3.7144725020049343,25.76418685333935,1.2130736308759573,9.968773985418224,5.393546983228285,0.8006415500774179
2025-01-06 16:00:00,16,0,6,23.55239626408414,39.847698182988665,1.0,2,45.0,180,2.0,0.45,4,0,1.0,27.77151797834489,0.7618525881194245,6.846542249362024,-4.219121714260748,26.825910027947405,1.0496194360429048,10.864320197804977,4.880027407576235,0.8725672962825275
2025-01-06 17:00:00,17,0,6,22.43411192439428,35.22214727147007,1.0,2,45.0,180,2.0,0.45,1,0,0.0,28.757673913152818,0.986155934807929,-4.625550911518594,-6.323561988758538,27.846285760574393,0.87639951791472,7.219008234061309,4.485390536731647,0.579794260657822
2025-01-06 18:00:00,18,0,6,21.087554542157566,32.17912115870698,1.0,2,45.0,180,2.0,0.45,1,0,0.0,29.013897662899314,0.2562237497464963,-3.043026112763094,-7.926343120741748,28.51436318479901,0.6559549550443773,7.270104874157219,3.689176792120921,0.5838980845773912
2025-01-06 19:00:00,19,0,6,19.325318218619206,30.564844836929698,0.0,2,45.0,180,2.0,0.45,0,0,0.0,28.420098938189366,-0.5937987247099485,-1.6142763217772789,-9.09478071957016,28.730556838080503,0.29782668313463934,5.6422181056107,5.9817052723833495,0.4531544457281126
2025-01-06 20:00:00,20,0,6,22.09304184881826,34.90081984100288,0.0,2,45.0,180,2.0,0.45,0,0,0.0,27.897788303539755,-0.5223106346496103,4.33597500407318,-5.804746454721496,28.44392830154281,0.5584361238590431,5.200824164718355,4.91078360217982,0.4177039149459162
2025-01-06 21:00:00,21,0,6,19.487286501897866,43.60116298624878,0.0,2,45.0,180,2.0,0.45,0,0,0.0,27.77940854500428,-0.11837975853547533,8.700343145245903,-8.292122043106414,28.032431928911137,0.34090720785812423,4.670468007455381,4.17279116480573,0.37510838850853795
2025-01-06 22:00:00,22,0,6,17.85558844916951,36.02235086997484,0.0,2,45.0,180,2.0,0.45,0,0,0.0,26.964519406620745,-0.8148891383835348,-7.578812116273944,-9.108930957451236,27.547238751721594,0.5081090612985142,6.524230212538919,6.117024705209567,0.523993200976352
2025-01-06 23:00:00,23,0,6,13.996758228296045,50.58005068774433,0.0,2,45.0,180,2.0,0.45,0,0,0.0,26.36831400177956,-0.5962054048411858,14.557699817769496,-12.371555773483514,27.03741398446819,0.7083658426894833,5.041417637144561,5.437697230545987,0.404901188199796
2025-01-07 00:00:00,0,1,7,15.505666605470378,60.13490608327024,0.0,2,45.0,180,2.0,0.45,0,0,0.0,25.546044382209995,-0.822269619569564,9.554855395525905,-10.040377776739618,26.29295926353677,0.7122335299260223,5.7068052189799445,5.722274509697444,0.45834175628792845
2025-01-07 01:00:00,1,1,7,16.652154709009217,62.77545061539599,0.0,2,45.0,180,2.0,0.45,0,0,0.0,24.983698260643887,-0.5623461215661081,2.6405445321257517,-8.33154355163467,25.632685548211146,0.69636212302551,5.284967524755953,5.916939275695506,0.42446188441214827
2025-01-07 02:00:00,2,1,7,17.672386338453887,61.24734283375345,0.0,2,45.0,180,2.0,0.45,0,0,0.0,24.603764601493427,-0.37993365915045985,-1.5281077816425395,-6.931378263039541,25.04450241478244,0.4740734702101566,7.572449962253564,6.729576996377354,0.6081809141756785
2025-01-07 03:00:00,3,1,7,18.00007935593745,55.71823515956659,0.0,2,45.0,180,2.0,0.45,0,0,0.0,24.03156195519156,-0.5722026463018679,-5.529107674186861,-6.031482599254108,24.53967493910962,0.4792927077041425,3.3037874070084863,5.786548751043219,0.26534350909577314
2025-01-07 04:00:00,4,1,7,19.672591574775694,71.82419054975392,0.0,2,45.0,180,2.0,0.45,0,0,0.0,23.596693363478256,-0.43486859171330394,16.105955390187333,-3.9241017887025613,24.077339973387748,0.5050938920851759,5.005887314837431,4.747437876526872,0.40204757226183396
2025-01-07 05:00:00,5,1,7,21.960568347518887,66.74497061967743,0.0,2,45.0,180,2.0,0.45,0,0,0.0,23.61803396129509,0.021340597816834617,-5.079219930076491,-1.6574656137762034,23.74876309332164,0.24514333049241452,5.725657070061339,5.499521475157534,0.4598558417004089
2025-01-07 06:00:00,6,1,7,19.183190635181113,76.2425438265752,0.0,2,45.0,180,2.0,0.45,0,0,0.0,23.526627732033557,-0.09140622926153341,9.49757320689777,-4.343437096852444,23.5804516856023,0.04781860267771643,5.495835760432055,4.530589008960106,0.44139775549526833
2025-01-07 07:00:00,7,1,7,24.71193690906916,60.243790174096866,0.0,2,45.0,180,2.0,0.45,0,0,0.0,23.451480602070053,-0.07514712996350426,-15.998753652478335,1.2604563069991066,23.53204743179957,0.08340884381394117,5.920715344956606,3.4500632398821587,0.4755219366280312
2025-01-07 08:00:00,8,1,7,24.75471190035151,73.63183234093334,1.0,2,45.0,180,2.0,0.45,2,1,1.0,23.708364317435933,0.2568837153658805,13.388042166836478,1.0463475829155762,23.562157550513177,0.1320760644699397,21.931695849652062,10.035232368618022,1.761442980508623
2025-01-07 09:00:00,9,1,7,21.34238916791407,62.23932555217872,1.0,2,45.0,180,2.0,0.45,2,0,1.0,24.72901370608399,1.0206493886480565,-11.392506788754623,-3.3866245381699187,23.96295287519666,0.6757471481773393,8.841037431957252,26.519082101389607,0.7100674490332284
2025-01-07 10:00:00,10,1,7,26.10407999099155,59.54701096363835,1.0,2,45.0,180,2.0,0.45,3,1,2.0,24.76787101511583,0.03885730903184026,-2.69231458854037,1.3362089758757207,24.40174967954525,0.6008035601648968,22.696422125978156,12.203249762381324,1.8228619305378093
2025-01-07 11:00:00,11,1,7,25.702321784200894,55.07541868946239,1.0,2,45.0,180,2.0,0.45,3,1,3.0,24.68406434535952,-0.08380666975631001,-4.471592274175961,1.018257438841374,24.726983022186445,0.04194022212192026,23.09788933654173,24.63132705738975,1.8551057481066546
2025-01-07 12:00:00,12,1,7,24.517382572718134,52.78669305106508,1.0,2,45.0,180,2.0,0.45,2,1,3.0,24.426936091435973,-0.2571282539235469,-2.2887256383973096,0.09044648128216082,24.62629048397044,0.17765843588444943,19.029563036793014,28.665189124524513,1.528358338684383
2025-01-07 13:00:00,13,1,7,24.61076068355062,55.48146976406211,1.0,2,45.0,180,2.0,0.45,2,1,4.0,24.455639709316458,0.0287036178804847,2.694776712997033,0.15512097423416193,24.522213382037318,0.14089987638749313,20.73943512966438,20.476028540113973,1.6656866244769128
2025-01-07 14:00:00,14,1,7,26.042802949883573,28.00430798408073,1.0,2,45.0,180,2.0,0.45,2,1,4.0,24.275109729779704,-0.18052997953675387,-27.477161779981383,1.7676932201038689,24.385895176844045,0.09701049366281889,22.788399378071414,13.267327523913313,1.830249078625982
2025-01-07 15:00:00,15,1,7,25.84542978779059,35.80715593791384,1.0,2,45.0,180,2.0,0.45,3,1,4.0,24.48238179539014,0.20727206561043587,7.802847953833112,1.3630479924004497,24.4043770781621,0.11274449126306162,27.166130445663313,9.968773985418224,2.1818463154482592
2025-01-07 16:00:00,16,1,7,24.253018971510443,33.634335409246525,1.0,2,45.0,180,2.0,0.45,1,1,4.0,23.99019086871049,-0.49219092667965114,-2.172820528667316,0.26282810279995417,24.249227464626774,0.24711413519554784,19.814244307859656,10.864320197804977,1.5913799730501017
2025-01-07 17:00:00,17,1,7,20.81121140744595,30.006120423666278,1.0,2,45.0,180,2.0,0.45,3,0,3.0,25.259934712529105,1.2697438438186168,-3.6282149855802466,-4.448723305083156,24.57750245887658,0.6401939649007171,9.89049784041845,7.219008234061309,0.7943548056735046
2025-01-07 18:00:00,18,1,7,24.001557654522536,25.6289052291783,1.0,2,45.0,180,2.0,0.45,4,1,3.0,25.04583388625563,-0.21410082627347649,-4.377215194487977,-1.0442762317330931,24.76531982249841,0.6797635340343826,24.102786718787538,7.270104874157219,1.9358140276771307
2025-01-07 19:00:00,19,1,7,18.49664485834029,30.006971495974067,0.0,2,45.0,180,2.0,0.45,0,0,2.0,24.956736806592506,-0.08909707966312297,4.378066266795766,-6.4600919482522166,25.087501801792413,0.15583454023374754,4.24600204292877,5.6422181056107,0.34101742724381284
2025-01-07 20:00:00,20,1,7,18.706671709905915,26.889835592458528,0.0,2,45.0,180,2.0,0.45,0,0,1.0,24.82262015622914,-0.13411665036336728,-3.117135903515539,-6.115948446323223,24.94173028302576,0.11236097690101378,3.923525621844072,5.200824164718355,0.31511775071204134
2025-01-07 21:00:00,21,1,7,16.780641168423216,28.94877674801273,0.0,2,45.0,180,2.0,0.45,0,0,1.0,24.47249706931007,-0.35012308691906924,2.0589411555542014,-7.6918559008868534,24.75061801071057,0.25002052417791,5.948662049848714,4.670468007455381,0.4777664747384451
2025-01-07 22:00:00,22,1,7,16.870479398950767,46.72609630979508,0.0,2,45.0,180,2.0,0.45,0,0,0.0,23.966424544651513,-0.5060725246585562,17.777319561782353,-7.095945145700746,24.420513923396907,0.43045838000365283,5.33249102147334,6.524230212538919,0.4282787315121591
2025-01-07 23:00:00,23,1,7,16.91484396234451,49.555502164581675,0.0,2,45.0,180,2.0,0.45,0,0,0.0,23.57768917752776,-0.3887353671237541,2.829405854786593,-6.66284521518325,24.005536930496447,0.4486843264966411,4.890143911289052,5.041417637144561,0.3927516469892015
2025-01-08 00:00:00,0,2,8,15.205278747181715,54.463210247491496,0.0,2,45.0,180,2.0,0.45,0,0,0.0,23.24254873768961,-0.335140439838149,4.907708082909821,-8.037269990507895,23.595554153289626,0.36226842809624776,5.853883227755361,5.7068052189799445,0.47015431870538293
2025-01-08 01:00:00,1,2,8,15.603346434589696,46.742333458946014,0.0,2,45.0,180,2.0,0.45,0,0,0.0,23.11558263481882,-0.1269661028707887,-7.720876788545482,-7.512236200229125,23.311940183345396,0.23874043174788045,4.708708225023996,5.284967524755953,0.37817964953965555
2025-01-08 02:00:00,2,2,8,18.78354408617218,58.508547425443005,0.0,2,45.0,180,2.0,0.45,0,0,0.0,23.235079902911163,0.11949726809234207,11.766213966496991,-4.451535816738982,23.19773709180653,0.07124578566736027,4.107847740763314,7.572449962253564,0.32992157184600646
2025-01-08 03:00:00,3,2,8,17.585536955350147,68.33390994362831,0.0,2,45.0,180,2.0,0.45,0,0,0.0,22.92242350578812,-0.3126563971230425,9.825362518185308,-5.336886550437974,23.091028681172702,0.15776779818817868,6.429358912949786,3.3037874070084863,0.5163736176181568
2025-01-08 04:00:00,4,2,8,18.259808460168735,67.3337185641862,0.0,2,45.0,180,2.0,0.45,0,0,0.0,22.760165824802684,-0.16225768098543725,-1.0001913794421142,-4.500357364633949,22.97255641116732,0.24139350974630663,2.519491377311437,5.005887314837431,0.2023528153700727
2025-01-08 05:00:00,5,2,8,15.66540641615713,75.74343082323144,0.0,2,45.0,180,2.0,0.45,0,0,0.0,22.55955365876921,-0.20061216603347276,8.409712259045236,-6.894147242612082,22.74738099645334,0.18177244110628016,5.832956323406577,5.725657070061339,0.46847357550058766
2025-01-08 06:00:00,6,2,8,20.260519381163572,76.22226084329246,0.0,2,45.0,180,2.0,0.45,0,0,0.0,22.321785232938034,-0.2377684258311774,0.47883002006102515,-2.0612658517744613,22.547168238836644,0.21945257984583175,4.565176735028911,5.495835760432055,0.3666519255885778
2025-01-08 07:00:00,7,2,8,22.852748802116388,69.51655074506714,0.0,2,45.0,180,2.0,0.45,0,0,0.0,22.5978412192632,0.27605598632516504,-6.705710098225325,0.25490758285318904,22.493060036990148,0.14955861125115413,5.132506704696278,5.920715344956606,0.4122170017939642
2025-01-08 08:00:00,8,2,8,22.504066936347705,62.576917641948725,1.0,2,45.0,180,2.0,0.45,5,0,0.0,23.90803297991656,1.3101917606533604,-6.93963310311841,-1.403966043568854,22.942553144039262,0.8474462885697497,11.07370034239372,21.931695849652062,0.8893836514094645
2025-01-08 09:00:00,9,2,8,24.73367095380025,67.99120692953949,1.0,2,45.0,180,2.0,0.45,1,1,1.0,23.73022587058094,-0.1778071093356175,5.414289287590762,1.003445083219308,23.412033356586903,0.7106936536879287,20.72105020069882,8.841037431957252,1.6642100398892212
2025-01-08 10:00:00,10,2,8,24.929311990164678,63.993230262993606,1.0,2,45.0,180,2.0,0.45,5,1,2.0,24.84501232543533,1.1147864548543893,-3.997976666545881,0.0842996647293468,24.16109039197761,0.5989288357817734,25.42340366600511,22.696422125978156,2.0418793072416395
2025-01-08 11:00:00,11,2,8,25.06805228336976,51.34833779487818,1.0,2,45.0,180,2.0,0.45,3,1,3.0,24.687173131467578,-0.15783919396775303,-12.64489246811543,0.3808791519021817,24.42080377582795,0.6032426420600058,24.392688230604985,23.09788933654173,1.9590974521113511
2025-01-08 12:00:00,12,2,8,24.689029398687843,40.73356480184511,1.0,2,45.0,180,2.0,0.45,4,1,4.0,24.952621471582262,0.2654483401146841,-10.614772993033064,-0.26359207289441855,24.828268976161723,0.1335138948799466,23.829477533151472,19.029563036793014,1.9138632150337567
2025-01-08 13:00:00,13,2,8,24.54781704039911,45.655787478194476,1.0,2,45.0,180,2.0,0.45,3,1,4.0,25.14835395655936,0.19573248497709983,4.922222676349364,-0.6005369161602516,24.929382853203066,0.23146698122225787,23.502900161922256,20.73943512966438,1.8876341709102131
2025-01-08 14:00:00,14,2,8,24.04137052814574,37.97581625985427,1.0,2,45.0,180,2.0,0.45,3,1,4.0,24.7083615546191,-0.43999240194026257,-7.6799712183402065,-0.6669910264733581,24.936445660920242,0.22044176346407462,20.975941066804857,22.788399378071414,1.6846815861835023
2025-01-08 15:00:00,15,2,8,25.21936855934373,41.25941103793467,1.0,2,45.0,180,2.0,0.45,5,1,4.0,25.127793895434113,0.419432340815014,3.283594778080399,0.09157466390961844,24.994836468870858,0.24830744330358548,28.75443118159606,27.166130445663313,2.309410604202966
2025-01-08 16:00:00,16,2,8,24.732254924428343,25.104539016546365,1.0,2,45.0,180,2.0,0.45,1,1,4.0,24.73299621365987,-0.3947976817742429,-16.154872021388304,-0.0007412892315272757,24.85638388790436,0.2353704755208675,19.36675340872285,19.814244307859656,1.5554397653922192
2025-01-08 17:00:00,17,2,8,23.9169491566697,36.19032407418226,1.0,2,45.0,180,2.0,0.45,4,0,3.0,26.006037663422383,1.2730414497625127,11.085785057635892,-2.0890885067526845,25.288942590838786,0.6516404758194977,13.197610890307146,9.89049784041845,1.0599654135995362
2025-01-08 18:00:00,18,2,8,18.67579892352173,35.16734787651973,1.0,2,45.0,180,2.0,0.45,5,0,2.0,26.9952190912022,0.9891814277798154,-1.0229761976625298,-8.31942016768047,25.911417656094816,1.1340757453798669,11.819934300808383,24.102786718787538,0.9493173919135088
2025-01-08 19:00:00,19,2,8,21.619932981788573,30.608597131419096,0.0,2,45.0,180,2.0,0.45,0,0,1.0,26.695275037583304,-0.2999440536188942,-4.558750745100632,-5.0753420557947315,26.565510597402625,0.507197280865742,4.2459529940957905,4.24600204292877,0.34101348788941244
2025-01-08 20:00:00,20,2,8,18.68436440355229,34.30754634819302,0.0,2,45.0,180,2.0,0.45,0,0,0.0,26.472476625302072,-0.22279841228123232,3.6989492167739257,-7.788112221749781,26.720990251362526,0.26231827153009857,5.144564397514786,3.923525621844072,0.41318541474852505
2025-01-08 21:00:00,21,2,8,19.537813091645795,35.23747835872225,0.0,2,45.0,180,2.0,0.45,0,0,0.0,26.27177002214152,-0.2007066031605511,0.9299320105292281,-6.733956930495726,26.479840561675633,0.21184851945480895,5.3115677133506205,5.948662049848714,0.4265982771380681
2025-01-08 22:00:00,22,2,8,18.060797008932262,39.3053274171087,0.0,2,45.0,180,2.0,0.45,0,0,0.0,26.053837931179416,-0.21793209096210475,4.06784905838645,-7.993040922247154,26.26602819287434,0.20937840267469401,3.817173840425318,5.33249102147334,0.30657611306902144
2025-01-08 23:00:00,23,2,8,17.914405393268787,48.02941435788804,0.0,2,45.0,180,2.0,0.45,0,0,0.0,25.67530547004814,-0.37853246113127526,8.724086940779337,-7.760900076779354,26.000304474456357,0.3018142868014343,4.786120840990545,4.890143911289052,0.38439703965539757
2025-01-09 00:00:00,0,3,9,17.477248812305838,57.54611499967018,0.0,2,45.0,180,2.0,0.45,0,0,0.0,25.29373479270612,-0.38157067734202244,9.516700641782144,-7.81648598040028,25.674292731311226,0.38005258124236735,4.205656959889771,5.853883227755361,0.33777711405488947
2025-01-09 01:00:00,1,3,9,17.710454853398744,45.193163807171054,0.0,2,45.0,180,2.0,0.45,0,0,0.0,25.084028535516914,-0.20970625718920388,-12.352951192499127,-7.37357368211817,25.351022932757058,0.299772499689304,6.902694286850289,4.708708225023996,0.5543895228859974
2025-01-09 02:00:00,2,3,9,14.466809269269913,64.23576996620672,0.0,2,45.0,180,2.0,0.45,0,0,0.0,24.288008771951098,-0.7960197635658162,19.042606159035664,-9.821199502681186,24.888590700058042,0.5305828567269378,5.560829989282275,4.107847740763314,0.44661776351318944
2025-01-09 03:00:00,3,3,9,17.586610853830813,63.98888805731875,0.0,2,45.0,180,2.0,0.45,0,0,0.0,23.871273938224423,-0.4167348337266752,-0.24688190888796413,-6.28466308439361,24.41443708189748,0.6161830219020981,5.223966736534585,6.429358912949786,0.41956260936499196
2025-01-09 04:00:00,4,3,9,18.910698492001718,66.7980034520266,0.0,2,45.0,180,2.0,0.45,0,0,0.0,23.31640393100339,-0.5548700072210337,2.8091153947078524,-4.405705439001672,23.82522888039297,0.4874362545515623,5.026997967073223,2.519491377311437,0.403743073168358
2025-01-09 05:00:00,5,3,9,17.116974779218392,62.50953746259009,0.0,2,45.0,180,2.0,0.45,0,0,0.0,23.13983691761604,-0.17656701338734848,-4.288465989436517,-6.022862138397649,23.442504928947955,0.3816754184396201,5.611427720120975,5.832956323406577,0.450681517562419
2025-01-09 06:00:00,6,3,9,22.004853629254086,70.3199254389957,0.0,2,45.0,180,2.0,0.45,0,0,0.0,23.094161172814818,-0.045675744801222606,7.8103879764056074,-1.0893075435607322,23.183467340478085,0.11736980549163141,5.549656332935745,4.565176735028911,0.4457203519006478
2025-01-09 07:00:00,7,3,9,23.508419202522486,66.23917279769074,0.0,2,45.0,180,2.0,0.45,0,0,0.0,22.74947730005955,-0.3446838727552688,-4.080752641304954,0.7589419024629365,22.994491796830136,0.2134142594499817,4.009907310816812,5.132506704696278,0.3220554914471212
2025-01-09 08:00:00,8,3,9,26.143244868502165,63.855107299473815,1.0,2,45.0,180,2.0,0.45,2,1,1.0,23.6336017275675,0.884124427507949,-2.384065498216927,2.509643140934667,23.159080066813956,0.44562298855378524,24.651440686718633,11.07370034239372,1.979879141800796
2025-01-09 09:00:00,9,3,9,23.304220681291042,64.48174669555947,1.0,2,45.0,180,2.0,0.45,2,0,1.0,24.36950011474035,0.7358983871728526,0.6266393960856504,-1.0652794334493088,23.5841930474558,0.8111407974416965,7.423035462312519,20.72105020069882,0.5961806965950789
2025-01-09 10:00:00,10,3,9,23.923003191577134,59.5070497143983,1.0,2,45.0,180,2.0,0.45,5,0,1.0,25.584549825852648,1.2150497111122966,-4.974696981161166,-1.6615466342755134,24.529217222720167,0.9852318440279336,12.450245124855813,25.42340366600511,0.9999407720738063
2025-01-09 11:00:00,11,3,9,30.03770241832985,52.16750446618798,1.0,2,45.0,180,2.0,0.45,3,1,2.0,25.90050350150415,0.3159536756515031,-7.339545248210321,4.1371989168256995,25.284851147365718,0.8083052121480262,31.154210782735408,24.392688230604985,2.5021487746651347
2025-01-09 12:00:00,12,3,9,27.268172270897896,46.963472824432785,1.0,2,45.0,180,2.0,0.45,1,1,2.0,25.38505969220015,-0.5154438093039992,-5.2040316417551935,1.8831125786977445,25.623371006518983,0.2599055466678278,22.874168009109475,23.829477533151472,1.8371375816457893
2025-01-09 13:00:00,13,3,9,25.553031345503797,43.09761338283197,1.0,2,45.0,180,2.0,0.45,3,1,3.0,24.756392322277197,-0.6286673699229546,-3.8658594416008114,0.7966390232266001,25.347318505327166,0.5729885648928442,25.84367830973012,23.502900161922256,2.0756336428000965
2025-01-09 14:00:00,14,3,9,24.586393841237058,40.34361188010668,1.0,2,45.0,180,2.0,0.45,4,1,4.0,24.744008988936425,-0.012383333340771685,-2.754001502725295,-0.15761514769936724,24.96182033447126,0.36658832794325996,24.214117494078305,20.975941066804857,1.9447555529469889
2025-01-09 15:00:00,15,3,9,25.096071215368685,36.708007886096304,1.0,2,45.0,180,2.0,0.45,1,1,4.0,24.574077818067977,-0.16993117086844833,-3.635603994010374,0.521993397300708,24.691493043093867,0.1018729013873219,19.54921462591039,28.75443118159606,1.5700941283030174
2025-01-09 16:00:00,16,3,9,23.894321080378084,37.590442416127175,1.0,2,45.0,180,2.0,0.45,4,0,3.0,25.974506644939115,1.4004288268711385,0.8824345300308707,-2.080185564561031,25.09753115064784,0.7642209522767317,11.580018743293586,19.36675340872285,0.9300485867287079
2025-01-09 17:00:00,17,3,9,20.847331010616195,31.800865139875405,1.0,2,45.0,180,2.0,0.45,5,0,2.0,27.41736848834694,1.442861843407826,-5.789577276251769,-6.570037477730747,25.988650983784677,1.4216981063731111,12.923330258086587,13.197610890307146,1.037936579275626
2025-01-09 18:00:00,18,3,9,23.08298815944315,34.045907091701295,1.0,2,45.0,180,2.0,0.45,2,0,1.0,27.943321722587044,0.5259532342401023,2.2450419518258897,-4.860333563143893,27.11173228529103,1.0193715313649345,7.936872584016869,11.819934300808383,0.637449497574062
2025-01-09 19:00:00,19,3,9,18.50701848544885,32.5138992043347,0.0,2,45.0,180,2.0,0.45,0,0,0.0,27.54664817545531,-0.39667354713173353,-1.5320078873665963,-9.03962969000646,27.635779462129765,0.27407114195060345,4.993284806575273,4.2459529940957905,0.4010354024840221
2025-01-09 20:00:00,20,3,9,22.51378980954861,31.353297288740507,0.0,2,45.0,180,2.0,0.45,0,0,0.0,27.37885158580013,-0.16779658965517896,-1.1606019155941922,-4.8650617762515225,27.62294049461416,0.2898655245162057,3.6139588705847436,5.144564397514786,0.29025491362262157
2025-01-09 21:00:00,21,3,9,17.4415186753969,35.73841403058281,0.0,2,45.0,180,2.0,0.45,0,0,0.0,27.170661355383398,-0.2081902304167329,4.385116741842303,-9.729142679986499,27.365387038879614,0.18835469926390438,5.174632140155209,5.3115677133506205,0.41560030389238267
2025-01-09 22:00:00,22,3,9,15.838729461643048,37.1664926343002,0.0,2,45.0,180,2.0,0.45,0,0,0.0,26.34645616586873,-0.824205189514668,1.4280786037173883,-10.507726704225682,26.965323035684083,0.5459697289470821,6.0848153362192665,3.817173840425318,0.488701618659584
2025-01-09 23:00:00,23,3,9,15.755436853688481,40.14391823826698,0.0,2,45.0,180,2.0,0.45,0,0,0.0,26.020257596062113,-0.32619856980661766,2.977425603966779,-10.264820742373631,26.51245837243808,0.5928952283536827,5.887861725357936,4.786120840990545,0.47288329992510175
2025-01-10 00:00:00,0,4,10,19.340977496761482,50.84556075315014,0.0,2,45.0,180,2.0,0.45,0,0,0.0,26.03866226579872,0.018404669736607815,10.701642514883162,-6.697684769037238,26.13512534257652,0.18324906717921785,3.843163987643022,4.205656959889771,0.30866351035434064
2025-01-10 01:00:00,1,4,10,18.98889050234082,46.38037214217134,0.0,2,45.0,180,2.0,0.45,0,0,0.0,25.584298616895925,-0.45436364890279535,-4.4651886109787995,-6.595408114555106,25.88107282625225,0.25717869560158324,4.71885318577999,6.902694286850289,0.3789944415207993
2025-01-10 02:00:00,2,4,10,19.226062815928287,53.65825524839973,0.0,2,45.0,180,2.0,0.45,0,0,0.0,25.18652553053777,-0.39777308635815345,7.277883106228394,-5.960462714609484,25.60316213774414,0.42638143511342447,4.209766875850289,5.560829989282275,0.33810720173569464
2025-01-10 03:00:00,3,4,10,17.58196106898941,69.39641536665282,0.0,2,45.0,180,2.0,0.45,0,0,0.0,25.02981127069571,-0.15671425984206167,15.738160118253084,-7.447850201706299,25.266878472709802,0.2858434899744979,4.576034011937178,5.223966736534585,0.3675239272034374
2025-01-10 04:00:00,4,4,10,20.032898652429836,63.686920865876324,0.0,2,45.0,180,2.0,0.45,0,0,0.0,24.808800829528426,-0.22101044116728374,-5.7094945007764935,-4.77590217709859,25.008379210253974,0.189772198567687,3.551179902513854,5.026997967073223,0.2852128241558466
2025-01-10 05:00:00,5,4,10,19.482690544260734,58.68977752961901,0.0,2,45.0,180,2.0,0.45,0,0,0.0,24.6968925022142,-0.11190832731422518,-4.9971433362573165,-5.214201957953467,24.84516820081278,0.16941270870979114,4.828468589672066,5.611427720120975,0.3877981968284117
2025-01-10 06:00:00,6,4,10,17.57252910749864,75.49234492054764,0.0,2,45.0,180,2.0,0.45,0,0,0.0,24.262372864168775,-0.43451963804542615,16.80256739092863,-6.689843756670136,24.589355398637135,0.28865039722136615,4.527748954665594,5.549656332935745,0.3636459154082009
2025-01-10 07:00:00,7,4,10,23.712379694459827,60.96916397101354,0.0,2,45.0,180,2.0,0.45,0,0,0.0,24.20106972085283,-0.06130314331594633,-14.523180949534094,-0.48869002639300163,24.386778362411935,0.270310198890176,5.588975490045972,4.009907310816812,0.44887826790340973
2025-01-10 08:00:00,8,4,10,26.107440556293234,59.403900172850065,1.0,2,45.0,180,2.0,0.45,1,1,1.0,23.829612819855555,-0.37145690099727346,-1.5652637981634783,2.277827736437679,24.097685134959054,0.23417214488230165,21.529921555320072,24.651440686718633,1.7291744995233225
2025-01-10 09:00:00,9,4,10,24.586693972014846,71.59549988866824,1.0,2,45.0,180,2.0,0.45,2,1,2.0,23.99236337595819,0.16275055610263323,12.191599715818178,0.5943305960566576,24.00768197222219,0.18620164303305664,20.120759174443002,7.423035462312519,1.6159976981848108
2025-01-10 10:00:00,10,4,10,26.309035140394286,66.20582613920624,1.0,2,45.0,180,2.0,0.45,5,1,3.0,24.60176139799285,0.6093980220346609,-5.3896737494620055,1.707273742401437,24.141245864602197,0.40703544470776554,26.756226258566162,12.450245124855813,2.148924882559848
2025-01-10 11:00:00,11,4,10,25.33865491677834,48.31992247341722,1.0,2,45.0,180,2.0,0.45,5,1,4.0,24.972811645375398,0.37105024738254855,-17.885903665789016,0.36584327140294093,24.522312139775476,0.49502913118748443,28.439956002189135,31.154210782735408,2.2841535469690943
2025-01-10 12:00:00,12,4,10,25.555135416889115,50.31422760133119,1.0,2,45.0,180,2.0,0.45,4,1,4.0,25.085463988196278,0.11265234282087988,1.994305127913968,0.4696714286928376,24.886679010521508,0.2530932081911813,25.787211708507805,22.874168009109475,2.0710985307395395
2025-01-10 13:00:00,13,4,10,25.916881883249026,53.18413592124855,1.0,2,45.0,180,2.0,0.45,3,1,4.0,24.850692914805837,-0.23477107339044068,2.869908319917357,1.0661889684431891,24.969656182792505,0.1174173408542489,23.224084121271627,25.84367830973012,1.8652410755005369
2025-01-10 14:00:00,14,4,10,25.419064114967565,49.86099307329305,1.0,2,45.0,180,2.0,0.45,3,1,4.0,24.59915674429522,-0.25153617051061516,-3.323142847955495,0.8199073706723432,24.84510454909911,0.24320178091676703,24.76299911133244,24.214117494078305,1.9888389507138722
2025-01-10 15:00:00,15,4,10,25.147816951240184,25.535039061209083,1.0,2,45.0,180,2.0,0.45,4,1,4.0,24.840551844107914,0.24139509981269214,-24.32595401208397,0.3072651071322703,24.763467167736323,0.14238731252201817,26.105717615118216,19.54921462591039,2.0966793156134256
2025-01-10 16:00:00,16,4,10,26.404184334812996,36.54036050708314,1.0,2,45.0,180,2.0,0.45,2,1,4.0,24.97645044810404,0.1358986039961252,11.00532144587406,1.4277338867089568,24.805386345502388,0.19108923034160663,23.619148685341273,11.580018743293586,1.896970664858271
2025-01-10 17:00:00,17,4,10,22.65875217986669,30.3295797399493,1.0,2,45.0,180,2.0,0.45,5,0,3.0,26.00774014997868,1.0312897018746412,-6.210780767133844,-3.348987970111992,25.274914147396874,0.6382731156699459,13.486295563671536,12.923330258086587,1.0831511077184064
2025-01-10 18:00:00,18,4,10,19.073047100696755,29.68656429864012,1.0,2,45.0,180,2.0,0.45,1,0,2.0,26.36825267663444,0.3605125266557607,-0.6430154413091778,-7.295205575937686,25.784147758239055,0.7223389294980709,5.724555715378909,7.936872584016869,0.45976738645792714
2025-01-10 19:00:00,19,4,10,19.75793352404717,32.92015107445061,0.0,2,45.0,180,2.0,0.45,0,0,1.0,26.07216810249588,-0.29608457413856115,3.233586775810487,-6.314234578448708,26.14938697636967,0.19226124500448524,5.606548907651093,4.993284806575273,0.450289675999541
2025-01-10 20:00:00,20,4,10,19.04530277995558,28.4689857113776,0.0,2,45.0,180,2.0,0.45,0,0,0.0,25.505070823285685,-0.5670972792101949,-4.4511653630730095,-6.459768043330104,25.98183053413867,0.43862442382995104,4.158333283684804,3.6139588705847436,0.33397631552865864
2025-01-10 21:00:00,21,4,10,19.113257689261594,33.160229779655175,0.0,2,45.0,180,2.0,0.45,0,0,0.0,25.279107006256165,-0.22596381702951973,4.691244068277577,-6.165849316994571,25.618781977345908,0.40857575247497635,6.916740378825453,5.174632140155209,0.5555176340125988
2025-01-10 22:00:00,22,4,10,17.083819343114715,45.84171366090458,0.0,2,45.0,180,2.0,0.45,0,0,0.0,24.993725223163153,-0.2853817830930119,12.681483881249406,-7.909905880048438,25.259301017568333,0.2562475142944044,5.282750360909639,6.0848153362192665,0.424283813016279
2025-01-10 23:00:00,23,4,10,16.39684108842703,49.14450259856413,0.0,2,45.0,180,2.0,0.45,0,0,0.0,24.630836569732946,-0.3628886534302076,3.3027889376595496,-8.233995481305914,24.96788959971742,0.3249065239366222,2.5085447260824654,5.887861725357936,0.20147363566142037
2025-01-11 00:00:00,0,5,11,18.067873411098837,49.31456304113263,0.0,2,45.0,180,2.0,0.45,0,0,0.0,24.39090432688153,-0.2399322428514168,0.17006044256849862,-6.323030915782692,24.671822039925875,0.3034931874418125,4.365793486861555,3.843163987643022,0.35063847066366055
2025-01-11 01:00:00,1,5,11,17.541580307630195,55.77403257112767,0.0,2,45.0,180,2.0,0.45,0,0,0.0,23.727983465758566,-0.6629208611229629,6.45946952999504,-6.186403158128371,24.24990812079101,0.46764931245315816,4.011109388573049,4.71885318577999,0.32215203625789474
2025-01-11 02:00:00,2,5,11,20.51234939825624,62.93601567405293,0.0,2,45.0,180,2.0,0.45,0,0,0.0,23.748041245567087,0.020057779808521303,7.161983102925262,-3.2356918473108465,23.95564301273573,0.37708074377588985,4.556392678368751,4.209766875850289,0.3659464345471874
2025-01-11 03:00:00,3,5,11,17.08618576667723,61.979450755264125,0.0,2,45.0,180,2.0,0.45,0,0,0.0,23.439052984771994,-0.30898826079509334,-0.956564918788807,-6.352867218094765,23.638359232032553,0.1728953839188159,4.587876753607966,4.576034011937178,0.3684750763680523
2025-01-11 04:00:00,4,5,11,20.11056571191931,68.4770227940197,0.0,2,45.0,180,2.0,0.45,0,0,0.0,22.95760404885257,-0.48144893591942406,6.497572038755578,-2.8470383369332595,23.381566093063885,0.3983419354349629,5.545848601719717,3.551179902513854,0.44541453417145277
2025-01-11 05:00:00,5,5,11,19.59221505887113,68.48009817321247,0.0,2,45.0,180,2.0,0.45,0,0,0.0,22.446911920383627,-0.5106921284689427,0.0030753791927651264,-2.8546968615124975,22.94785631800273,0.4961423551802947,5.908909948325232,4.828468589672066,0.4745737868282617
2025-01-11 06:00:00,6,5,11,20.42951853175363,68.63089339707884,0.0,2,45.0,180,2.0,0.45,0,0,0.0,22.333299348697523,-0.1136125716861045,0.15079522386636768,-1.9037808169438932,22.579271772644574,0.332533363027989,4.99978458760331,4.527748954665594,0.4015574320500513
2025-01-11 07:00:00,7,5,11,21.769971531764657,59.73978586501772,0.0,2,45.0,180,2.0,0.45,0,0,0.0,21.94983556500268,-0.38346378369484313,-8.891107532061113,-0.17986403323802236,22.243348944694606,0.2604602314265769,6.259794064705838,5.588975490045972,0.5027550258901008
2025-01-11 08:00:00,8,5,11,22.46696411897939,64.95507886524203,1.0,2,45.0,180,2.0,0.45,0,0,0.0,22.413093734642008,0.4632581696393281,5.215293000224307,0.053870384337383115,22.23207621611407,0.24766232023012547,5.0717381299504405,21.529921555320072,0.4073363769596896
2025-01-11 09:00:00,9,5,11,24.01787465418134,63.88044194652267,1.0,2,45.0,180,2.0,0.45,0,0,0.0,22.891913636965597,0.47881990232358973,-1.0746369187193565,1.1259610172157437,22.418280978870097,0.47106045688980147,4.692279773010151,20.120759174443002,0.37686019929382014
2025-01-11 10:00:00,10,5,11,26.55969252223539,60.25175314619936,1.0,2,45.0,180,2.0,0.45,0,0,0.0,23.56248596878857,0.6705723318229744,-3.62868880032331,2.9972065534468193,22.955831113465393,0.577355791371816,4.945411492403126,26.756226258566162,0.3971904598138204
2025-01-11 11:00:00,11,5,11,26.532535685195825,56.686019354595345,1.0,2,45.0,180,2.0,0.45,0,0,0.0,24.039120885844078,0.476634917055506,-3.5657337916040177,2.493414799351747,23.497840163866083,0.5763292705045423,4.348792826684141,28.439956002189135,0.3492730635497372
2025-01-11 12:00:00,12,5,11,27.770242748311812,54.38369118038899,1.0,2,45.0,180,2.0,0.45,0,0,0.0,24.79384663013324,0.7547257442891606,-2.3023281742063517,2.976396118178574,24.131817828255297,0.6208919486722394,4.669285020479973,25.787211708507805,0.37501337697280673
2025-01-11 13:00:00,13,5,11,25.25496809470824,47.31333693798048,1.0,2,45.0,180,2.0,0.45,0,0,0.0,25.25879168647759,0.46494505634435157,-7.070354242408513,-0.003823591769350543,24.69725306748497,0.6155460606146823,2.963692809299243,23.224084121271627,0.23802882964961652
2025-01-11 14:00:00,14,5,11,21.805966444064826,39.78013538420534,1.0,2,45.0,180,2.0,0.45,0,0,0.0,25.74914850340438,0.49035681692679134,-7.533201553775143,-3.9431820593395557,25.267262273338403,0.47770726433677346,2.7000495818834525,24.76299911133244,0.21685433792431977
2025-01-11 15:00:00,15,5,11,25.87507662571293,21.198522466441876,1.0,2,45.0,180,2.0,0.45,0,0,0.0,26.276119010215012,0.5269705068106312,-18.58161291776346,-0.40104238450208385,25.76135306669899,0.5087734608149022,4.239427533210952,26.105717615118216,0.34048939584705606
2025-01-11 16:00:00,16,5,11,26.330707911415253,36.41063016990575,1.0,2,45.0,180,2.0,0.45,0,0,0.0,26.573284171532553,0.29716516131754034,15.212107703463875,-0.24257626011729982,26.199517228383982,0.4173736630467051,3.661351234343787,23.619148685341273,0.2940612287860886
2025-01-11 17:00:00,17,5,11,23.1401615567008,32.1481255543464,1.0,2,45.0,180,2.0,0.45,0,0,0.0,27.087719625333378,0.5144354538008251,-4.262504615559351,-3.9475580686325777,26.645707602360314,0.4106187460586526,5.650989164176205,13.486295563671536,0.45385889282822517
2025-01-11 18:00:00,18,5,11,22.413374706845893,23.838947613080187,1.0,2,45.0,180,2.0,0.45,0,0,0.0,27.126138601892844,0.038418976559466245,-8.309177941266213,-4.712763895046951,26.929047466252925,0.3086983087784971,4.01685743956494,5.724555715378909,0.3226136906662306
2025-01-11 19:00:00,19,5,11,22.33211397018948,28.986446579655347,0.0,2,45.0,180,2.0,0.45,0,0,0.0,26.883621578389366,-0.2425170235034777,5.14749896657516,-4.551507608199888,27.03249326853853,0.13034987355532146,3.5696343386811336,5.606548907651093,0.28669499121073094
2025-01-11 20:00:00,20,5,11,19.3899104279079,26.261338078583655,0.0,2,45.0,180,2.0,0.45,0,0,0.0,26.343980931126858,-0.5396406472625088,-2.7251085010716913,-6.954070503218958,26.784580370469687,0.4003742326051603,4.443345808254238,4.158333283684804,0.35686708121323907
2025-01-11 21:00:00,21,5,11,19.103201802405156,42.8581786127922,0.0,2,45.0,180,2.0,0.45,0,0,0.0,26.254278035035114,-0.08970289609174387,16.596840534208546,-7.151076232629958,26.49396018151711,0.34042422879569184,4.834473986754632,6.916740378825453,0.3882805199742719
2025-01-11 22:00:00,22,5,11,19.149076058902736,41.14255424387318,0.0,2,45.0,180,2.0,0.45,0,0,0.0,26.00277556775038,-0.2515024672847339,-1.7156243689190234,-6.853699508847644,26.200344844637453,0.17688093953014342,5.34408663319358,5.282750360909639,0.4292100324479983
2025-01-11 23:00:00,23,5,11,16.43625040969519,46.66629915232486,0.0,2,45.0,180,2.0,0.45,0,0,0.0,25.827595488461945,-0.1751800792884346,5.5237449084516825,-9.391345078766754,26.02821636374915,0.21447592979940575,4.862846777705627,2.5085447260824654,0.3905592791637425
2025-01-12 00:00:00,0,6,12,17.435315435261845,52.80406779974896,0.0,2,45.0,180,2.0,0.45,0,0,0.0,25.67615451363984,-0.15144097482210483,6.137768647424096,-8.240839078377995,25.83550852328406,0.16345424539340583,7.059009379953622,4.365793486861555,0.5669439612377761
2025-01-12 01:00:00,1,6,12,16.997087202819735,52.86251464935267,0.0,2,45.0,180,2.0,0.45,0,0,0.0,25.386530819879482,-0.28962369376035824,0.058446849603711826,-8.389443617059747,25.630093607327087,0.22411094526079162,5.769966162875987,4.011109388573049,0.4634145241226943
2025-01-12 02:00:00,2,6,12,15.998183122102514,61.4964486508969,0.0,2,45.0,180,2.0,0.45,0,0,0.0,24.995463479626803,-0.391067340252679,8.633934001544233,-8.99728035752429,25.352716271048706,0.34160304262533014,6.201653571217433,4.556392678368751,0.49808547526161695
2025-01-12 03:00:00,3,6,12,17.150120817334198,73.77943215426956,0.0,2,45.0,180,2.0,0.45,0,0,0.0,24.526551844462478,-0.468911635164325,12.282983503372655,-7.37643102712828,24.96951538132292,0.43057628522014635,4.409882112986694,4.587876753607966,0.35417944631555603
2025-01-12 04:00:00,4,6,12,16.883129878270797,67.71125053864854,0.0,2,45.0,180,2.0,0.45,0,0,0.0,23.960120167701206,-0.5664316767612725,-6.068181615621015,-7.076990289430409,24.494045163930164,0.5184365502128964,5.760119016049765,5.545848601719717,0.46262365105141
2025-01-12 05:00:00,5,6,12,22.223312337241946,75.14453422169656,0.0,2,45.0,180,2.0,0.45,0,0,0.0,23.946551259790947,-0.013568907910258332,7.433283683048018,-1.723238922549001,24.14440775731821,0.33101602124356116,5.4209902385594635,5.908909948325232,0.43538654140454075
2025-01-12 06:00:00,6,6,12,22.815914084143905,65.05249642655339,0.0,2,45.0,180,2.0,0.45,0,0,0.0,23.876610961607128,-0.06994029818381975,-10.09203779514317,-1.0606968774632222,23.927760796366428,0.044813591826013785,6.394651578506178,4.99978458760331,0.5135860999064871
2025-01-12 07:00:00,7,6,12,21.084991852112154,62.9378790671497,0.0,2,45.0,180,2.0,0.45,0,0,0.0,23.41465360999753,-0.4619573516095983,-2.114617359403688,-2.3296617578853756,23.745938610465203,0.2890246096418253,6.588670228366991,6.259794064705838,0.529168697405007
2025-01-12 08:00:00,8,6,12,22.599953670631383,58.0329662004729,1.0,2,45.0,180,2.0,0.45,0,0,0.0,23.951517664038402,0.5368640540408727,-4.904912866676803,-1.3515639934070194,23.74759407854769,0.2907572358790581,5.120981043983939,5.0717381299504405,0.41129131896958765
2025-01-12 09:00:00,9,6,12,23.528920611489045,65.87020943463006,1.0,2,45.0,180,2.0,0.45,0,0,0.0,24.347233294384893,0.3957156303464906,7.837243234157157,-0.8183126828958471,23.904468189473608,0.46806672251461745,3.5019378128662053,4.692279773010151,0.281257948356454
2025-01-12 10:00:00,10,6,12,29.324317914144906,58.63040337910019,1.0,2,45.0,180,2.0,0.45,0,0,0.0,24.995153047642212,0.6479197532573195,-7.2398060555298684,4.329164866502694,24.43130133535517,0.5268721667651955,5.92731780970769,4.945411492403126,0.47605221323179125
2025-01-12 11:00:00,11,6,12,26.138373926295433,47.277308174089626,1.0,2,45.0,180,2.0,0.45,0,0,0.0,25.809159442454472,0.8140063948122602,-11.353095205010561,0.3292144838409605,25.050515261493857,0.7325337853261477,6.461496287083765,4.348792826684141,0.5189547291048535
2025-01-12 12:00:00,12,6,12,25.678151500471106,49.40482039021837,1.0,2,45.0,180,2.0,0.45,0,0,0.0,26.246834920391,0.4376754779365264,2.1275122161287428,-0.5686834199198927,25.683715803495897,0.6351999351057109,4.75968843928844,4.669285020479973,0.3822741227247902
2025-01-12 13:00:00,13,6,12,27.14716247837265,43.71662196799811,1.0,2,45.0,180,2.0,0.45,0,0,0.0,26.79439802826565,0.5475631078746517,-5.68819842222026,0.3527644501069993,26.283464130370376,0.49363958715901884,6.064827133405367,2.963692809299243,0.48709626721841465
2025-01-12 14:00:00,14,6,12,24.458304889013778,52.00028028654528,1.0,2,45.0,180,2.0,0.45,0,0,0.0,27.336793059599135,0.5423950313334842,8.283658318547168,-2.8784881705853564,26.792675336085264,0.544981111652241,3.71327320653233,2.7000495818834525,0.29823133920858585
2025-01-12 15:00:00,15,6,12,25.074246296237586,33.919630551540685,1.0,2,45.0,180,2.0,0.45,0,0,0.0,27.8807146979712,0.5439216383720655,-18.08064973500459,-2.806468401733614,27.337301928611993,0.5431585136318177,5.360749539782404,4.239427533210952,0.43054831290049783
2025-01-12 16:00:00,16,6,12,21.962657486705837,41.103545697514875,1.0,2,45.0,180,2.0,0.45,0,0,0.0,28.14395497698916,0.26324027901796043,7.18391514597419,-6.181297490283324,27.787154244853166,0.4116342539340662,5.277958640534434,3.661351234343787,0.4238989662503323
2025-01-12 17:00:00,17,6,12,21.963617263549708,40.24492538689519,1.0,2,45.0,180,2.0,0.45,0,0,0.0,28.84647280532174,0.7025178283325779,-0.8586203106196848,-6.882855541772031,28.2903808267607,0.49925201811233644,4.796823788213049,5.650989164176205,0.38525664628978984
2025-01-12 18:00:00,18,6,12,20.965903245784226,29.213231463229143,1.0,2,45.0,180,2.0,0.45,0,0,0.0,28.965987768782593,0.11951496346085477,-11.031693923666047,-8.000084522998367,28.652138517031165,0.44413831111480084,4.171712687427447,4.01685743956494,0.3350508816254816
2025-01-12 19:00:00,19,6,12,19.279171111273214,24.488468403916496,0.0,2,45.0,180,2.0,0.45,0,0,0.0,28.590454626160223,-0.3755331426223698,-4.724763059312647,-9.311283514887009,28.800971733421516,0.1918568371467064,4.826498650564739,3.5696343386811336,0.3876399812742467
2025-01-12 20:00:00,20,6,12,20.644944736264534,26.896974718600042,0.0,2,45.0,180,2.0,0.45,0,0,0.0,27.89654461367975,-0.6939100124804725,2.408506314683546,-7.251599877415217,28.484329002874187,0.5425625783606867,6.998013539108445,4.443345808254238,0.5620450835388743
2025-01-12 21:00:00,21,6,12,16.880891553047537,42.7683455633598,0.0,2,45.0,180,2.0,0.45,0,0,0.0,27.257925345825058,-0.6386192678546934,15.87137084475976,-10.377033792777521,27.914974861888343,0.6664557946888452,4.41685166906735,4.834473986754632,0.3547392058398396
2025-01-12 22:00:00,22,6,12,19.44876088108287,20.615512094283535,0.0,2,45.0,180,2.0,0.45,0,0,0.0,27.00793487478498,-0.24999047104007843,-22.152833469076267,-7.55917399370211,27.387468278096595,0.458249763219489,4.7239059152779745,5.34408663319358,0.37940025122049814
2025-01-12 23:00:00,23,6,12,16.654933054220926,57.82843371454557,0.0,2,45.0,180,2.0,0.45,0,0,0.0,26.215478911884304,-0.7924559629006751,37.21292162026204,-9.560545857663378,26.82711304416478,0.5442389573804004,5.321821764728933,4.862846777705627,0.42742183072671547
2025-01-13 00:00:00,0,0,13,19.934599147749953,54.25000250408968,0.0,2,45.0,180,2.0,0.45,0,0,0.0,25.84893960516137,-0.36653930672293455,-3.5784312104558893,-5.9143404574114165,26.35745113061022,0.5923973260573278,5.582762187379276,7.059009379953622,0.44837924683166713
2025-01-13 01:00:00,1,0,13,18.978992717083155,58.33145562876642,0.0,2,45.0,180,2.0,0.45,0,0,0.0,25.79900469948278,-0.04993490567859027,4.081453124676742,-6.820011982399624,25.954474405509483,0.2274112749231757,5.192473738031602,5.769966162875987,0.4170332508726741
2025-01-13 02:00:00,2,0,13,17.778577894868288,63.187794480602875,0.0,2,45.0,180,2.0,0.45,0,0,0.0,25.354039240862313,-0.4449654586204659,4.856338851836455,-7.575461345994025,25.667327848502154,0.2724622679544757,5.631680746662384,6.201653571217433,0.45230813830711547
2025-01-13 03:00:00,3,0,13,19.382144879139457,64.21059823332189,0.0,2,45.0,180,2.0,0.45,0,0,0.0,25.006606409135138,-0.34743283172717554,1.022803752719014,-5.624461529995681,25.38655011649341,0.39719828853121436,4.3846335934837715,4.409882112986694,0.35215161282052954
2025-01-13 04:00:00,4,0,13,20.275357622112296,73.37697922238281,0.0,2,45.0,180,2.0,0.45,0,0,0.0,24.900860328275936,-0.1057460808592019,9.166380989060926,-4.6255027061636405,25.087168659424464,0.23708751302407444,3.294707274741076,5.760119016049765,0.2646142387578037
2025-01-13 05:00:00,5,0,13,19.896247830405795,70.6977428413696,0.0,2,45.0,180,2.0,0.45,0,0,0.0,24.746358059534394,-0.15450226874154183,-2.6792363810132116,-4.8501102291286,24.88460826564849,0.130883146440452,3.8768098663339305,5.4209902385594635,0.3113657773039384
2025-01-13 06:00:00,6,0,13,21.573162728240913,72.62395388321342,0.0,2,45.0,180,2.0,0.45,0,0,0.0,24.272340654942592,-0.47401740459180175,1.926211041843814,-2.6991779267016796,24.639853014250974,0.32751601250140955,6.4852192104789115,6.394651578506178,0.5208600344299859
2025-01-13 07:00:00,7,0,13,20.89883045376296,67.26983325296243,0.0,2,45.0,180,2.0,0.45,0,0,0.0,24.098161206558473,-0.1741794483841197,-5.354120630250989,-3.199330752795511,24.372286640345152,0.33545743403669576,5.746323144526076,6.588670228366991,0.4615156363670013
2025-01-13 08:00:00,8,0,13,25.4814044134591,57.73472877526166,1.0,2,45.0,180,2.0,0.45,1,1,1.0,24.45396358270869,0.3558023761502156,-9.53510447770077,1.027440830750411,24.274821814736583,0.1779141642307414,20.62925059237479,5.120981043983939,1.6568371592508842
2025-01-13 09:00:00,9,0,13,24.353261868498596,66.47619674763409,1.0,2,45.0,180,2.0,0.45,5,1,2.0,25.097838482582894,0.6438748998742057,8.741467972372433,-0.7445766140842984,24.54998775728335,0.5067091331591573,25.598285313327327,3.5019378128662053,2.0559249174036274
2025-01-13 10:00:00,10,0,13,28.765406281646065,63.624727471572804,1.0,2,45.0,180,2.0,0.45,2,1,3.0,24.691209193149795,-0.4066292894330985,-2.8514692760612874,4.07419708849627,24.74767041948046,0.32562958132058406,26.214556884480647,5.92731780970769,2.1054207357177526
2025-01-13 11:00:00,11,0,13,27.15448757783685,53.658681494477406,1.0,2,45.0,180,2.0,0.45,5,1,4.0,25.421981356822066,0.7307721636722704,-9.966045977095398,1.7325062210147841,25.070343010851587,0.3661611523957734,30.132872248668193,6.461496287083765,2.4201200248644574
2025-01-13 12:00:00,12,0,13,28.31579702756109,46.34490763821406,1.0,2,45.0,180,2.0,0.45,5,1,4.0,25.628953481234305,0.2069721244122391,-7.313773856263346,2.6868435463267843,25.247381343735388,0.4926509523852811,28.773955737628384,4.75968843928844,2.310978717877642
2025-01-13 13:00:00,13,0,13,28.489999371265302,49.043822762849366,1.0,2,45.0,180,2.0,0.45,2,1,4.0,25.130475880283903,-0.4984776009504017,2.698915124635306,3.359523490981399,25.39380357278009,0.25043056981406575,27.014867918292175,6.064827133405367,2.1696976736433387
2025-01-13 14:00:00,14,0,13,27.682861363980933,41.18183673318532,1.0,2,45.0,180,2.0,0.45,2,1,4.0,24.841977529091015,-0.2884983511928887,-7.861986029664045,2.840883834889919,25.20046896353641,0.3981294526787686,23.81787833639485,3.71327320653233,1.912931626165912
2025-01-13 15:00:00,15,0,13,24.34345511602858,39.54669875444908,1.0,2,45.0,180,2.0,0.45,5,1,4.0,25.07100514548493,0.229027616393914,-1.635137978736239,-0.7275500294563493,25.014486184953284,0.15232734270273945,24.11792227078893,5.360749539782404,1.9370296387275365
2025-01-13 16:00:00,16,0,13,22.657212014565438,40.19750733319324,1.0,2,45.0,180,2.0,0.45,5,0,3.0,26.550692608533165,1.4796874630482364,0.6508085787441615,-3.893480593967727,25.48789176103637,0.9275088373420741,12.689468793134614,5.277958640534434,1.0191540082115809
2025-01-13 17:00:00,17,0,13,23.019510411223553,31.291647647989503,1.0,2,45.0,180,2.0,0.45,1,0,2.0,26.904942994328735,0.3542503857955701,-8.90585968520374,-3.8854325831051817,26.17554691611561,0.9728220424414731,6.538856556647632,4.796823788213049,0.5251679150220607
2025-01-13 18:00:00,18,0,13,22.087139989745673,23.435817615127633,1.0,2,45.0,180,2.0,0.45,4,0,1.0,27.722029956352955,0.81708696202422,-7.855830032861871,-5.6348899666072825,27.05922185307162,0.6007156318014286,11.779117063563028,4.171712687427447,0.946039157684726
2025-01-13 19:00:00,19,0,13,22.15960277463057,26.98796139502576,0.0,2,45.0,180,2.0,0.45,0,0,0.0,27.50047469734165,-0.22155525901130346,3.5521437798981275,-5.340871922711081,27.375815882674445,0.4225667295624782,3.685100590442552,4.826498650564739,0.29596865705239994
2025-01-13 20:00:00,20,0,13,19.930383078463862,33.02217121250186,0.0,2,45.0,180,2.0,0.45,0,0,0.0,27.317443140434527,-0.18303155690712458,6.0342098174761,-7.387060061970665,27.51331593137638,0.20259885456824997,4.93372762110092,6.998013539108445,0.39625207031437076
2025-01-13 21:00:00,21,0,13,16.697944656275403,34.68287922664982,0.0,2,45.0,180,2.0,0.45,0,0,0.0,27.30304681051758,-0.014396329916948503,1.660708014147957,-10.605102154242175,27.373654882764583,0.1100648109331606,4.308073133915665,4.41685166906735,0.34600266360040366
2025-01-13 22:00:00,22,0,13,17.390923900182244,51.71041133469404,0.0,2,45.0,180,2.0,0.45,0,0,0.0,26.894197774831063,-0.4088490356865151,17.02753210804422,-9.50327387464882,27.17156257526106,0.2403127919335694,4.676831878555059,4.7239059152779745,0.37561950247593173
2025-01-13 23:00:00,23,0,13,16.59432727872888,48.816342574655636,0.0,2,45.0,180,2.0,0.45,0,0,0.0,26.27868799397248,-0.6155097808585843,-2.894068760038401,-9.6843607152436,26.825310859773708,0.5156421254687826,6.181710030434072,5.321821764728933,0.4964837108490444
2025-01-14 00:00:00,0,1,14,17.082810433778977,48.81485500684135,0.0,2,45.0,180,2.0,0.45,0,0,0.0,25.649564755967447,-0.6291232380050324,-0.0014875678142871607,-8.56675432218847,26.274150174923665,0.6223289176654301,6.218528789192625,5.582762187379276,0.4994408074917704
2025-01-14 01:00:00,1,1,14,16.234491897752747,61.72813406578001,0.0,2,45.0,180,2.0,0.45,0,0,0.0,25.108836077413738,-0.5407286785537089,12.913279058938663,-8.87434417966099,25.679029609117887,0.585482288243941,5.36645049698307,5.192473738031602,0.43100618497350734
2025-01-14 02:00:00,2,1,14,14.38829208002872,60.597806350328696,0.0,2,45.0,180,2.0,0.45,0,0,0.0,24.715960833341693,-0.39287524407204444,-1.1303277154513154,-10.327668753312974,25.15812055557429,0.4687491769871701,4.625160762105737,5.631680746662384,0.3714695395187286
2025-01-14 03:00:00,3,1,14,19.875339436057537,62.02632388137377,0.0,2,45.0,180,2.0,0.45,0,0,0.0,24.457978850233662,-0.25798198310803144,1.428517531045074,-4.582639414176125,24.760925253663032,0.32775010581873,4.861322733451082,4.3846335934837715,0.3904368756308576
2025-01-14 04:00:00,4,1,14,19.49344854845782,62.18689462149238,0.0,2,45.0,180,2.0,0.45,0,0,0.0,24.2263426567876,-0.2316361934460609,0.16057074011860806,-4.732894108329781,24.466760780120982,0.2449271961672993,6.387462145757103,3.294707274741076,0.5130086809993258
2025-01-14 05:00:00,5,1,14,22.856719844704497,72.88304483179336,0.0,2,45.0,180,2.0,0.45,0,0,0.0,24.01597263999333,-0.21037001679427192,10.696150210300978,-1.1592527952888325,24.233431382338196,0.2210883533683494,5.383003058990381,3.8768098663339305,0.43233560310683755
2025-01-14 06:00:00,6,1,14,23.99735643955464,72.77972406442112,0.0,2,45.0,180,2.0,0.45,0,0,0.0,24.147788064411913,0.1318154244185834,-0.10332076737223872,-0.1504316248572728,24.130034453730946,0.10630277047465225,6.0922552741743194,6.4852192104789115,0.4892991568789805
2025-01-14 07:00:00,7,1,14,22.049456053756526,67.01895467399365,0.0,2,45.0,180,2.0,0.45,0,0,0.0,24.0698182901752,-0.07796977423671336,-5.76076939042747,-2.0203622364186735,24.077859664860146,0.06627461285215062,5.453561182486427,5.746323144526076,0.4380024750259985
2025-01-14 08:00:00,8,1,14,25.731278098123347,72.2945577109528,1.0,2,45.0,180,2.0,0.45,3,1,1.0,24.606262822934152,0.5364445327589529,5.275603036959154,1.1250152751891953,24.274623059173752,0.2898422348517295,24.30085416722762,20.62925059237479,1.951721804217246
2025-01-14 09:00:00,9,1,14,29.73604123915419,59.124288815902275,1.0,2,45.0,180,2.0,0.45,5,1,2.0,25.583577498351612,0.9773146754174604,-13.170268895050526,4.1524637408025775,24.753219537153655,0.767505011042468,32.071777793148144,25.598285313327327,2.575843120087285
2025-01-14 10:00:00,10,1,14,25.765109560569506,62.20044098460248,1.0,2,45.0,180,2.0,0.45,3,1,3.0,25.074179562582884,-0.5093979357687282,3.0761521687002045,0.6909299979866219,25.088006627956215,0.48880403486382357,24.035497101057036,26.214556884480647,1.9304096656239162
2025-01-14 11:00:00,11,1,14,26.632278998037027,57.131290464317146,1.0,2,45.0,180,2.0,0.45,4,1,4.0,25.18548316054255,0.11130359795966527,-5.0691505202853335,1.4467958374944772,25.28108007382568,0.2678164326796499,26.81688105308554,30.132872248668193,2.153796369141313
2025-01-14 12:00:00,12,1,14,28.23737713066762,44.11130870225357,1.0,2,45.0,180,2.0,0.45,3,1,4.0,25.199702982969406,0.014219822426856155,-13.01998176206358,3.0376741476982154,25.153121902031614,0.06873478417536842,27.310705227457515,28.773955737628384,2.193457831324447
2025-01-14 13:00:00,13,1,14,26.080180488160693,44.15151750307551,1.0,2,45.0,180,2.0,0.45,1,1,4.0,25.025865343319257,-0.17383763965014865,0.04020880082194367,1.0543151448414356,25.137017162277072,0.09652251540769252,21.979654772338797,27.014867918292175,1.7652947988221002
2025-01-14 14:00:00,14,1,14,28.29211379247118,40.43517889082729,1.0,2,45.0,180,2.0,0.45,4,1,4.0,25.445552815117285,0.4196874717980279,-3.7163386122482223,2.846560977353896,25.223707047135317,0.21087090794692553,28.95132640813219,23.81787833639485,2.3252242338034885
2025-01-14 15:00:00,15,1,14,26.390682840091618,40.81288991288405,1.0,2,45.0,180,2.0,0.45,2,1,4.0,25.206391651183452,-0.2391611639338329,0.377711022056765,1.1842911889081655,25.225936603206662,0.21052528911793997,22.606969740979444,24.11792227078893,1.8156775670154492
2025-01-14 16:00:00,16,1,14,24.421039916480883,33.86506229401223,1.0,2,45.0,180,2.0,0.45,5,1,4.0,25.3547294441449,0.1483377929614491,-6.94782761887182,-0.9336895276640185,25.335557970148546,0.12072768797955703,25.49458146262351,12.689468793134614,2.0475959481745174
2025-01-14 17:00:00,17,1,14,22.463089235854948,33.64303800579444,1.0,2,45.0,180,2.0,0.45,2,0,3.0,26.158851276068155,0.8041218319232541,-0.22202428821779563,-3.695762040213207,25.573324123798837,0.5124768870286635,8.879808591543634,6.538856556647632,0.7131813526441385
2025-01-14 18:00:00,18,1,14,22.47498163714398,43.4286405994444,1.0,2,45.0,180,2.0,0.45,2,0,2.0,26.81951786260022,0.6606665865320664,9.785602593649962,-4.344536225456242,26.111032860937758,0.7335640587769943,8.436750642008889,11.779117063563028,0.677597177096724
2025-01-14 19:00:00,19,1,14,23.19320277253637,24.76562715259858,0.0,2,45.0,180,2.0,0.45,0,0,1.0,26.601939751568764,-0.2175781110314574,-18.66301344684582,-3.408736979032394,26.52676963007905,0.33668679067282653,4.1145435368369565,3.685100590442552,0.3304593443499518
2025-01-14 20:00:00,20,1,14,20.64910949618175,29.494442962959564,0.0,2,45.0,180,2.0,0.45,0,0,0.0,26.56912820414035,-0.03281154742841608,4.7288158103609845,-5.920018707958597,26.663528606103114,0.1360831933710408,3.786999963917008,4.93372762110092,0.3041526997892344
2025-01-14 21:00:00,21,1,14,20.30370848016953,35.68064104941044,0.0,2,45.0,180,2.0,0.45,0,0,0.0,26.368496774282434,-0.20063142985791416,6.186198086450876,-6.064788294112905,26.513188243330518,0.1263758890082711,4.905231243021558,4.308073133915665,0.39396338523128777
2025-01-14 22:00:00,22,1,14,19.459068568284465,46.86260269643648,0.0,2,45.0,180,2.0,0.45,0,0,0.0,25.904238392662805,-0.4642583816196293,11.181961647026043,-6.44516982437834,26.280621123695198,0.3410442974545207,5.110967796572509,4.676831878555059,0.410487105538676
2025-01-14 23:00:00,23,1,14,17.614250161549556,51.11839980512938,0.0,2,45.0,180,2.0,0.45,0,0,0.0,25.168233015614863,-0.7360053770479418,4.255797108692896,-7.553982854065307,25.813656060853365,0.6052372606835248,6.745270714178919,6.181710030434072,0.54174605705693
2025-01-15 00:00:00,0,2,15,18.701791734442963,47.838517513664925,0.0,2,45.0,180,2.0,0.45,0,0,0.0,24.658239599308295,-0.5099934163065676,-3.279882291464453,-5.956447864865332,25.24357033586199,0.6264064432352877,5.780467687101346,6.218528789192625,0.4642579534798315
2025-01-15 01:00:00,1,2,15,19.230225471434185,58.99577570747188,0.0,2,45.0,180,2.0,0.45,0,0,0.0,24.408591990787354,-0.2496476085209416,11.157258193806953,-5.178366519353169,24.745021535236834,0.38718464581230944,5.709833344248738,5.36645049698307,0.4585849600071202
2025-01-15 02:00:00,2,2,15,17.503344047684124,70.71975323231999,0.0,2,45.0,180,2.0,0.45,0,0,0.0,24.194105182748384,-0.2144868080389699,11.72397752484811,-6.69076113506426,24.42031225761468,0.2322890713090965,5.3722904773767395,4.625160762105737,0.4314752226868358
2025-01-15 03:00:00,3,2,15,19.162881082020444,68.43734925027088,0.0,2,45.0,180,2.0,0.45,0,0,0.0,24.10873261036001,-0.0853725723883727,-2.2824039820491038,-4.945851528339567,24.23714326129858,0.1544931039284297,6.765715796889685,4.861322733451082,0.5433881027826083
2025-01-15 04:00:00,4,2,15,20.716765088919008,63.24876558937402,0.0,2,45.0,180,2.0,0.45,0,0,0.0,24.117371559037718,0.008638948677706537,-5.188583660896867,-3.40060647011871,24.140069784048706,0.04699495816507862,5.1453462669008925,6.387462145757103,0.4132482105465004
2025-01-15 05:00:00,5,2,15,20.009631910877484,57.44528290690013,0.0,2,45.0,180,2.0,0.45,0,0,0.0,23.564629189824185,-0.5527423692135329,-5.803482682473884,-3.5549972789467006,23.93024445307397,0.31666156760705855,4.383706530288008,5.383003058990381,0.3520771557894883
2025-01-15 06:00:00,6,2,15,23.125927481782302,72.04822385069902,0.0,2,45.0,180,2.0,0.45,0,0,0.0,23.791096140504,0.22646695067981426,14.602940943798885,-0.6651686587216972,23.824365629788634,0.2778689904771221,4.661479530491176,6.0922552741743194,0.37438647946134895
2025-01-15 07:00:00,7,2,15,24.932940617941554,72.89976322265579,0.0,2,45.0,180,2.0,0.45,0,0,0.0,24.064709467640874,0.27361332713687503,0.8515393719567754,0.8682311503006801,23.806811599323016,0.25041026895797386,5.617634699997328,5.453561182486427,0.451180030819593
2025-01-15 08:00:00,8,2,15,26.031970339008403,70.71142934741097,1.0,2,45.0,180,2.0,0.45,1,1,1.0,24.199940278117396,0.1352308104765214,-2.1883338752448225,1.8320300608910074,24.018581962087424,0.2082887233902513,21.62160246347337,24.30085416722762,1.7365378467637886
2025-01-15 09:00:00,9,2,15,25.852348535355453,65.71831030038122,1.0,2,45.0,180,2.0,0.45,1,1,2.0,23.514629716021293,-0.6853105620961024,-4.993119047029751,2.3377188193341603,23.926426487259857,0.36297972206075135,22.320461721819015,32.071777793148144,1.7926666907626867
2025-01-15 10:00:00,10,2,15,24.607868249493364,59.90794076541986,1.0,2,45.0,180,2.0,0.45,5,1,3.0,24.38575600908313,0.8711262930618382,-5.81036953496136,0.22211224041023314,24.03344200107394,0.4588098863468803,24.849801021883543,24.035497101057036,1.9958104415225688
2025-01-15 11:00:00,11,2,15,27.636545128668004,62.939749189183054,1.0,2,45.0,180,2.0,0.45,4,1,4.0,24.743447948209152,0.3576919391260205,3.031808423763195,2.8930971804588523,24.214611224437856,0.6320335947737912,28.89766350841111,26.81688105308554,2.3209143008792212
2025-01-15 12:00:00,12,2,15,24.81842168736909,46.29174237051392,1.0,2,45.0,180,2.0,0.45,3,1,4.0,24.787283417766226,0.043835469557073736,-16.64800681866913,0.031138269602863033,24.6388291250195,0.2202609556981126,23.455214686344643,27.310705227457515,1.8838043144866965
2025-01-15 13:00:00,13,2,15,26.836097411933462,44.72980430924213,1.0,2,45.0,180,2.0,0.45,1,1,4.0,24.473149429607627,-0.3141339881585985,-1.5619380612717961,2.362947982325835,24.667960265194335,0.17012887275307642,21.938096890595343,21.979654772338797,1.76195707977002
2025-01-15 14:00:00,14,2,15,28.91709026527394,41.40755683817986,1.0,2,45.0,180,2.0,0.45,2,1,4.0,24.29075851170498,-0.18239091790264794,-3.322247471062269,4.626331753568962,24.51706378635961,0.2511585129582505,25.58609618121998,28.95132640813219,2.054945947909605
2025-01-15 15:00:00,15,2,15,25.46958431427364,32.8333766235482,1.0,2,45.0,180,2.0,0.45,2,1,4.0,24.33694627135819,0.0461877596532112,-8.57418021463166,1.132638042915449,24.3669514042236,0.0948253274813899,22.46359281723807,22.606969740979444,1.8041622570447808
2025-01-15 16:00:00,16,2,15,25.679768304507395,34.79497404614455,1.0,2,45.0,180,2.0,0.45,4,1,4.0,24.608376137824237,0.27142986646604683,1.9615974225963555,1.0713921666831574,24.412026973629136,0.17160440843824637,26.398810042699655,25.49458146262351,2.1202190182767624
2025-01-15 17:00:00,17,2,15,21.599318305757595,32.082533607455886,1.0,2,45.0,180,2.0,0.45,4,0,3.0,25.643804584098078,1.0354284462738406,-2.7124404386886667,-4.044486278340482,24.8630423310935,0.6896454269332556,10.640779264752322,8.879808591543634,0.8546136181866225
2025-01-15 18:00:00,18,2,15,19.806154329443995,27.97242120750914,1.0,2,45.0,180,2.0,0.45,3,0,2.0,26.303958961947785,0.6601543778497074,-4.110112399946747,-6.49780463250379,25.5187132279567,0.8546848330827005,9.475937601222855,8.436750642008889,0.7610594222095468
2025-01-15 19:00:00,19,2,15,21.340914689877117,25.80051994182289,0.0,2,45.0,180,2.0,0.45,0,0,1.0,26.10136907315578,-0.202589888792005,-2.171901265686248,-4.760454383278663,26.01637753973388,0.33818430066095845,5.838966622620082,4.1145435368369565,0.46895629236083225
2025-01-15 20:00:00,20,2,15,19.256108991637678,32.52105109559391,0.0,2,45.0,180,2.0,0.45,0,0,0.0,25.724871610718992,-0.37649746243678806,6.72053115377102,-6.468762619081314,26.043399881940854,0.29386367661865637,4.6486327883358705,3.786999963917008,0.3733546940514566
2025-01-15 21:00:00,21,2,15,19.44536731706904,47.74541367875078,0.0,2,45.0,180,2.0,0.45,0,0,0.0,25.358855584585303,-0.3660160261336891,15.224362583156868,-5.913488267516264,25.728365422820023,0.3712690738796713,6.2969468290046215,4.905231243021558,0.5057389481699468
2025-01-15 22:00:00,22,2,15,17.850674902534113,32.5005638887671,0.0,2,45.0,180,2.0,0.45,0,0,0.0,24.64665455458955,-0.7122010299957537,-15.244849789983682,-6.795979652055436,25.243460583297946,0.5482928138993098,3.0780326382308623,5.110967796572509,0.24721202690188704
2025-01-15 23:00:00,23,2,15,14.827003383446758,43.28351154891181,0.0,2,45.0,180,2.0,0.45,0,0,0.0,23.98733693643045,-0.6593176181591005,10.782947660144714,-9.16033355298369,24.6642823585351,0.6859292275176797,5.793743878400939,6.745270714178919,0.4653242300748048
2025-01-16 00:00:00,0,3,16,20.32746597290353,53.92261572780658,0.0,2,45.0,180,2.0,0.45,0,0,0.0,24.07392357347677,0.08658663704632019,10.639104178894769,-3.7464576005732404,24.23597168816559,0.3582870692744849,3.9517385300234595,5.780467687101346,0.31738366892525166
2025-01-16 01:00:00,1,3,16,15.168406435913447,52.743619431426545,0.0,2,45.0,180,2.0,0.45,0,0,0.0,23.42569888592978,-0.648224687546989,-1.178996296380035,-8.257292450016333,23.828986465279,0.3519303413626818,5.088612757916358,5.709833344248738,0.40869166180327965
2025-01-16 02:00:00,2,3,16,21.426462369453176,59.37980202473958,0.0,2,45.0,180,2.0,0.45,0,0,0.0,23.299297373467287,-0.12640151246249332,6.636182593313038,-1.8728350040141102,23.59963994429128,0.41557557227669994,4.298767779986273,5.3722904773767395,0.34525530459668413
2025-01-16 03:00:00,3,3,16,20.94621046369217,65.0651855068392,0.0,2,45.0,180,2.0,0.45,0,0,0.0,23.036825671200177,-0.2624717022671099,5.685383482099617,-2.090615207508005,23.253940643532417,0.19836461124958363,5.003446369706433,6.765715796889685,0.4018515278840404
2025-01-16 04:00:00,4,3,16,19.50658818967084,64.22798037312843,0.0,2,45.0,180,2.0,0.45,0,0,0.0,22.93108940455158,-0.10573626664859503,-0.8372051337107678,-3.424501214880742,23.08907081640635,0.18958228686071757,6.043895737295148,5.1453462669008925,0.48541516325803963
2025-01-16 05:00:00,5,3,16,21.450820702467194,62.614886182762206,0.0,2,45.0,180,2.0,0.45,0,0,0.0,22.985654865350398,0.05456546079881619,-1.6130941903662261,-1.5348341628832038,22.98452331370072,0.05287721463841451,4.4978772240259985,4.383706530288008,0.3612467689577182
2025-01-16 06:00:00,6,3,16,22.26476726492055,62.76848697517995,0.0,2,45.0,180,2.0,0.45,0,0,0.0,23.264332294754553,0.27867742940415496,0.15360079241774116,-0.9995650298340024,23.06035885488551,0.17874065152316376,5.058173751055901,4.661479530491176,0.406246954593424
2025-01-16 07:00:00,7,3,16,22.236162082909132,72.7675199324663,0.0,2,45.0,180,2.0,0.45,0,0,0.0,23.170761027845398,-0.09357126690915507,9.999032957286353,-0.9345989449362655,23.14024939598345,0.1418220616612907,5.199980390228687,5.617634699997328,0.4176361472428554
2025-01-16 08:00:00,8,3,16,23.840431173094288,60.70413067630633,1.0,2,45.0,180,2.0,0.45,1,0,0.0,23.97136088419048,0.8005998563450838,-12.063389256159972,-0.13092971109619356,23.468818068930144,0.4377223507829657,6.691792348587149,21.62160246347337,0.5374509449813998
2025-01-16 09:00:00,9,3,16,25.72941020325615,62.11650108488608,1.0,2,45.0,180,2.0,0.45,1,1,1.0,24.37356013640592,0.4021992522154392,1.4123704085797542,1.3558500668502305,23.838560682813934,0.6122975943139276,20.598541650813527,22.320461721819015,1.6543707722499537
2025-01-16 10:00:00,10,3,16,29.041700010372374,57.02809460216287,1.0,2,45.0,180,2.0,0.45,5,1,2.0,25.21948692938507,0.8459267929791494,-5.088406482723215,3.8222130809873036,24.52146931666049,0.6370733869624854,31.88926533411944,24.849801021883543,2.561184641690751
2025-01-16 11:00:00,11,3,16,27.125676791951264,60.78395082178998,1.0,2,45.0,180,2.0,0.45,5,1,3.0,25.67498918889579,0.45550225951071965,3.7558562196271126,1.4506876030554743,25.08934541822893,0.6604029106239447,28.806902087266476,28.89766350841111,2.313624802188734
2025-01-16 12:00:00,12,3,16,26.639759407782385,53.71246188879891,1.0,2,45.0,180,2.0,0.45,4,1,4.0,25.884727760102475,0.20973857120668526,-7.071488932991066,0.7550316476799104,25.59306795946111,0.3401024207314213,25.670855456268253,23.455214686344643,2.061753384557016
2025-01-16 13:00:00,13,3,16,27.617771992008954,49.51121287942281,1.0,2,45.0,180,2.0,0.45,4,1,4.0,25.466890750569302,-0.41783700953317293,-4.201249009376106,2.1508812414396523,25.675535899855856,0.20891904126592212,28.197235817418647,21.938096890595343,2.2646594882960844
2025-01-16 14:00:00,14,3,16,26.906764379225315,40.01106447842428,1.0,2,45.0,180,2.0,0.45,1,1,4.0,24.773263866001116,-0.6936268845681859,-9.500148400998526,2.133500513224199,25.3749607922243,0.5614056776553241,21.539146253370266,25.58609618121998,1.729915380654413
2025-01-16 15:00:00,15,3,16,28.899944376563994,35.85229381454476,1.0,2,45.0,180,2.0,0.45,5,1,4.0,25.398091165105768,0.624827299104652,-4.1587706638795225,3.5018532114582257,25.21274859389206,0.3821563361726857,31.20285118133372,22.46359281723807,2.506055325680044
2025-01-16 16:00:00,16,3,16,24.64962750585192,35.94391076115062,1.0,2,45.0,180,2.0,0.45,1,1,4.0,24.936872273410795,-0.46121889169497265,0.0916169466058605,-0.2872447675588745,25.036075768172562,0.3240112474224038,19.934374429396247,26.398810042699655,1.601028217343606
2025-01-16 17:00:00,17,3,16,24.61168035925293,30.33976732766332,1.0,2,45.0,180,2.0,0.45,2,1,4.0,24.998443924930548,0.061571651519752635,-5.604143433487298,-0.3867635656776187,25.1111357878157,0.2504102803089122,21.489159218068227,10.640779264752322,1.7259006745845853
2025-01-16 18:00:00,18,3,16,24.821038585584276,33.91882521162772,1.0,2,45.0,180,2.0,0.45,1,1,4.0,24.305414841721223,-0.6930290832093249,3.579057883964399,0.5156237438630527,24.746910346687525,0.3835837297731874,21.032365564413464,9.475937601222855,1.6892133166945738
2025-01-16 19:00:00,19,3,16,21.745852713737953,32.83758646558903,0.0,2,45.0,180,2.0,0.45,0,0,3.0,24.327944137913928,0.022529296192704606,-1.081238746038693,-2.5820914241759745,24.543934301521897,0.3937780347161899,5.482404826499179,5.838966622620082,0.4403190507539697
2025-01-16 20:00:00,20,3,16,19.670119852189075,32.280573871161984,0.0,2,45.0,180,2.0,0.45,0,0,2.0,23.964695016152962,-0.36324912176096547,-0.557012594427043,-4.294575163963888,24.199351331929375,0.20353029798278338,5.067049845244203,4.6486327883358705,0.40695983762397026
2025-01-16 21:00:00,21,3,16,17.741461377308276,42.284941399029066,0.0,2,45.0,180,2.0,0.45,0,0,1.0,23.340204764954283,-0.6244902511986794,10.004367527867082,-5.598743387646007,23.877614639673723,0.4995943466447651,3.816374311006284,6.2969468290046215,0.3065118989064449
2025-01-16 22:00:00,22,3,16,21.375501461303315,41.86819562148545,0.0,2,45.0,180,2.0,0.45,0,0,0.0,23.139717063405406,-0.20048770154887663,-0.41674577754361763,-1.764215602102091,23.481538948170883,0.43026581218930243,3.9669465062139206,3.0780326382308623,0.3186050967205334
2025-01-16 23:00:00,23,3,16,17.108313173166355,43.27658956153489,0.0,2,45.0,180,2.0,0.45,0,0,0.0,22.76594850868393,-0.37376855472147597,1.408393940049443,-5.6576353355175755,23.081956779014543,0.291452826038794,5.009103763248183,5.793743878400939,0.4023059011441113
2025-01-17 00:00:00,0,4,17,17.640916351166734,54.7225804805294,0.0,2,45.0,180,2.0,0.45,0,0,0.0,22.510868244258926,-0.2550802644250041,11.44599091899451,-4.869951893092193,22.80551127211609,0.31628565968626393,5.315537230230286,3.9517385300234595,0.4269170886741951
2025-01-17 01:00:00,1,4,17,19.60600753168227,59.85782491305315,0.0,2,45.0,180,2.0,0.45,0,0,0.0,22.31700071447607,-0.1938675297828567,5.1352444325237485,-2.7109931827938,22.531272489139642,0.22516833788921325,5.0896481303399055,5.088612757916358,0.40877481768416424
2025-01-17 02:00:00,2,4,17,20.594747202923045,63.77262016870939,0.0,2,45.0,180,2.0,0.45,0,0,0.0,22.271289925111095,-0.04571078936497486,3.9147952556562373,-1.6765427221880493,22.366386294615364,0.12719530021032532,5.521080774237479,4.298767779986273,0.44342530743038755
2025-01-17 03:00:00,3,4,17,23.040008474314135,62.12336578686813,0.0,2,45.0,180,2.0,0.45,0,0,0.0,22.244167719676227,-0.027122205434867652,-1.64925438184126,0.7958407546379078,22.277486119754467,0.03680972566890885,3.7128532384340973,5.003446369706433,0.2981976094932122
2025-01-17 04:00:00,4,4,17,22.46407554176331,65.93455602616584,0.0,2,45.0,180,2.0,0.45,0,0,0.0,22.328295083043887,0.08412736336766002,3.8111902392977086,0.1357804587194238,22.281250909277073,0.04293913390908913,5.185599420569447,6.043895737295148,0.41648114043294754
2025-01-17 05:00:00,5,4,17,19.61444888264419,68.57686889599819,0.0,2,45.0,180,2.0,0.45,0,0,0.0,22.29068562752311,-0.037609455520776436,2.6423128698323524,-2.6762367448789206,22.28771614341441,0.04214221984661622,5.6063021407279185,4.4978772240259985,0.45026985692728927
2025-01-17 06:00:00,6,4,17,23.372288055721075,69.72869671165611,0.0,2,45.0,180,2.0,0.45,0,0,0.0,22.257646303930546,-0.033039323592564784,1.1518278156579242,1.1146417517905292,22.292209004832515,0.035349017048139995,4.1918841874152255,5.058173751055901,0.33667095456937873
2025-01-17 07:00:00,7,4,17,24.786679735733923,57.70247322210285,0.0,2,45.0,180,2.0,0.45,0,0,0.0,22.390701524305705,0.1330552203751587,-12.02622348955326,2.3959782114282184,22.313011151919785,0.06928018978653838,5.91991343918763,5.199980390228687,0.47545753160903603
2025-01-17 08:00:00,8,4,17,25.913128420734644,70.15588526073421,0.3,2,45.0,180,2.0,0.45,3,1,1.0,23.25556795097078,0.8648664266650741,12.453412038631356,2.6575604697638653,22.63463859306901,0.5418402657106608,24.236966793784756,6.691792348587149,1.946590693232235
2025-01-17 09:00:00,9,4,17,27.666498449876755,65.13831766681034,0.3,2,45.0,180,2.0,0.45,1,1,2.0,23.028433679798916,-0.22713427117186313,-5.0175675939238715,4.63806477007784,22.89156771835847,0.448383432503669,22.57609848257102,20.598541650813527,1.8131981435456106
2025-01-17 10:00:00,10,4,17,23.912089473767725,63.243210636405976,0.3,2,45.0,180,2.0,0.45,4,0,2.0,24.151659393991302,1.1232257141923867,-1.8951070304043611,-0.23956992022357682,23.478553674920335,0.5938863326173132,11.500490313189479,31.88926533411944,0.9236612651135411
2025-01-17 11:00:00,11,4,17,25.81039082340609,56.60735467245386,0.3,2,45.0,180,2.0,0.45,2,1,3.0,23.759522674299955,-0.3921367196913472,-6.6358559639521175,2.0508681491061367,23.646538582696724,0.5700728505833441,20.625813448792094,28.806902087266476,1.656561105247662
2025-01-17 12:00:00,12,4,17,29.725335078959862,53.48799603987721,0.3,2,45.0,180,2.0,0.45,3,1,3.0,23.877131941247036,0.11760926694708118,-3.119358632576649,5.848203137712826,23.92943800317943,0.20123306094836232,27.708952475583065,25.670855456268253,2.2254430377821026
2025-01-17 13:00:00,13,4,17,25.4908761463026,39.57769283660511,0.3,2,45.0,180,2.0,0.45,3,1,3.0,24.317799137219133,0.4406671959720967,-13.9103032032721,1.1730770090834675,23.98481791758871,0.2943048664018323,22.946175520019946,28.197235817418647,1.8429208610377092
2025-01-17 14:00:00,14,4,17,24.742875462042964,33.55942201625767,0.3,2,45.0,180,2.0,0.45,1,1,4.0,23.627123590871406,-0.6906755463477268,-6.018270820347439,1.1157518711715575,23.94068488977919,0.34969616888228766,21.589557294165065,21.539146253370266,1.7339641407027402
2025-01-17 15:00:00,15,4,17,26.676313952466177,27.442703582569685,0.3,2,45.0,180,2.0,0.45,1,1,4.0,23.358505526358332,-0.268618064513074,-6.116718433687986,3.3178084261078453,23.767809418149625,0.4948792119873527,23.23511385472124,31.20285118133372,1.8661269279533017
2025-01-17 16:00:00,16,4,17,27.331022097618014,35.203871816151874,0.3,2,45.0,180,2.0,0.45,4,1,4.0,24.077896585165973,0.7193910588076413,7.76116823358219,3.2531255124520406,23.68784190079857,0.3635187873319886,27.73470665040599,19.934374429396247,2.2275114829571416
2025-01-17 17:00:00,17,4,17,23.78904775308585,24.49885535121488,0.3,2,45.0,180,2.0,0.45,5,0,3.0,25.347260764849302,1.269364179683329,-10.705016464936996,-1.5582130117634527,24.2612209587912,1.0069720547910197,11.273620729585083,21.489159218068227,0.9054402466263994
2025-01-17 18:00:00,18,4,17,22.670594928716334,24.209550831854894,0.3,2,45.0,180,2.0,0.45,3,0,2.0,25.930926475373784,0.5836657105244818,-0.2893045193599839,-3.2603315466574507,25.11869460846302,0.9474237749733269,8.173818417208249,21.032365564413464,0.6564797895084792
2025-01-17 19:00:00,19,4,17,20.481539963699518,25.736557878132917,0.0,2,45.0,180,2.0,0.45,0,0,1.0,25.396256037691746,-0.5346704376820384,1.5270070462780225,-4.914716073992228,25.558147759304944,0.32376397661814166,3.3392874296066033,5.482404826499179,0.26819469151422454
2025-01-17 20:00:00,20,4,17,19.155235569704814,29.180196943692742,0.0,2,45.0,180,2.0,0.45,0,0,0.0,25.02582541127274,-0.3704306264190045,3.4436390655598252,-5.870589841567927,25.45100264144609,0.45502733657012673,5.990715170609119,5.067049845244203,0.48114396888571465
2025-01-17 21:00:00,21,4,17,16.429802257186186,35.782430141704026,0.0,2,45.0,180,2.0,0.45,0,0,0.0,24.601348471437213,-0.4244769398355288,6.602233198011284,-8.171546214251027,25.007809973467232,0.3977598857622376,5.837636932510475,3.816374311006284,0.46884949837071516
2025-01-17 22:00:00,22,4,17,17.967064777072263,46.17132717983795,0.0,2,45.0,180,2.0,0.45,0,0,0.0,24.07515336857062,-0.5261951028665912,10.388897038133926,-6.108088591498358,24.567442417093527,0.47624211130962074,4.737025434507485,3.9669465062139206,0.3804539447065327
2025-01-17 23:00:00,23,4,17,19.95272321055799,49.27183602070328,0.0,2,45.0,180,2.0,0.45,0,0,0.0,23.86442662126409,-0.21072674730653063,3.1005088408653307,-3.9117034107060995,24.180309487090643,0.37954816593183227,4.9728715934593835,5.009103763248183,0.39939591636315375
2025-01-18 00:00:00,0,5,18,15.415025805996338,45.178029375942565,0.0,2,45.0,180,2.0,0.45,0,0,0.0,23.003970822527368,-0.860455798736723,-4.093806644760718,-7.58894501653103,23.64785027078736,0.5674830380075035,2.860077787364814,5.315537230230286,0.22970699469837438
2025-01-18 01:00:00,1,5,18,19.17549424653996,48.16118552265764,0.0,2,45.0,180,2.0,0.45,0,0,0.0,22.902831876134954,-0.10113894639241394,2.983156146715075,-3.727337629594995,23.257076439975467,0.5284060499774521,5.114666493103883,5.0896481303399055,0.41078416615299795
2025-01-18 02:00:00,2,5,18,16.673019621236282,46.86071672256223,0.0,2,45.0,180,2.0,0.45,0,0,0.0,22.534881894050315,-0.3679499820846388,-1.300468800095409,-5.861862272814033,22.813894864237543,0.24686727156271596,4.079138418622362,5.521080774237479,0.32761578417199294
2025-01-18 03:00:00,3,5,18,21.32610559262346,69.97065579143444,0.0,2,45.0,180,2.0,0.45,0,0,0.0,22.29048235203272,-0.24439954201759662,23.109939068872208,-0.9643767594092587,22.576065374072666,0.3082451040764172,5.892870388576473,3.7128532384340973,0.4732855704439209
2025-01-18 04:00:00,4,5,18,23.009970880506792,63.775009246812594,0.0,2,45.0,180,2.0,0.45,0,0,0.0,22.393533984260173,0.10305163222745506,-6.1956465446218445,0.6164368962466185,22.406299410114404,0.12269882276329201,5.2175267589522365,5.185599420569447,0.4190453829095083
2025-01-18 05:00:00,5,5,18,24.12373684988581,74.30617218799115,0.0,2,45.0,180,2.0,0.45,0,0,0.0,22.522540792463303,0.1290068082031297,10.531162941178557,1.6011960574225057,22.4021857095854,0.11627088718618026,5.8616415123909675,5.6063021407279185,0.47077742492142116
2025-01-18 06:00:00,6,5,18,22.076767419055184,68.94640528412808,0.0,2,45.0,180,2.0,0.45,0,0,0.0,22.506236362830258,-0.01630442963304546,-5.3597669038630755,-0.42946894377507405,22.474103713184576,0.07025004996860501,6.793541326771122,4.1918841874152255,0.5456229087285137
2025-01-18 07:00:00,7,5,18,22.318311576744385,66.63620238392637,0.0,2,45.0,180,2.0,0.45,0,0,0.0,22.450564859035183,-0.05567150379507524,-2.310202900201702,-0.13225328229079736,22.493114004776245,0.03773964704190544,5.340710256362896,5.91991343918763,0.4289388589232179
2025-01-18 08:00:00,8,5,18,27.90362302845821,60.430958865940845,0.3,2,45.0,180,2.0,0.45,0,0,0.0,23.090425911115474,0.6398610520802919,-6.205243517985529,4.813197117342735,22.68240904432697,0.3544476714150996,6.30595936382906,24.236966793784756,0.5064627894228952
2025-01-18 09:00:00,9,5,18,26.6077051028993,65.98850925533596,0.3,2,45.0,180,2.0,0.45,0,0,0.0,23.567472539041628,0.4770466279261534,5.557550389395111,3.0402325638576713,23.036154436397428,0.5604281721508464,4.589041649696683,22.57609848257102,0.36856863493518544
2025-01-18 10:00:00,10,5,18,26.024248174218116,62.26636765634723,0.3,2,45.0,180,2.0,0.45,0,0,0.0,23.943188910608146,0.3757163715665186,-3.7221415989887277,2.081059263609969,23.53369578692175,0.42738370940371384,5.200259697436311,11.500490313189479,0.4176585797863144
2025-01-18 11:00:00,11,5,18,27.60138739936195,56.665869555936574,0.3,2,45.0,180,2.0,0.45,0,0,0.0,24.305203929276413,0.36201501866826646,-5.600498100410654,3.2961834700855377,23.938621792975397,0.3688868999530078,5.08142659350937,20.625813448792094,0.4081145053928386
2025-01-18 12:00:00,12,5,18,26.68802185986986,59.088850175477134,0.3,2,45.0,180,2.0,0.45,0,0,0.0,24.653341348916232,0.34813741963981926,2.42298061954056,2.0346805109536277,24.300578062933596,0.3550988177791926,4.516952027571522,27.708952475583065,0.36277876078544435
2025-01-18 13:00:00,13,5,18,27.491319795290945,50.9839275397029,0.3,2,45.0,180,2.0,0.45,0,0,0.0,25.146665245805885,0.4933238968896525,-8.104922635774237,2.3446545494850604,24.701736841332846,0.42281305510642697,7.107649955340312,22.946175520019946,0.5708505264514344
2025-01-18 14:00:00,14,5,18,24.387272439371106,44.622309723474494,0.3,2,45.0,180,2.0,0.45,0,0,0.0,25.222383369818022,0.07571812401213762,-6.361617816228403,-0.8351109304469162,25.00746332151338,0.3090066134937998,6.089711916835942,21.589557294165065,0.4890948872702224
2025-01-18 15:00:00,15,5,18,25.753702296061206,39.743347363418124,0.3,2,45.0,180,2.0,0.45,0,0,0.0,25.230715024391518,0.008331654573495939,-4.87896236005637,0.5229872716696882,25.199921213338474,0.04630877535853057,5.904370045820203,23.23511385472124,0.4742091648011053
2025-01-18 16:00:00,16,5,18,24.983534431677114,37.73895865322195,0.3,2,45.0,180,2.0,0.45,0,0,0.0,25.621423519571575,0.390708495180057,-2.0043887101961744,-0.637889087894461,25.35817397126037,0.22801885367523347,3.762366204747723,27.73470665040599,0.30217424073756166
2025-01-18 17:00:00,17,5,18,26.06442344399179,23.990069977838687,0.3,2,45.0,180,2.0,0.45,0,0,0.0,25.59761463869555,-0.023808880876025285,-13.748888675383263,0.4668088052962389,25.483251060886214,0.2190263751202616,4.096402603703456,11.273620729585083,0.32900235627447716
2025-01-18 18:00:00,18,5,18,19.28681833875592,35.98492754250475,0.3,2,45.0,180,2.0,0.45,0,0,0.0,25.47377293889252,-0.12384169980303028,11.994857564666063,-6.186954600136598,25.56427036571988,0.0792720246919522,4.818710470345797,8.173818417208249,0.38701447399603006
2025-01-18 19:00:00,19,5,18,21.662593916226026,32.76308650194467,0.0,2,45.0,180,2.0,0.45,0,0,0.0,25.497842045796176,0.02406910690365649,-3.2218410405600793,-3.83524812957015,25.52307654112808,0.06566411857596324,4.367553877636905,3.3392874296066033,0.3507798563547375
2025-01-18 20:00:00,20,5,18,22.132135914782765,44.48072478010003,0.0,2,45.0,180,2.0,0.45,0,0,0.0,25.347839843325193,-0.15000220247098284,11.717638278155363,-3.2157039285424283,25.43981827600463,0.08055963341061036,5.536350258777869,5.990715170609119,0.44465167526550786
2025-01-18 21:00:00,21,5,18,21.472931156138273,31.666840368241097,0.0,2,45.0,180,2.0,0.45,0,0,0.0,25.145956831291816,-0.20188301203337744,-12.813884411858936,-3.673025675153543,25.330546240137732,0.17657888486437254,4.847939235248235,5.837636932510475,0.3893619806876822
2025-01-18 22:00:00,22,5,18,17.949893285213776,43.800888019585166,0.0,2,45.0,180,2.0,0.45,0,0,0.0,24.890637532239808,-0.2553192990520081,12.13404765134407,-6.940744247026032,25.128144735618935,0.22912101906962254,5.4986784266862605,4.737025434507485,0.4416260640836112
2025-01-18 23:00:00,23,5,18,15.77572310192879,39.059923135000446,0.0,2,45.0,180,2.0,0.45,0,0,0.0,24.37619471419114,-0.5144428180486678,-4.74096488458472,-8.60047161226235,24.804263025907588,0.39208270267737283,5.321381151589623,4.9728715934593835,0.4273864429059706
2025-01-19 00:00:00,0,6,19,17.219206028277064,46.362719939368006,0.0,2,45.0,180,2.0,0.45,0,0,0.0,24.04143695400575,-0.33475776018538994,7.30279680436756,-6.822230925728686,24.436089733478898,0.42775690002587935,4.5180038220540295,2.860077787364814,0.362863235603117
2025-01-19 01:00:00,1,6,19,19.158679098428077,52.62119178118225,0.0,2,45.0,180,2.0,0.45,0,0,0.0,23.834802415117974,-0.2066345388877764,6.2584718418142415,-4.676123316689896,24.08414469443829,0.27321121626583494,4.17287215956545,5.114666493103883,0.33514400456830284
2025-01-19 02:00:00,2,6,19,21.92070893358835,63.94805975425327,0.0,2,45.0,180,2.0,0.45,0,0,0.0,23.760623504524506,-0.07417891059346715,11.326867973071025,-1.8399145709361555,23.878954291216075,0.14552006553914174,4.268811430547024,4.079138418622362,0.34284936199182786
2025-01-19 03:00:00,3,6,19,20.845660007285723,75.04772791198253,0.0,2,45.0,180,2.0,0.45,0,0,0.0,24.061730907064337,0.3011074025398308,11.099668157729262,-3.2160708997786145,23.88571894223561,0.15687825380291465,7.184027290487164,5.892870388576473,0.5769847680434502
2025-01-19 04:00:00,4,6,19,22.121635097787497,69.54025269280729,0.0,2,45.0,180,2.0,0.45,0,0,0.0,23.813712430018146,-0.24801847704619107,-5.507475219175248,-1.6920773322306495,23.87868894720233,0.16072609559434164,5.184001949830491,5.2175267589522365,0.41635283965589
2025-01-19 05:00:00,5,6,19,22.62102897230067,73.44959635827503,0.0,2,45.0,180,2.0,0.45,0,0,0.0,23.82225135777126,0.008538927753114933,3.9093436654677447,-1.2012223854705901,23.899231564951247,0.14079330758978956,4.088231732885346,5.8616415123909675,0.3283461132212327
2025-01-19 06:00:00,6,6,19,23.42684742286085,75.75964615403313,0.0,2,45.0,180,2.0,0.45,0,0,0.0,23.910965350380376,0.08871399260911517,2.310049795758104,-0.4841179275195273,23.848976379389928,0.05385353020021426,6.607827453097634,6.793541326771122,0.530707308885813
2025-01-19 07:00:00,7,6,19,22.995977890638883,65.51293296491737,0.0,2,45.0,180,2.0,0.45,0,0,0.0,24.04117636027618,0.13021100989580248,-10.246713189115766,-1.0451984696372953,23.92479768947594,0.11011602691694757,5.616515298404219,5.340710256362896,0.4510901261404442
2025-01-19 08:00:00,8,6,19,28.182635603748672,65.95625633994766,1.0,2,45.0,180,2.0,0.45,0,0,0.0,24.842457198535875,0.8012808382596965,0.44332337503028896,3.3401784052127965,24.264866303064142,0.5044275554262224,2.825030876444765,6.30595936382906,0.22689220392014048
2025-01-19 09:00:00,9,6,19,27.3887997484257,62.19055439044952,1.0,2,45.0,180,2.0,0.45,0,0,0.0,25.621084933121537,0.7786277345856618,-3.765701949498137,1.7677148153041635,24.834906163977863,0.7899813530897991,3.9927392660673227,4.589041649696683,0.32067664085023373
2025-01-19 10:00:00,10,6,19,27.115554419653716,48.925846371834396,1.0,2,45.0,180,2.0,0.45,0,0,0.0,26.051822686110377,0.4307377529888399,-13.264708018615124,1.0637317335433387,25.505121605922596,0.6129656112500879,6.4484914681633425,5.200259697436311,0.5179102477680158
2025-01-19 11:00:00,11,6,19,26.771274749641016,58.12295514881001,1.0,2,45.0,180,2.0,0.45,0,0,0.0,26.71416299221095,0.6623403061005746,9.197108776975611,0.05711175743006436,26.12902353714762,0.5506131939629978,3.6630452223604513,5.08142659350937,0.29419728134314915
2025-01-19 12:00:00,12,6,19,29.559224523880932,50.76852253297136,1.0,2,45.0,180,2.0,0.45,0,0,0.0,27.37084622893451,0.6566832367235591,-7.354432615838647,2.188378294946421,26.712277302418613,0.6595137932601258,5.235518153210741,4.516952027571522,0.4204903607782265
2025-01-19 13:00:00,13,6,19,27.6680382694918,43.69745912199447,1.0,2,45.0,180,2.0,0.45,0,0,0.0,27.674684334686162,0.3038381057516517,-7.07106341097689,-0.006646065194363615,27.253231185277212,0.49094326169959507,3.588037694748173,7.107649955340312,0.28817305577009344
2025-01-19 14:00:00,14,6,19,27.866196094774295,44.73463746742103,1.0,2,45.0,180,2.0,0.45,0,0,0.0,28.09910529146725,0.4244209567810877,1.037178345426561,-0.23290919669295462,27.714878618362643,0.3657895581754701,5.051483909998566,6.089711916835942,0.40570966036629524
2025-01-19 15:00:00,15,6,19,26.185938576349574,44.03411431253505,1.0,2,45.0,180,2.0,0.45,0,0,0.0,28.289778077320246,0.19067278585299618,-0.7005231548859783,-2.103839500970672,28.02118923449122,0.3148622905456432,4.605804992444375,5.904370045820203,0.36991498191241884
2025-01-19 16:00:00,16,6,19,26.244567717415915,42.36513126649796,1.0,2,45.0,180,2.0,0.45,0,0,0.0,28.354814530231003,0.06503645291075699,-1.6689830460370914,-2.110246812815088,28.247899299672834,0.1328991260691221,3.4526332953491212,3.762366204747723,0.27729805866606283
2025-01-19 17:00:00,17,6,19,26.73114325781109,34.803522145535375,1.0,2,45.0,180,2.0,0.45,0,0,0.0,28.78345162081451,0.4286370905835071,-7.561609120962586,-2.0523083630034193,28.47601474278859,0.2682266029484404,6.153283667720757,4.096402603703456,0.49420064904634503
2025-01-19 18:00:00,18,6,19,23.765370047854717,20.0,1.0,2,45.0,180,2.0,0.45,0,0,0.0,28.707016994868976,-0.0764346259455344,-14.803522145535375,-4.941646947014259,28.6150943819715,0.22862581640555077,5.619613264674458,4.818710470345797,0.45133893913593587
2025-01-19 19:00:00,19,6,19,21.12567021647281,37.05667736823676,0.0,2,45.0,180,2.0,0.45,0,0,0.0,28.46473214989636,-0.24228484497261604,17.056677368236763,-7.339061933423551,28.651733588526614,0.16639626362362298,6.723507788217097,4.367553877636905,0.5399981688209463
2025-01-19 20:00:00,20,6,19,22.4168959079341,31.770779905559728,0.0,2,45.0,180,2.0,0.45,0,0,0.0,28.3113803634296,-0.15335178646676084,-5.285897462677035,-5.894484455495498,28.494376502731644,0.19947725879195413,5.487240321947539,5.536350258777869,0.44070741331257823
2025-01-19 21:00:00,21,6,19,19.610044918905498,34.89237482600028,0.0,2,45.0,180,2.0,0.45,0,0,0.0,28.244867196188554,-0.06651316724104461,3.1215949204405504,-8.634822277283057,28.34032656983817,0.11275443058273273,4.733669727689577,4.847939235248235,0.3801844312927242
2025-01-19 22:00:00,22,6,19,20.35669154921101,44.620196591414555,0.0,2,45.0,180,2.0,0.45,0,0,0.0,27.81486851994845,-0.42999867624010335,9.727821765414276,-7.458176970737441,28.123705359855535,0.26952021374412305,7.148865989011107,5.4986784266862605,0.5741607899938216
2025-01-19 23:00:00,23,6,19,20.621360720886607,48.623141656900266,0.0,2,45.0,180,2.0,0.45,0,0,0.0,27.456639263460563,-0.3582292564878884,4.0029450654857115,-6.835278542573956,27.83879165986586,0.39465815074634614,5.037853272775557,5.321381151589623,0.40461491646591835
2025-01-20 00:00:00,0,0,20,16.361516739401175,51.29140270327087,0.0,2,45.0,180,2.0,0.45,0,0,0.0,27.16003620795738,-0.29660305550318355,2.6682610463706027,-10.798519468556204,27.477181330455466,0.32789910276479506,4.6410137173078745,4.5180038220540295,0.3727427687688764
2025-01-20 01:00:00,1,0,20,18.168422393224304,45.87663895884283,0.0,2,45.0,180,2.0,0.45,0,0,0.0,26.578139671204955,-0.5818965367524243,-5.414763744428036,-8.40971727798065,27.0649383808743,0.44690388332953795,6.075747160551657,4.17287215956545,0.48797330861528876
2025-01-20 02:00:00,2,0,20,19.264040450697888,52.706240566865155,0.0,2,45.0,180,2.0,0.45,0,0,0.0,26.275877394498593,-0.30226227670636163,6.8296016080223225,-7.011836943800706,26.671351091220313,0.44938900572882934,5.670317741442437,4.268811430547024,0.4554112664787727
2025-01-20 03:00:00,3,0,20,21.891454786110266,68.03213528773136,0.0,2,45.0,180,2.0,0.45,0,0,0.0,26.024984515624958,-0.25089287887363554,15.32589472086621,-4.1335297295146916,26.293000527109502,0.2769748324104152,5.31683468279086,7.184027290487164,0.4270212935072838
2025-01-20 04:00:00,4,0,20,21.29346534079228,72.4521275893034,0.0,2,45.0,180,2.0,0.45,0,0,0.0,25.892592178468686,-0.13239233715627208,4.419992301572037,-4.599126837676405,26.06448469619741,0.19467174269911502,4.541641557694346,5.184001949830491,0.36476169907827116
2025-01-20 05:00:00,5,0,20,25.22443601353988,73.44275703018512,0.0,2,45.0,180,2.0,0.45,0,0,0.0,25.754918898213752,-0.13767328025493342,0.9906294408817189,-0.530482884673873,25.890831864102466,0.13504141385784707,5.1018029903676245,4.088231732885346,0.4097510346179418
2025-01-20 06:00:00,6,0,20,25.496966396758523,64.65001503240279,0.0,2,45.0,180,2.0,0.45,0,0,0.0,25.603986494990334,-0.15093240322341828,-8.79274199778233,-0.10702009823181058,25.75049919055759,0.14435359536787806,2.188767588284154,6.607827453097634,0.1757907519225913
2025-01-20 07:00:00,7,0,20,25.4694259422211,72.60429584907902,0.0,2,45.0,180,2.0,0.45,0,0,0.0,25.71512701096241,0.11114051597207464,7.954280816676231,-0.24570106874130815,25.69134413472217,0.07822637973984602,4.730018817960995,5.616515298404219,0.3798912086729156
2025-01-20 08:00:00,8,0,20,27.19884938359786,68.83037949462562,1.0,2,45.0,180,2.0,0.45,1,1,1.0,24.94571978995467,-0.7694072210077394,-3.773916354453405,2.253129593643191,25.421611098635804,0.4158635074530319,24.37883281161399,2.825030876444765,1.9579846548752868
2025-01-20 09:00:00,9,0,20,25.407102448325766,66.59232431732723,1.0,2,45.0,180,2.0,0.45,1,1,2.0,24.70534375236314,-0.2403760375915276,-2.238055177298392,0.7017586959626243,25.122063517760072,0.5274830709026609,18.106010365979763,3.9927392660673227,1.4541832552669374
2025-01-20 10:00:00,10,0,20,26.42614221849157,54.38556269763413,1.0,2,45.0,180,2.0,0.45,5,1,3.0,24.91967832650776,0.21433457414461898,-12.206761619693097,1.5064638919838096,24.85691395627519,0.13190786363940887,28.47343553047678,6.4484914681633425,2.286842453494941
2025-01-20 11:00:00,11,0,20,29.598277021105744,46.797133629741495,1.0,2,45.0,180,2.0,0.45,2,1,4.0,24.913868115550777,-0.005810210956983752,-7.588429067892633,4.684408905554967,24.846296731473895,0.12210342492261297,25.258551298131902,3.6630452223604513,2.0286391981228045
2025-01-20 12:00:00,12,0,20,28.60741459748417,53.091025712906394,1.0,2,45.0,180,2.0,0.45,5,1,4.0,25.400938375428296,0.4870702598775196,6.293892083164899,3.2064762220558727,25.078161605828942,0.2795479777827435,30.844034843505828,5.235518153210741,2.477237010676429
2025-01-20 13:00:00,13,0,20,30.48112663580807,49.725298192881255,1.0,2,45.0,180,2.0,0.45,4,1,4.0,25.46942101708632,0.0684826416580222,-3.365727520025139,5.011705618721752,25.26140916935513,0.30292087434101406,30.567803257241394,3.588037694748173,2.455051485582711
2025-01-20 14:00:00,14,0,20,27.90854504599137,45.351690182459244,1.0,2,45.0,180,2.0,0.45,3,1,4.0,25.385102585901706,-0.08431843118461302,-4.373608010422011,2.523442460089665,25.418487326138774,0.04481488271166019,26.040098488489566,5.051483909998566,2.0914091189638135
2025-01-20 15:00:00,15,0,20,27.430097034011098,38.51716868865687,1.0,2,45.0,180,2.0,0.45,2,1,4.0,24.740567990001164,-0.6445345959005415,-6.834521493802377,2.6895290440099338,25.198363864329732,0.3986981268746838,24.887687289321597,4.605804992444375,1.9988532750678594
2025-01-20 16:00:00,16,0,20,25.34563894065547,33.523435719748754,1.0,2,45.0,180,2.0,0.45,1,1,4.0,24.383778505528014,-0.3567894844731505,-4.9937329689081125,0.9618604351274556,24.83648302714363,0.5075059105531975,21.95745394761565,3.4526332953491212,1.7635117407704946
2025-01-20 17:00:00,17,0,20,25.908311100438592,27.77841806260773,1.0,2,45.0,180,2.0,0.45,5,1,4.0,24.99778839506867,0.6140098895406574,-5.745017657141023,0.910522705369921,24.70737829686595,0.30834753592511355,28.14764417203759,6.153283667720757,2.2606765379466376
2025-01-20 18:00:00,18,0,20,23.01561645974821,29.45713455620913,1.0,2,45.0,180,2.0,0.45,3,0,3.0,25.806274566399058,0.8084861713303866,1.6787164936013994,-2.7906581066508487,25.06261382233191,0.7134602391255884,9.819082398491974,5.619613264674458,0.7886190782704042
2025-01-20 19:00:00,19,0,20,21.34614615008637,26.306243239666287,0.0,2,45.0,180,2.0,0.45,0,0,2.0,25.773586382787173,-0.03268818361188508,-3.150891316542843,-4.427440232700803,25.525883114751633,0.45763539423273486,4.5244696540437825,6.723507788217097,0.3633825385539501
2025-01-20 20:00:00,20,0,20,19.67927868131563,31.144511447227682,0.0,2,45.0,180,2.0,0.45,0,0,1.0,25.524233816397,-0.24935256639017211,4.838268207561395,-5.844955135081371,25.701364921861074,0.1542682751863382,4.4463166432123,5.487240321947539,0.357105683664185
2025-01-20 21:00:00,21,0,20,19.08798608527845,34.56764863429585,0.0,2,45.0,180,2.0,0.45,0,0,0.0,25.211378631974295,-0.31285518442270543,3.4231371870681677,-6.123392546695843,25.503066277052824,0.28170097143913714,3.6319013782033855,4.733669727689577,0.29169596516347085
2025-01-20 22:00:00,22,0,20,19.255396085440893,30.692938571498836,0.0,2,45.0,180,2.0,0.45,0,0,0.0,24.662286065691774,-0.5490925662825212,-3.874710062797014,-5.406889980250881,25.132632838021024,0.4363360588872758,5.754279034822687,7.148865989011107,0.46215461327114643
2025-01-20 23:00:00,23,0,20,17.55310162491204,42.811461390655694,0.0,2,45.0,180,2.0,0.45,0,0,0.0,24.285954009621918,-0.376332056069856,12.118522819156858,-6.732852384709879,24.71987290242933,0.46539216338259737,5.9422608609563605,5.037853272775557,0.47725236359452616
2025-01-21 00:00:00,0,1,21,18.455613245740967,46.981608170830505,0.0,2,45.0,180,2.0,0.45,0,0,0.0,24.196413889966404,-0.08954011965551345,4.170146780174811,-5.740800644225438,24.381551321760032,0.2472111558863275,5.164128480891466,4.6410137173078745,0.41475670305975176
2025-01-21 01:00:00,1,1,21,19.678243542356363,54.42268419826704,0.0,2,45.0,180,2.0,0.45,0,0,0.0,24.141352956596762,-0.05506093336964213,7.441076027436537,-4.4631094142403995,24.207906952061695,0.07298242248037456,5.084000110362365,6.075747160551657,0.40832119726140204
2025-01-21 02:00:00,2,1,21,21.68377097320751,56.38350753261386,0.0,2,45.0,180,2.0,0.45,0,0,0.0,24.40449236716312,0.2631394105663567,1.96082333434682,-2.7207213939556105,24.24741973790876,0.1387868320173197,3.4344088914638675,5.670317741442437,0.27583436664162037
2025-01-21 03:00:00,3,1,21,19.531621189101674,68.83528429532817,0.0,2,45.0,180,2.0,0.45,0,0,0.0,24.316073419579634,-0.08841894758348445,12.451776762714303,-4.78445223047796,24.28730624777984,0.13390761732695705,5.1042770063670275,5.31683468279086,0.4099497350807646
2025-01-21 04:00:00,4,1,21,21.51440953045299,63.55963992815857,0.0,2,45.0,180,2.0,0.45,0,0,0.0,24.121901212790338,-0.1941722067892968,-5.275644367169598,-2.607491682337347,24.280822333177696,0.1445559388322875,5.958715866383146,4.541641557694346,0.47857394647630336
2025-01-21 05:00:00,5,1,21,21.294769472419105,79.54745495427568,0.0,2,45.0,180,2.0,0.45,0,0,0.0,24.02604084418062,-0.09586036860971703,15.987815026117111,-2.7312713717615154,24.154671825516868,0.14776724431301774,4.159336578387662,5.1018029903676245,0.3340568950891197
2025-01-21 06:00:00,6,1,21,24.425251055146116,69.26710289956112,0.0,2,45.0,180,2.0,0.45,0,0,0.0,23.81932444116039,-0.20671640302023064,-10.280352054714555,0.6059266139857264,23.98908883271045,0.1546359080101836,4.828968480041211,2.188767588284154,0.387838345496704
2025-01-21 07:00:00,7,1,21,22.60937959017515,69.68134064956827,0.0,2,45.0,180,2.0,0.45,0,0,0.0,23.748559212878558,-0.0707652282818323,0.41423775000714613,-1.1391796227034092,23.86464149940652,0.14418474521752517,4.9438374330620825,4.730018817960995,0.3970640393219354
2025-01-21 08:00:00,8,1,21,26.51178888903349,86.16808394944704,0.3,2,45.0,180,2.0,0.45,4,1,1.0,24.413668006275373,0.665108793396815,16.486743299878768,2.098120882758117,23.993850553438108,0.36529022661903643,26.151075536663072,24.37883281161399,2.1003222346591457
2025-01-21 09:00:00,9,1,21,27.70885599262903,73.89919241306757,0.3,2,45.0,180,2.0,0.45,5,1,2.0,24.779436692996168,0.365768686720795,-12.26889153637947,2.929419299632862,24.313887970716696,0.5226319320280138,29.555069979679516,18.106010365979763,2.3737138664985413
2025-01-21 10:00:00,10,1,21,27.085138578499997,65.542637170993,0.3,2,45.0,180,2.0,0.45,5,1,3.0,24.957738560330753,0.17830186733458575,-8.356555242074563,2.1274000181692436,24.71694775320076,0.2773659002922824,28.81976822640482,28.47343553047678,2.3146581454662827
2025-01-21 11:00:00,11,1,21,27.78320783653756,46.81649430753624,0.3,2,45.0,180,2.0,0.45,5,1,4.0,24.999827199996307,0.042088639665553984,-18.726142863456765,2.783380636541253,24.912334151107743,0.11700070160669993,28.82061001326006,25.258551298131902,2.3147257535325907
2025-01-21 12:00:00,12,1,21,30.103331897061896,35.41817661044935,0.3,2,45.0,180,2.0,0.45,1,1,4.0,24.15088474688256,-0.8489424531137466,-11.398317697086888,5.952447150179335,24.70281683573654,0.47845024446342904,26.56539032243108,30.844034843505828,2.13359790454418
2025-01-21 13:00:00,13,1,21,29.840461248266553,48.3418674285829,0.3,2,45.0,180,2.0,0.45,1,1,4.0,24.033567908379176,-0.1173168385033847,12.92369081813355,5.806893339887377,24.39475995175268,0.5272765795308976,24.83787015526658,30.567803257241394,1.9948522146076095
2025-01-21 14:00:00,14,1,21,28.860548180726575,35.93970230437333,0.3,2,45.0,180,2.0,0.45,3,1,4.0,23.853273134210887,-0.18029477416828854,-12.402165124209574,5.007275046515687,24.012575263157544,0.14991226222087461,29.022964622997574,26.040098488489566,2.3309778532032763
2025-01-21 15:00:00,15,1,21,26.34069719767338,33.28614441600109,0.3,2,45.0,180,2.0,0.45,1,1,4.0,23.495464149887148,-0.3578089843237393,-2.6535578883722337,2.8452330477862304,23.794101730825734,0.27388839873133536,21.523150832592954,24.887687289321597,1.728630709289206
2025-01-21 16:00:00,16,1,21,26.75049746900997,28.138139579837542,0.3,2,45.0,180,2.0,0.45,1,1,4.0,23.146446597698112,-0.34901755218903574,-5.148004836163551,3.604050871311859,23.498394627265384,0.3534223803790516,23.334876351654508,21.95745394761565,1.8741393475648889
2025-01-21 17:00:00,17,1,21,26.49216386647726,33.09526342058768,0.3,2,45.0,180,2.0,0.45,4,1,4.0,23.50595560589159,0.3595090081934771,4.9571238407501355,2.98620826058567,23.382622117825616,0.20460125828739273,25.692885516030646,28.14764417203759,2.0635227276299215
2025-01-21 18:00:00,18,1,21,25.86806924032094,41.76563338311141,0.3,2,45.0,180,2.0,0.45,5,1,4.0,24.041944212218812,0.5359886063272228,8.67036996252373,1.8261250281021262,23.56478213860284,0.4506377870486115,28.12779183603295,9.819082398491974,2.2590820986409956
2025-01-21 19:00:00,19,1,21,21.33775331066697,33.352255366472136,0.0,2,45.0,180,2.0,0.45,0,0,3.0,23.728075777818233,-0.3138684344005789,-8.413378016639271,-2.3903224671512646,23.75865853197621,0.26929987962667684,3.543042196149033,4.5244696540437825,0.2845592447038963
2025-01-21 20:00:00,20,1,21,20.4375970892879,38.04599197377568,0.0,2,45.0,180,2.0,0.45,0,0,2.0,23.998406023954026,0.27033024613579215,4.693736607303542,-3.560808934666124,23.92280867133036,0.17004284260421396,3.9894926179145416,4.4463166432123,0.3204158864772887
2025-01-21 21:00:00,21,1,21,19.86228223528247,31.221197309158207,0.0,2,45.0,180,2.0,0.45,0,0,1.0,23.73796232610059,-0.2604436978534359,-6.824794664617471,-3.8756800908181184,23.821481375957617,0.15330095975107463,5.101342473580379,3.6319013782033855,0.4097140482367764
2025-01-21 22:00:00,22,1,21,19.881719673537333,36.547629548459355,0.0,2,45.0,180,2.0,0.45,0,0,0.0,23.47128927279917,-0.266673053301421,5.326432239301148,-3.5895695992618357,23.735885874284595,0.26356451027404765,3.5776863610597944,5.754279034822687,0.28734168895791024
2025-01-21 23:00:00,23,1,21,19.216497749689943,41.79000768271131,0.0,2,45.0,180,2.0,0.45,0,0,0.0,23.033786739037247,-0.43750253376192205,5.2423781342519575,-3.817288989347304,23.41434611264567,0.35552455185273363,4.5766118721137925,5.9422608609563605,0.36757033801265115
2025-01-22 00:00:00,0,2,22,19.380481611331074,51.53516354572885,0.0,2,45.0,180,2.0,0.45,0,0,0.0,23.31202217079307,0.27823543175582444,9.745155863017537,-3.9315405594619968,23.272366060876497,0.2214307387247802,4.4442855332607785,5.164128480891466,0.35694255517693646
2025-01-22 01:00:00,1,2,22,18.181601042073407,54.98157544924939,0.0,2,45.0,180,2.0,0.45,0,0,0.0,23.21206979167972,-0.09995237911335053,3.4464119035205414,-5.030468749606314,23.185959567170016,0.14094341679886943,6.44043543560079,5.084000110362365,0.5172632279431315
2025-01-22 02:00:00,2,2,22,19.568726744475395,61.31379193426029,0.0,2,45.0,180,2.0,0.45,0,0,0.0,22.750497169319257,-0.4615726223604639,6.332216485010896,-3.1817704248438616,23.091529710597346,0.2995413413544847,5.158106576918322,3.4344088914638675,0.4142730541638567
2025-01-22 03:00:00,3,2,22,20.754406745748145,63.819064615209186,0.0,2,45.0,180,2.0,0.45,0,0,0.0,22.587603273076407,-0.16289389624284922,2.5052726809488988,-1.833196527328262,22.850056744691795,0.3239192646328779,4.468985183463552,5.1042770063670275,0.35892630626344374
2025-01-22 04:00:00,4,2,22,20.90857468714011,71.02268665624565,0.0,2,45.0,180,2.0,0.45,0,0,0.0,22.451731450966143,-0.13587182211026416,7.203622041036468,-1.5431567638260333,22.5966106311206,0.14958638972135557,6.01480803614529,5.958715866383146,0.48307898609413996
2025-01-22 05:00:00,5,2,22,20.638704303070526,65.89986273553313,0.0,2,45.0,180,2.0,0.45,0,0,0.0,22.65676759266036,0.20503614169421525,-5.12282392071252,-2.0180632895898327,22.565367438900967,0.10431097301446982,5.37941493851535,4.159336578387662,0.43204742340257346
2025-01-22 06:00:00,6,2,22,22.691670359031022,69.38474707194233,0.0,2,45.0,180,2.0,0.45,0,0,0.0,22.773899162556678,0.11713156989631912,3.484884336409195,-0.08222880352565554,22.627466068727728,0.1630703623481447,5.115321766847177,4.828968480041211,0.410836794428684
2025-01-22 07:00:00,7,2,22,22.506349459743973,61.33809424448238,0.0,2,45.0,180,2.0,0.45,0,0,0.0,22.472021215928436,-0.30187794662824174,-8.046652827459951,0.03432824381553701,22.634229323715157,0.15219577471240503,5.701256113737344,4.9438374330620825,0.45789608019681866
2025-01-22 08:00:00,8,2,22,26.550310710587066,68.28941628849313,1.0,2,45.0,180,2.0,0.45,1,1,1.0,23.038239574404123,0.5662183584756875,6.951322044010752,3.512071136182943,22.76138665096308,0.2833164830686925,20.57449026547706,26.151075536663072,1.6524390865215517
2025-01-22 09:00:00,9,2,22,27.538408576551117,57.69714478339367,1.0,2,45.0,180,2.0,0.45,3,1,2.0,23.98805322314004,0.9498136487359155,-10.592271505099461,3.550355353411078,23.16610467115753,0.7660615993170715,25.25848582470965,29.555069979679516,2.0286339396283943
2025-01-22 10:00:00,10,2,22,27.892062317725376,66.32872260819993,1.0,2,45.0,180,2.0,0.45,4,1,3.0,25.185020519247566,1.1969672961075268,8.631577824806257,2.7070417984778103,24.07043777226391,1.075759042135542,28.93453555734731,28.81976822640482,2.323875677519718
2025-01-22 11:00:00,11,2,22,31.757869370948804,48.43857208458249,1.0,2,45.0,180,2.0,0.45,2,1,4.0,24.926891067455667,-0.2581294517918984,-17.890150523617436,6.830978303493136,24.699988269947756,0.6299177221076716,29.67078612726217,28.82061001326006,2.3830076027097427
2025-01-22 12:00:00,12,2,22,28.868761021170265,51.82507163157239,1.0,2,45.0,180,2.0,0.45,1,1,4.0,24.98222547644549,0.05533440898982178,3.386499546989903,3.886535544724776,25.031379021049574,0.13590348296067706,25.34262130171804,26.56539032243108,2.0353912759695567
2025-01-22 13:00:00,13,2,22,22.698889774698177,44.50698236408583,1.0,2,45.0,180,2.0,0.45,3,0,3.0,25.86312943006764,0.8809039536221519,-7.318089267486563,-3.164239655369464,25.257415324656264,0.5252929252571139,7.9543117417613285,24.83787015526658,0.6388501225966569
2025-01-22 14:00:00,14,2,22,26.620920100431746,44.12243506905673,1.0,2,45.0,180,2.0,0.45,5,1,3.0,25.792387250614656,-0.070742179452985,-0.3845472950291011,0.8285328498170905,25.545914052375924,0.48944838539338187,27.551712925908763,29.022964622997574,2.2128143517502137
2025-01-22 15:00:00,15,2,22,26.776335061691427,31.568096270459513,1.0,2,45.0,180,2.0,0.45,2,1,3.0,25.278101735527706,-0.5142855150869501,-12.554338798597215,1.4982333261637208,25.644539472070004,0.3193095286082193,25.209764078968337,21.523150832592954,2.0247208552220406
2025-01-22 16:00:00,16,2,22,29.020571551594053,27.73447438960651,1.0,2,45.0,180,2.0,0.45,5,1,3.0,25.64484927586469,0.3667475403369842,-3.833621880853002,3.3757222757293626,25.571779420669017,0.2648146532212368,31.541032835428403,23.334876351654508,2.5332163671619927
2025-01-22 17:00:00,17,2,22,24.086978300920233,35.64510369965473,1.0,2,45.0,180,2.0,0.45,4,1,4.0,25.760116114930494,0.1152668390658036,7.910629310048222,-1.6731378140102606,25.561022375440967,0.25170355065758393,21.581630556606957,25.692885516030646,1.7333275051992305
2025-01-22 18:00:00,18,2,22,24.563325159347748,25.842729596237053,1.0,2,45.0,180,2.0,0.45,4,1,4.0,25.492898925595092,-0.2672171893354012,-9.80237410341768,-0.9295737662473442,25.632621438796757,0.13402759629449965,24.368692023275898,28.12779183603295,1.957170198001664
2025-01-22 19:00:00,19,2,22,21.316088989134638,24.879824475142204,0.0,2,45.0,180,2.0,0.45,0,0,3.0,24.992731124551653,-0.5001678010434389,-0.9629051210948489,-3.6766421354170156,25.41524872169241,0.38954087909892837,7.337352411938442,3.543042196149033,0.5892990669817273
2025-01-22 20:00:00,20,2,22,21.542389076899543,21.20525481762683,0.0,2,45.0,180,2.0,0.45,0,0,2.0,24.935239710509464,-0.057491414042189604,-3.6745696575153737,-3.392850633609921,25.140289920218738,0.30671835399338393,4.2007241283494405,3.9894926179145416,0.33738093395325436
2025-01-22 21:00:00,21,2,22,18.55815632677102,28.225557509910463,0.0,2,45.0,180,2.0,0.45,0,0,1.0,24.547096380550535,-0.388143329958929,7.020302692283632,-5.988940053779515,24.825022405203885,0.24240146875947058,3.9902226397003835,5.101342473580379,0.32047451813801864
2025-01-22 22:00:00,22,2,22,19.690153534863274,42.021803261963846,0.0,2,45.0,180,2.0,0.45,0,0,0.0,24.30091781362252,-0.2461785669280161,13.796245752053384,-4.610764278759245,24.594417968227503,0.3197976965405844,4.986731543007601,3.5776863610597944,0.40050907747067926
2025-01-22 23:00:00,23,2,22,19.08746867419953,37.046692496924834,0.0,2,45.0,180,2.0,0.45,0,0,0.0,23.934429918265245,-0.3664878953572739,-4.9751107650390125,-4.846961244065714,24.2608147041461,0.3082957071456795,5.1672599794420995,4.5766118721137925,0.41500820919855197
2025-01-23 00:00:00,0,3,23,18.22242252046666,52.23998978741366,0.0,2,45.0,180,2.0,0.45,0,0,0.0,23.826315062935674,-0.10811485532957121,15.193297290488829,-5.603892542469012,24.020554264941143,0.24874684934195232,4.97882637802751,4.4442855332607785,0.3998741745676206
2025-01-23 01:00:00,1,3,23,17.207960669143343,58.24719960540166,0.0,2,45.0,180,2.0,0.45,0,0,0.0,23.1864553204984,-0.6398597424372738,6.007209817987999,-5.9784946513550565,23.64906676723311,0.40426379812335866,5.997261132937324,6.44043543560079,0.4816697075003998
2025-01-23 02:00:00,2,3,23,19.711947316565592,61.82869996039982,0.0,2,45.0,180,2.0,0.45,0,0,0.0,23.447900881974693,0.26144556147629316,3.5815003549981554,-3.735953565409101,23.486890421802922,0.32170679299619126,5.938728067425374,5.158106576918322,0.4769686274708173
2025-01-23 03:00:00,3,3,23,20.383857610547338,60.66167092055721,0.0,2,45.0,180,2.0,0.45,0,0,0.0,23.39792724998006,-0.04997363199463223,-1.1670290398426033,-3.014069639432723,23.344094484151054,0.13878732078768377,4.659129925167995,4.468985183463552,0.37419777103534047
2025-01-23 04:00:00,4,3,23,20.147404521559,79.46736212310792,0.0,2,45.0,180,2.0,0.45,0,0,0.0,23.295003079330066,-0.10292417064999526,18.805691202550705,-3.1475985577710652,23.380277070428274,0.07796204936990465,5.188954477242356,6.01480803614529,0.4167506016303952
2025-01-23 05:00:00,5,3,23,22.24870926206085,73.10514884170203,0.0,2,45.0,180,2.0,0.45,0,0,0.0,23.663696395318798,0.36869331598873245,-6.362213281405886,-1.4149871332579487,23.45220890820964,0.19024606205836517,5.524878549775879,5.37941493851535,0.44373032556986575
2025-01-23 06:00:00,6,3,23,23.417645572972376,77.97300421548043,0.0,2,45.0,180,2.0,0.45,0,0,0.0,23.438310598189478,-0.22538579712932005,4.867855373778397,-0.02066502521710234,23.465670024279447,0.18586310543133602,4.6622425882327105,5.115321766847177,0.37444776440309546
2025-01-23 07:00:00,7,3,23,24.593529110661404,66.77677882032694,0.0,2,45.0,180,2.0,0.45,0,0,0.0,23.403963771701743,-0.03434682648773446,-11.19622539515349,1.1895653389596603,23.50199025507001,0.14109069057870066,5.310414515772071,5.701256113737344,0.4265056581361541
2025-01-23 08:00:00,8,3,23,25.329913329813966,73.6097313972902,1.0,2,45.0,180,2.0,0.45,2,1,1.0,23.887651819612785,0.48368804791104125,6.832952576963265,1.442261510201181,23.576642063168006,0.2698892876259384,21.70727308953723,20.57449026547706,1.7434184785193292
2025-01-23 09:00:00,9,3,23,24.387471377596164,62.92502315849193,1.0,2,45.0,180,2.0,0.45,4,1,2.0,24.617918012608456,0.7302661929956713,-10.684708238798272,-0.23044663501229223,23.969844534640995,0.6111366103880076,25.651838365081172,25.25848582470965,2.0602260278942746
2025-01-23 10:00:00,10,3,23,27.40486976908352,53.949736731163355,1.0,2,45.0,180,2.0,0.45,3,1,3.0,25.271763624914556,0.6538456123060996,-8.975286427328577,2.1331061441689627,24.592444485711933,0.6924074290641786,25.37881875305436,28.93453555734731,2.038298472339858
2025-01-23 11:00:00,11,3,23,26.931096512126526,58.96426054177798,1.0,2,45.0,180,2.0,0.45,5,1,4.0,25.531462458891774,0.25969883397721816,5.014523810614627,1.3996340532347524,25.140381365471598,0.47073011100412687,27.99118543834697,29.67078612726217,2.2481105631087646
2025-01-23 12:00:00,12,3,23,28.019463086780835,47.46702352575432,1.0,2,45.0,180,2.0,0.45,4,1,4.0,25.49268002191584,-0.0387824369759322,-11.49723701602366,2.5267830648649934,25.43196870190739,0.14009021869885616,29.01699261481699,25.34262130171804,2.330498211685295
2025-01-23 13:00:00,13,3,23,26.091720942833245,46.24694282059656,1.0,2,45.0,180,2.0,0.45,1,1,4.0,24.88910964535703,-0.6035703765588103,-1.2200807051577627,1.2026112974762135,25.304417375388216,0.3601893978480255,23.92795493694032,7.9543117417613285,1.9217724224581034
2025-01-23 14:00:00,14,3,23,27.0049931051592,43.37753381392768,1.0,2,45.0,180,2.0,0.45,4,1,4.0,25.30245957364365,0.41334992828661754,-2.8694090066688815,1.7025335315155523,25.228083080305506,0.3085825609714977,25.948179490271798,27.551712925908763,2.0840266495325386
2025-01-23 15:00:00,15,3,23,27.20033451387655,36.49044617945472,1.0,2,45.0,180,2.0,0.45,2,1,4.0,24.990431803735284,-0.3120277699083651,-6.887087634472955,2.209902710141268,25.060667007578655,0.2154397333310617,24.402915919396307,25.209764078968337,1.9599188883902328
2025-01-23 16:00:00,16,3,23,26.761975499524347,38.88978655417899,1.0,2,45.0,180,2.0,0.45,2,1,4.0,25.129444914790643,0.13901311105535896,2.399340374724268,1.6325305847337042,25.140778764056524,0.15632234134254508,23.509620604517924,31.541032835428403,1.8881739228982581
2025-01-23 17:00:00,17,3,23,26.060361566070604,21.009763277781822,1.0,2,45.0,180,2.0,0.45,4,1,4.0,24.922220933118798,-0.20722398167184508,-17.880023276397168,1.1381406329518065,25.01403255054824,0.10560866954237551,24.826391024955903,21.581630556606957,1.9939302688699567
2025-01-23 18:00:00,18,3,23,22.60531974910273,31.414396397342234,1.0,2,45.0,180,2.0,0.45,2,0,3.0,25.3248287733598,0.4026078402410036,10.404633119560412,-2.7195090242570714,25.12549820708975,0.2013329347922757,8.383074916215586,24.368692023275898,0.6732862140471512
2025-01-23 19:00:00,19,3,23,24.129968726786366,36.62801466910044,0.0,2,45.0,180,2.0,0.45,0,0,2.0,25.110461206939934,-0.21436756641986676,5.213618271758204,-0.9804924801535684,25.119170304472846,0.20144516509634003,6.054360864118259,7.337352411938442,0.48625566935975967
2025-01-23 20:00:00,20,3,23,20.09688155918409,26.44879224883159,0.0,2,45.0,180,2.0,0.45,0,0,1.0,25.012005684213957,-0.09845552272597757,-10.179222420268847,-4.915124125029866,25.149098554837895,0.15995063227465214,7.209207369491838,4.2007241283494405,0.5790071047435162
2025-01-23 21:00:00,21,3,23,18.19249401621735,36.16095795271234,0.0,2,45.0,180,2.0,0.45,0,0,0.0,24.79251678042411,-0.21948890378984842,9.712165703880746,-6.600022764206759,24.971661223859332,0.16276646214447446,3.93274309878481,3.9902226397003835,0.3158580518801118
2025-01-23 22:00:00,22,3,23,18.25714795177717,49.14655820865691,0.0,2,45.0,180,2.0,0.45,0,0,0.0,24.312831112531473,-0.47968566789263534,12.985600255944576,-6.0556831607543025,24.70578452572318,0.3575655652127353,5.2333795561472565,4.986731543007601,0.42031859946932293
2025-01-23 23:00:00,23,3,23,15.920862397747255,45.37975636849511,0.0,2,45.0,180,2.0,0.45,0,0,0.0,24.062218567762276,-0.25061254476919714,-3.766801840161804,-8.14135617001502,24.389188820239287,0.3710885938680706,4.023930973246015,5.1672599794420995,0.32318180114593703
2025-01-24 00:00:00,0,4,24,18.186169964358715,47.5249679822904,0.0,2,45.0,180,2.0,0.45,0,0,0.0,23.509548169946125,-0.5526703978161507,2.14521161379529,-5.32337820558741,23.961532616746624,0.4109977092527408,3.9445510114275235,4.97882637802751,0.31680640375319763
2025-01-24 01:00:00,1,4,24,17.63106763766851,53.84724325559061,0.0,2,45.0,180,2.0,0.45,0,0,0.0,23.01209844122768,-0.49744972871844695,6.322275273300214,-5.381030803559167,23.52795505964536,0.5253019895540657,5.911529800221487,5.997261132937324,0.47478420009334915
2025-01-24 02:00:00,2,4,24,17.943014989010234,71.60571135543202,0.0,2,45.0,180,2.0,0.45,0,0,0.0,22.596954620463453,-0.41514382076422507,17.75846809984141,-4.65393963145322,23.039533743879087,0.45691494669458266,4.686876018793492,5.938728067425374,0.3764261970625937
2025-01-24 03:00:00,3,4,24,21.350758959214335,60.3998547917215,0.0,2,45.0,180,2.0,0.45,0,0,0.0,22.574013642487802,-0.022940977975650867,-11.205856563710519,-1.223254683273467,22.727688901392977,0.24657283280855719,4.169500387835737,4.659129925167995,0.334873200901961
2025-01-24 04:00:00,4,4,24,19.39733008265571,62.94430369392656,0.0,2,45.0,180,2.0,0.45,0,0,0.0,22.335192925312523,-0.23882071717527964,2.5444489022050547,-2.9378628426568127,22.50205372942126,0.14496022929876315,7.168454972806459,5.188954477242356,0.5757340781808438
2025-01-24 05:00:00,5,4,24,22.078414753803017,64.33049532858696,0.0,2,45.0,180,2.0,0.45,0,0,0.0,22.32168005158954,-0.013512873722984153,1.3861916346604062,-0.24326529778652173,22.41029553979662,0.1419449269982206,4.251471975758493,5.524878549775879,0.341456744606812
2025-01-24 06:00:00,6,4,24,24.37118086579858,69.30736424114963,0.0,2,45.0,180,2.0,0.45,0,0,0.0,22.792434836630743,0.4707547850412048,4.976868912562665,1.578746029167835,22.483102604510936,0.26797475965116463,5.860896259103599,4.6622425882327105,0.4707175699434598
2025-01-24 07:00:00,7,4,24,25.903124100606217,65.16701819484223,0.0,2,45.0,180,2.0,0.45,0,0,0.0,22.714741642612935,-0.07769319401780805,-4.1403460463074,3.1883824579932813,22.609618843611074,0.25237000428370937,5.37415295927608,5.310414515772071,0.4316248078210821
2025-01-24 08:00:00,8,4,24,26.30635490782727,63.05680425777266,1.0,2,45.0,180,2.0,0.45,2,1,1.0,23.16223936486,0.4474977222470642,-2.1102139370695667,3.1441155429672705,22.889805281367895,0.23911149174640217,22.64633685006466,21.70727308953723,1.8188393342785207
2025-01-24 09:00:00,9,4,24,29.22643927082207,72.54443759296043,1.0,2,45.0,180,2.0,0.45,2,1,2.0,23.609158199752333,0.4469188348923332,9.487633335187773,5.617281071069737,23.16204640240842,0.44720830979202597,24.576457820616202,25.651838365081172,1.973856896915586
2025-01-24 10:00:00,10,4,24,28.869109360369148,67.81273019988916,1.0,2,45.0,180,2.0,0.45,3,1,3.0,24.183233461777807,0.5740752620254739,-4.731707393071275,4.685875898591341,23.651543675463376,0.5118150377808269,28.27257595984443,25.37881875305436,2.2707104278101173
2025-01-24 11:00:00,11,4,24,29.211914844842926,53.735576187842284,1.0,2,45.0,180,2.0,0.45,3,1,4.0,24.439491964692373,0.25625850291456587,-14.077154012046876,4.772422880150554,24.07729454207417,0.42518329145294836,29.50676003624251,27.99118543834697,2.3698338559722587
2025-01-24 12:00:00,12,4,24,29.212087404636655,55.522591455382425,1.0,2,45.0,180,2.0,0.45,2,1,4.0,24.580200453399172,0.14070848870679953,1.7870152675401414,4.631886951237483,24.400975293289786,0.20126685914749012,25.75227285133798,29.01699261481699,2.0682924182924824
2025-01-24 13:00:00,13,4,24,28.06467599944968,48.80228555811551,1.0,2,45.0,180,2.0,0.45,5,1,4.0,25.43649234928121,0.8562918958820376,-6.720305897266918,2.62818365016847,24.81872825579092,0.5396054819058761,29.861818076425475,23.92795493694032,2.3983503235013006
2025-01-24 14:00:00,14,4,24,27.69928651810135,45.836892029295456,1.0,2,45.0,180,2.0,0.45,2,1,4.0,25.317728036742665,-0.11876431253854491,-2.9653935288200515,2.3815584813586845,25.111473613141015,0.4639122957841039,25.442434222093826,25.948179490271798,2.0434077453372357
2025-01-24 15:00:00,15,4,24,28.419027315727845,36.153681236755084,1.0,2,45.0,180,2.0,0.45,5,1,4.0,25.801303233002148,0.4835751962594834,-9.683210792540372,2.6177240827256973,25.518507873008673,0.2520042702187811,30.21817674611046,24.402915919396307,2.426971251019314
2025-01-24 16:00:00,16,4,24,26.015805329433817,35.38409166924859,1.0,2,45.0,180,2.0,0.45,2,1,4.0,25.16398859397266,-0.637314639029487,-0.7695895675064932,0.8518167354611563,25.427673287905822,0.3325784959528361,23.891350551759256,23.509620604517924,1.9188325432178008
2025-01-24 17:00:00,17,4,24,26.053559997244612,21.719687773458574,1.0,2,45.0,180,2.0,0.45,3,1,4.0,25.0168869235572,-0.14710167041546285,-13.664403895790016,1.036673073687414,25.327392916844,0.4169567917428856,24.89340011091821,24.826391024955903,1.9993121000291956
2025-01-24 18:00:00,18,4,24,22.695181865273828,25.429273388530863,1.0,2,45.0,180,2.0,0.45,5,0,3.0,26.249577002013883,1.2326900784566845,3.709585615072289,-3.5543951367400552,25.47681750651458,0.6732589797194983,12.298709841133471,8.383074916215586,0.9877702238571102
2025-01-24 19:00:00,19,4,24,23.64541516483243,23.308070992412247,0.0,2,45.0,180,2.0,0.45,0,0,2.0,26.22690929740422,-0.022667704609663275,-2.1212023961186155,-2.581494132571791,25.831124407658432,0.7052414243325761,5.587572027676799,6.054360864118259,0.44876554889820675
2025-01-24 20:00:00,20,4,24,21.66099125500287,31.69408013844215,0.0,2,45.0,180,2.0,0.45,0,0,1.0,25.728575113992516,-0.49833418341170344,8.386009146029902,-4.0675838589896465,26.068353804470206,0.29447516887687697,3.1447659611503953,7.209207369491838,0.25257171016707747
2025-01-24 21:00:00,21,4,24,19.911532295475816,33.75107302990047,0.0,2,45.0,180,2.0,0.45,0,0,0.0,25.502565008911546,-0.2260101050809702,2.056992891458318,-5.59103271343573,25.819349806769427,0.37060584952815795,6.485893385097313,3.93274309878481,0.5209141807284464
2025-01-24 22:00:00,22,4,24,19.91547014039085,47.314935851453924,0.0,2,45.0,180,2.0,0.45,0,0,0.0,25.264401133070674,-0.23816387584087195,13.563862821553457,-5.348930992679826,25.498513751991577,0.23211350812289028,5.027708043889347,5.2333795561472565,0.4038001029499106
2025-01-24 23:00:00,23,4,24,18.705031418704802,51.128318017361146,0.0,2,45.0,180,2.0,0.45,0,0,0.0,25.136605315983623,-0.12779581708705123,3.813382165907221,-6.43157389727882,25.301190485988613,0.18573291732483582,5.380625988741796,4.023930973246015,0.4321446888368126
2025-01-25 00:00:00,0,5,25,20.821248693465918,44.69175739180183,0.0,2,45.0,180,2.0,0.45,0,0,0.0,25.080088863327994,-0.05651645265562877,-6.436560625559316,-4.258840169862076,25.160365104127425,0.09442536123218614,5.109049706625781,3.9445510114275235,0.4103330542470746
2025-01-25 01:00:00,1,5,25,21.309459095500753,60.99149484984172,0.0,2,45.0,180,2.0,0.45,0,0,0.0,25.0884238271662,0.008334963838205312,16.299737458039893,-3.7789647316654467,25.101706002159272,0.030509662150335647,4.468858444530293,5.911529800221487,0.35891612723278976
2025-01-25 02:00:00,2,5,25,17.677158002852828,55.431355621295076,0.0,2,45.0,180,2.0,0.45,0,0,0.0,24.406462633346244,-0.681961193819955,-5.560139228546646,-6.7293046304934165,24.85832510794681,0.3913465725793104,4.126567481953449,4.686876018793492,0.33142504685962815
2025-01-25 03:00:00,3,5,25,21.104012791148616,65.06518211312188,0.0,2,45.0,180,2.0,0.45,0,0,0.0,24.45608630559266,0.049623672246415396,9.633826491826802,-3.3520735144440437,24.65032425536837,0.38021579835508523,4.2482896199657265,4.169500387835737,0.3412011538713269
2025-01-25 04:00:00,4,5,25,21.953002616700463,69.90281360284447,0.0,2,45.0,180,2.0,0.45,0,0,0.0,24.120591123797386,-0.3354951817952738,4.837631489722597,-2.167588507096923,24.327713354245432,0.1810810342665054,5.226011228122404,7.168454972806459,0.4197268125976448
2025-01-25 05:00:00,5,5,25,22.761751874838595,72.66454418930131,0.0,2,45.0,180,2.0,0.45,0,0,0.0,24.362293517806034,0.241702394008648,2.761730586456835,-1.600541642967439,24.312990315732026,0.17309638515265405,4.507337193952873,4.251471975758493,0.3620065459370155
2025-01-25 06:00:00,6,5,25,24.708080671098422,71.74615065303387,0.0,2,45.0,180,2.0,0.45,0,0,0.0,24.619167976384727,0.25687445857869307,-0.9183935362674447,0.08891269471369512,24.367350872662715,0.24932689809260275,6.023295809763232,5.860896259103599,0.4837606811788229
2025-01-25 07:00:00,7,5,25,25.47380823867809,70.29959594682269,0.0,2,45.0,180,2.0,0.45,0,0,0.0,24.765789134966788,0.14662115858206093,-1.4465547062111739,0.7080191037113011,24.58241687638585,0.2042428965233154,3.3838920536487422,5.37415295927608,0.2717771095112577
2025-01-25 08:00:00,8,5,25,26.194583639123223,71.92565782225465,1.0,2,45.0,180,2.0,0.45,0,0,0.0,24.90917054403814,0.14338140907135255,1.626061875431958,1.285413095085083,24.76470921846322,0.14500429985364596,3.9064150433731037,22.64633685006466,0.3137435155162433
2025-01-25 09:00:00,9,5,25,28.54177944148443,61.77484094314525,1.0,2,45.0,180,2.0,0.45,0,0,0.0,25.42886447769407,0.5196939336559296,-10.1508168791094,3.1129149637903595,25.034608052232997,0.3488812890937982,3.577499798952317,24.576457820616202,0.2873267052322149
2025-01-25 10:00:00,10,5,25,27.303963681790222,55.16832894167186,1.0,2,45.0,180,2.0,0.45,0,0,0.0,25.99822991775687,0.5693654400627999,-6.606512001473391,1.3057337640333522,25.44542164649636,0.5447184453918914,5.475118635284677,28.27257595984443,0.4397338606958269
2025-01-25 11:00:00,11,5,25,31.456893885742257,49.13262207230915,1.0,2,45.0,180,2.0,0.45,0,0,0.0,26.992297038727628,0.9940671209707581,-6.035706869362713,4.464596847014629,26.139797144726188,0.7912719526425771,6.367005372370808,29.50676003624251,0.511365696337667
2025-01-25 12:00:00,12,5,25,26.469391215225237,57.246984597859125,1.0,2,45.0,180,2.0,0.45,0,0,0.0,27.32312665634496,0.33082961761733287,8.114362525549978,-0.8537354411197242,26.77121787094315,0.6895613394046601,5.286650437042537,25.75227285133798,0.42459704742253906
2025-01-25 13:00:00,13,5,25,28.7731436535918,49.70919452805828,1.0,2,45.0,180,2.0,0.45,0,0,0.0,28.010114211810745,0.6869875554657838,-7.537790069800842,0.7630294417810539,27.441845968961115,0.5191903849714484,6.983015604114198,29.861818076425475,0.5608405251910454
2025-01-25 14:00:00,14,5,25,28.666251554227397,36.51146355617506,1.0,2,45.0,180,2.0,0.45,0,0,0.0,28.685104485548276,0.6749902737375315,-13.197730971883225,-0.018852931320878952,28.006115117901327,0.6809977212696682,4.339033485285704,25.442434222093826,0.34848924256669467
2025-01-25 15:00:00,15,5,25,26.50845582485898,29.141931405399255,1.0,2,45.0,180,2.0,0.45,0,0,0.0,29.311020437109075,0.625915951560799,-7.369532150775804,-2.8025646122500945,28.668746378156033,0.6506073643244282,5.439616369644137,30.21817674611046,0.43688249812754315
2025-01-25 16:00:00,16,5,25,27.44948358966256,35.218495840207254,1.0,2,45.0,180,2.0,0.45,0,0,0.0,29.562480780802932,0.25146034369385717,6.076564434807999,-2.112997191140373,29.186201901153428,0.45180973988771567,4.44432310850759,23.891350551759256,0.35694557303087676
2025-01-25 17:00:00,17,5,25,24.176314763237414,38.675606072882154,1.0,2,45.0,180,2.0,0.45,0,0,0.0,29.620577544058904,0.05809676325597124,3.4571102326749,-5.444262780821489,29.498026253990304,0.1645362882038774,2.786418542266807,24.89340011091821,0.22379105636342306
2025-01-25 18:00:00,18,5,25,23.225057745630952,26.33285022464658,1.0,2,45.0,180,2.0,0.45,0,0,0.0,30.33473754936153,0.7141600053026274,-12.342755848235573,-7.109679803730579,29.839265291407788,0.4300736881938965,4.991497946534313,12.298709841133471,0.4008918909152917
2025-01-25 19:00:00,19,5,25,22.745722903866945,26.975447521578733,0.0,2,45.0,180,2.0,0.45,0,0,0.0,30.190602419299218,-0.14413513006231327,0.6425972969321521,-7.444879515432273,30.04863917090655,0.37765235496986294,5.953872193463229,5.587572027676799,0.47818492714450356
2025-01-25 20:00:00,20,5,25,23.582862460070107,33.71994891392254,0.0,2,45.0,180,2.0,0.45,0,0,0.0,29.831363387704883,-0.3592390315943348,6.74450139234381,-6.248500927634776,30.118901118788546,0.2592338597237076,6.726941536050288,3.1447659611503953,0.540273950094728
2025-01-25 21:00:00,21,5,25,21.35895554006524,43.58426532653341,0.0,2,45.0,180,2.0,0.45,0,0,0.0,29.260998515227264,-0.5703648724776187,9.864316412610869,-7.902042975162026,29.760988107410455,0.46878072131221454,3.8261325553697345,6.485893385097313,0.30729563178118113
2025-01-25 22:00:00,22,5,25,21.463124263769043,38.65207127778896,0.0,2,45.0,180,2.0,0.45,0,0,0.0,28.910689755450978,-0.3503087597762864,-4.932194048744449,-7.447565491681935,29.334350552794376,0.46469923105538863,3.9738454432114354,5.027708043889347,0.31915918447692715
2025-01-25 23:00:00,23,5,25,21.096328907731564,47.754388394445655,0.0,2,45.0,180,2.0,0.45,0,0,0.0,28.63085156440019,-0.2798381910507892,9.102317116656693,-7.534522656668624,28.934179945026145,0.3157295308709452,4.056218300529389,5.380625988741796,0.3257749561118165
2025-01-26 00:00:00,0,6,26,19.364375624026824,48.21682362221506,0.0,2,45.0,180,2.0,0.45,0,0,0.0,27.70067440650654,-0.9301771578936489,0.4624352277694044,-8.336298782479716,28.4140719087859,0.6334661399684739,4.244275878747576,5.109049706625781,0.34087879045981706
2025-01-26 01:00:00,1,6,26,20.584435829895796,49.646670397327306,0.0,2,45.0,180,2.0,0.45,0,0,0.0,27.549477460776117,-0.15119694573042253,1.429846775112246,-6.965041630880322,27.960334477227615,0.5855851793227134,6.017453902631362,4.468858444530293,0.48329148871961886
2025-01-26 02:00:00,2,6,26,20.362500950041223,58.74101519979796,0.0,2,45.0,180,2.0,0.45,0,0,0.0,27.210250303873757,-0.3392271569023606,9.094344802470651,-6.847749353832533,27.486800723718805,0.25114782526821383,5.966320869795105,4.126567481953449,0.47918474191905297
2025-01-26 03:00:00,3,6,26,19.524025998211243,62.71252833345817,0.0,2,45.0,180,2.0,0.45,0,0,0.0,26.544597010140606,-0.6656532937331505,3.97151313366021,-7.020571011929363,27.101441591596824,0.5112002366176202,4.412833512726896,4.2482896199657265,0.3544164878280178
2025-01-26 04:00:00,4,6,26,21.149274842971188,67.8662157479028,0.0,2,45.0,180,2.0,0.45,0,0,0.0,26.038119011086323,-0.5064779990542831,5.153687414444633,-4.888844168115135,26.597655441700226,0.5878642188061566,4.798311794796302,5.226011228122404,0.38537615545903003
2025-01-26 05:00:00,5,6,26,23.200774461130344,79.89554162309219,0.0,2,45.0,180,2.0,0.45,0,0,0.0,25.939310867694154,-0.09880814339216926,12.029325875189386,-2.73853640656381,26.174008962973698,0.3247189366627477,7.091455960043961,4.507337193952873,0.5695499065843391
2025-01-26 06:00:00,6,6,26,22.830936341928343,70.92045119727999,0.0,2,45.0,180,2.0,0.45,0,0,0.0,26.41784062852409,0.4785297608299359,-8.975090425812198,-3.586904286595747,26.131756835768186,0.2526335580605741,5.127060605556748,6.023295809763232,0.4117795986325196
2025-01-26 07:00:00,7,6,26,26.36622901806183,76.97990566038104,0.0,2,45.0,180,2.0,0.45,0,0,0.0,26.27203064376519,-0.14580998475889828,6.059454463101048,0.09419837429663858,26.20972737999448,0.245273226234228,5.2257277869228655,3.3838920536487422,0.41970404803284617
2025-01-26 08:00:00,8,6,26,26.444366116022355,70.08394308182957,0.3,2,45.0,180,2.0,0.45,0,0,0.0,26.18487709495973,-0.08715354880546045,-6.895962578551462,0.25948902106262395,26.291582789083005,0.11770606094247481,3.1754456664981023,3.9064150433731037,0.2550357490630778
2025-01-26 09:00:00,9,6,26,25.823182877865158,56.72475634566833,0.3,2,45.0,180,2.0,0.45,0,0,0.0,26.534809966711908,0.349932871752177,-13.359186736161242,-0.7116270888467504,26.330572568478942,0.18216372140213657,4.92507713723512,3.577499798952317,0.3955573071648235
2025-01-26 10:00:00,10,6,26,29.017658002387446,58.64253920657266,0.3,2,45.0,180,2.0,0.45,0,0,0.0,27.05147882878063,0.5166688620687232,1.9177828609043246,1.9661791736068146,26.590388630150755,0.4359660332383672,3.9194173232644625,5.475118635284677,0.3147877929310975
2025-01-26 11:00:00,11,6,26,27.761003859881743,54.84141950751232,0.3,2,45.0,180,2.0,0.45,0,0,0.0,27.095617590329105,0.04413876154847429,-3.8011196990603366,0.6653862695526378,26.89396879527388,0.31182263495181334,4.210935506936195,6.367005372370808,0.3382010602789275
2025-01-26 12:00:00,12,6,26,30.30690110668706,49.780346475856916,0.3,2,45.0,180,2.0,0.45,0,0,0.0,27.42376186784709,0.32814427751798547,-5.061073031655404,2.88313923883997,27.19028609565228,0.20339680361124535,3.939015834971145,5.286650437042537,0.31636184635180914
2025-01-26 13:00:00,13,6,26,29.557081010948565,51.01466895353562,0.3,2,45.0,180,2.0,0.45,0,0,0.0,27.68016619529574,0.2564043274486494,1.2343224776787025,1.8769148156528246,27.399848551157316,0.29300708682297644,6.583354763153517,6.983015604114198,0.5287417861003548
2025-01-26 14:00:00,14,6,26,28.82909260019825,44.26205756471403,0.3,2,45.0,180,2.0,0.45,0,0,0.0,27.839569794668385,0.15940359937264503,-6.752611388821592,0.9895228055298659,27.647832619270403,0.2097812029373795,5.078361554600095,4.339033485285704,0.40786833695658364
2025-01-26 15:00:00,15,6,26,26.24162486100896,41.371960095058455,0.3,2,45.0,180,2.0,0.45,0,0,0.0,27.763964629353005,-0.07560516531538042,-2.890097469655572,-1.5223397683440432,27.761233539772377,0.07973688613825258,4.011908107667014,5.439616369644137,0.3222161853392566
2025-01-26 16:00:00,16,6,26,28.25869489986785,34.6586693992714,0.3,2,45.0,180,2.0,0.45,0,0,0.0,27.89975916185424,0.13579453250123663,-6.713290695787052,0.35893573801361,27.834431195291874,0.06804294722479814,5.745787026522534,4.44432310850759,0.46147257807818787
2025-01-26 17:00:00,17,6,26,24.499738491131346,33.42921868188536,0.3,2,45.0,180,2.0,0.45,0,0,0.0,28.03666530023717,0.13690613838292975,-1.2294507173860438,-3.5369268091058252,27.90012969714814,0.13635071304374793,5.463567273163113,2.786418542266807,0.43880611366414146
2025-01-26 18:00:00,18,6,26,23.601807190584676,29.381967141556785,0.3,2,45.0,180,2.0,0.45,0,0,0.0,27.88937772120068,-0.14728757903649026,-4.047251540328574,-4.287570530616005,27.941934061097367,0.08220370629905435,5.07849025006811,4.991497946534313,0.40787867312622195
2025-01-26 19:00:00,19,6,26,21.418466413581687,36.542196280731744,0.0,2,45.0,180,2.0,0.45,0,0,0.0,28.033591320925826,0.1442135997251448,7.160229139174959,-6.615124907344139,27.986544780787895,0.08416317745243,4.484540792768595,5.953872193463229,0.36017565419375147
2025-01-26 20:00:00,20,6,26,20.238547434832835,39.25698925330106,0.0,2,45.0,180,2.0,0.45,0,0,0.0,27.26038431897827,-0.7732070019475543,2.714792972569313,-7.021836884145436,27.72778445370159,0.4111527149868012,4.122417804929296,6.726941536050288,0.3310917657711213
2025-01-26 21:00:00,21,6,26,19.13387147021632,38.22121707270389,0.0,2,45.0,180,2.0,0.45,0,0,0.0,26.761119692028288,-0.49926462694998364,-1.0357721805971707,-7.627248221811968,27.351698443977465,0.6411315884088216,3.584009003320805,3.8261325553697345,0.287849491633329
2025-01-26 22:00:00,22,6,26,21.864744153087816,33.93568699988439,0.0,2,45.0,180,2.0,0.45,0,0,0.0,26.889206288128452,0.12808659610016448,-4.285530072819498,-5.024462135040636,26.97023676637834,0.25930820606949057,6.326205758725571,3.9738454432114354,0.5080888775473862
2025-01-26 23:00:00,23,6,26,19.869042058942156,47.079618633498235,0.0,2,45.0,180,2.0,0.45,0,0,0.0,26.42072558329716,-0.46848070483129334,13.143931633613846,-6.551683524355003,26.6903505211513,0.24212548267336687,3.859848221416886,4.056218300529389,0.31000350369856733
2025-01-27 00:00:00,0,0,27,19.557872505997636,53.09417547732037,0.0,2,45.0,180,2.0,0.45,0,0,0.0,26.227055050671197,-0.193670532625962,6.014556843822135,-6.669182544673561,26.512328974032272,0.34044742797120725,4.420906392023644,4.244275878747576,0.355064860697459
2025-01-27 01:00:00,1,0,27,19.239186246168288,55.56965679691037,0.0,2,45.0,180,2.0,0.45,0,0,0.0,25.948057811966027,-0.2789972387051698,2.4754813195900027,-6.70887156579774,26.198612815311463,0.237614027527866,4.9924913229135015,6.017453902631362,0.40097167388611715
2025-01-27 02:00:00,2,0,27,20.382625799743085,54.96213742877754,0.0,2,45.0,180,2.0,0.45,0,0,0.0,25.614715353743065,-0.3333424582229618,-0.6075193681328344,-5.23208955399998,25.92994273879343,0.3065715137053276,6.763001228396246,5.966320869795105,0.543170082359078
2025-01-27 03:00:00,3,0,27,20.122736522038434,64.11993096755336,0.0,2,45.0,180,2.0,0.45,0,0,0.0,25.558571084704184,-0.05614426903888159,9.15779353877582,-5.43583456266575,25.70711475013776,0.21054266555472734,5.3112981307861915,4.412833512726896,0.4265766256288078
2025-01-27 04:00:00,4,0,27,23.21067368360304,66.36511292289725,0.0,2,45.0,180,2.0,0.45,0,0,0.0,25.460441411580998,-0.09812967312318577,2.245181955343895,-2.2497677279779573,25.544575950009417,0.07808335388495405,4.871718132432899,4.798311794796302,0.39127178154472925
2025-01-27 05:00:00,5,0,27,24.35005361614018,66.15233902993005,0.0,2,45.0,180,2.0,0.45,0,0,0.0,25.208503869851956,-0.2519375417290419,-0.21277389296720628,-0.8584502537117764,25.409172122045714,0.18057732074020102,5.12604617981161,7.091455960043961,0.41169812508299247
2025-01-27 06:00:00,6,0,27,23.244561840895297,65.79970882630003,0.0,2,45.0,180,2.0,0.45,0,0,0.0,24.944623895414733,-0.26387997443722355,-0.35263020363001374,-1.7000620545194352,25.20452305894923,0.25793179842273056,4.290301521342484,5.127060605556748,0.3445753374860009
2025-01-27 07:00:00,7,0,27,22.86416021188521,67.06171034700013,0.0,2,45.0,180,2.0,0.45,0,0,0.0,24.91902625732994,-0.025597638084793317,1.262001520700096,-2.0548660454447294,25.024051340865544,0.16025249251106177,4.827557699708745,5.2257277869228655,0.38772503874967
2025-01-27 08:00:00,8,0,27,23.779931917776278,62.761432897563054,1.0,2,45.0,180,2.0,0.45,2,0,0.0,26.01301110252956,1.0939848451996212,-4.3002774494370755,-2.233079184753283,25.292220418424744,0.6243542403861109,6.133701293492431,3.1754456664981023,0.49262789170634547
2025-01-27 09:00:00,9,0,27,28.7082821014295,64.4948110718185,1.0,2,45.0,180,2.0,0.45,1,1,1.0,24.994943367972546,-1.0180677345570146,1.7333781742554493,3.713338733456954,25.308993575944015,0.6108775329203252,25.698587340254658,4.92507713723512,2.0639806693378646
2025-01-27 10:00:00,10,0,27,29.18623096356008,55.97705045593139,1.0,2,45.0,180,2.0,0.45,3,1,2.0,25.022320218658365,0.027376850685818965,-8.517760615887113,4.163910744901717,25.343424896386825,0.5800402042797189,27.848832796083386,3.9194173232644625,2.2366775182502647
2025-01-27 11:00:00,11,0,27,27.642261455137696,61.92340741816268,1.0,2,45.0,180,2.0,0.45,3,1,3.0,24.503535839601778,-0.5187843790565871,5.946356962231292,3.1387256155359182,24.840266475410896,0.2919383733045213,26.041692751579674,4.210935506936195,2.0915371621187253
2025-01-27 12:00:00,12,0,27,28.480638583409704,58.36804212283198,1.0,2,45.0,180,2.0,0.45,1,1,4.0,23.992958603275746,-0.5105772363260321,-3.5553652953307022,4.487679980133958,24.506271553845295,0.5146862606531275,22.850242586065647,3.939015834971145,1.8352160125721912
2025-01-27 13:00:00,13,0,27,31.40524962184596,51.34868737820494,1.0,2,45.0,180,2.0,0.45,5,1,4.0,25.04444737317577,1.0514887699000255,-7.019354744627037,6.36080224867019,24.513647272017764,0.5258173058255103,33.28687392960672,6.583354763153517,2.6734335013729194
2025-01-27 14:00:00,14,0,27,29.466095108754217,42.34875162165861,1.0,2,45.0,180,2.0,0.45,1,1,4.0,24.800852743258442,-0.24359462991732883,-8.999935756546336,4.665242365495775,24.612752906569984,0.5504028703850851,25.9907794861368,5.078361554600095,2.0874480659246184
2025-01-27 15:00:00,15,0,27,28.350701752254995,34.97954927857905,1.0,2,45.0,180,2.0,0.45,1,1,4.0,24.791179269424173,-0.009673473834268975,-7.369202343079557,3.559522482830822,24.878826461952798,0.1435134443171185,26.412313603362232,4.011908107667014,2.1213035560299773
2025-01-27 16:00:00,16,0,27,28.11768445033406,22.00861691785535,1.0,2,45.0,180,2.0,0.45,1,1,4.0,24.91371714382996,0.12253787440578634,-12.970932360723701,3.2039673065041008,24.835249718837527,0.06812669530164364,22.436272925436192,5.745787026522534,1.8019680613942226
2025-01-27 17:00:00,17,0,27,26.78355297286708,22.755469511494894,1.0,2,45.0,180,2.0,0.45,5,1,4.0,25.413030243255413,0.49931309942545354,0.7468525936395451,1.3705227296116682,25.039308885503186,0.32940039859738013,28.170198077487342,5.463567273163113,2.2624879536579376
2025-01-27 18:00:00,18,0,27,26.46972887546504,30.724939422199075,1.0,2,45.0,180,2.0,0.45,1,1,4.0,24.24545247611465,-1.167577767140763,7.969469910704181,2.2242763993503907,24.857399954400005,0.5858226523013005,22.380245360891543,5.07849025006811,1.7974682105409776
2025-01-27 19:00:00,19,0,27,23.535460215285994,34.72228885942786,0.0,2,45.0,180,2.0,0.45,0,0,3.0,24.070162864884235,-0.17528961123041498,3.997349437228788,-0.5347026495982412,24.57621519475143,0.7299836854364458,3.453224686426789,4.484540792768595,0.27734555620887186
2025-01-27 20:00:00,20,0,27,18.142551251456922,28.33391663627448,0.0,2,45.0,180,2.0,0.45,0,0,2.0,23.749883467093607,-0.3202793977906282,-6.388372223153382,-5.607332215636685,24.02183293603083,0.25129464218872577,5.400694859326741,4.122417804929296,0.4337565191057039
2025-01-27 21:00:00,21,0,27,21.451427456207092,39.87236926522131,0.0,2,45.0,180,2.0,0.45,0,0,1.0,23.819690502451195,0.06980703535758792,11.538452628946828,-2.3682630462441026,23.879912278143014,0.16841828838606027,5.58867745859782,3.584009003320805,0.4488543315235731
2025-01-27 22:00:00,22,0,27,21.112729372626234,34.53677290037565,0.0,2,45.0,180,2.0,0.45,0,0,0.0,23.83540950883233,0.015719006381136325,-5.335596364845657,-2.7226801362060975,23.801661159459044,0.04552437655169163,4.181099320125003,6.326205758725571,0.33580476852912405
2025-01-27 23:00:00,23,0,27,19.486192003936058,50.40236708130125,0.0,2,45.0,180,2.0,0.45,0,0,0.0,23.40496599407074,-0.4304435147615919,15.865594180925598,-3.9187739901346816,23.68668866845142,0.24410555244720286,4.372370613979076,3.859848221416886,0.3511667122767346
2025-01-28 00:00:00,0,1,28,18.922490838565672,48.56102904745577,0.0,2,45.0,180,2.0,0.45,0,0,0.0,23.205519194386067,-0.19944679968467227,-1.8413380338454814,-4.283028355820395,23.48196489909638,0.32192712776288346,5.184826281800536,4.420906392023644,0.41641904583402584
2025-01-28 01:00:00,1,1,28,20.793033473759753,52.959082281570446,0.0,2,45.0,180,2.0,0.45,0,0,0.0,23.096368084109834,-0.10915111027623325,4.398053234114677,-2.303334610350081,23.235617757522217,0.15648517544866036,5.4886259828334865,4.9924913229135015,0.440818702592607
2025-01-28 02:00:00,2,1,28,16.86811765544652,59.5257932818579,0.0,2,45.0,180,2.0,0.45,0,0,0.0,22.757223880847597,-0.3391442032622365,6.566711000287455,-5.8891062254010755,23.019703719781166,0.2337739091591879,4.466952706930401,6.763001228396246,0.35876306801926466
2025-01-28 03:00:00,3,1,28,23.944648860853107,65.84725439656782,0.0,2,45.0,180,2.0,0.45,0,0,0.0,22.838694985273122,0.08147110442552474,6.321461114709919,1.105953875579985,22.897428983410183,0.17703660512576638,5.323980309671448,5.3112981307861915,0.42759519414845765
2025-01-28 04:00:00,4,1,28,22.47018343323445,57.61818354569458,0.0,2,45.0,180,2.0,0.45,0,0,0.0,22.79211305605092,-0.046581929222202945,-8.229070850873242,-0.3219296228164694,22.796010640723882,0.04087515857802052,6.479991179317868,4.871718132432899,0.5204401453865836
2025-01-28 05:00:00,5,1,28,23.342161409263127,68.87136374333551,0.0,2,45.0,180,2.0,0.45,0,0,0.0,22.98926267683131,0.19714962078039022,11.25318019764093,0.352898732431818,22.873356906051782,0.1030440673086083,4.980045387032604,5.12604617981161,0.3999720792107416
2025-01-28 06:00:00,6,1,28,22.69641379931189,66.24909049621348,0.0,2,45.0,180,2.0,0.45,0,0,0.0,22.862843107969685,-0.12641956886162475,-2.622273247122024,-0.16642930865779348,22.88140628028397,0.09987710832933078,3.9393542848680685,4.290301521342484,0.3163890289371995
2025-01-28 07:00:00,7,1,28,25.66169091939995,74.57688469643206,0.0,2,45.0,180,2.0,0.45,0,0,0.0,22.757296687133913,-0.10554642083577193,8.327794200218577,2.9043942322660357,22.869800823978306,0.11613940956068207,5.968696434571394,4.827557699708745,0.47937553527715093
2025-01-28 08:00:00,8,1,28,27.245516886294848,59.24867706803097,1.0,2,45.0,180,2.0,0.45,1,1,1.0,23.010757289945673,0.2534606028117601,-15.328207628401088,4.234759596349175,22.876965695016423,0.12731910655154285,22.822320832434297,6.133701293492431,1.8329734784209522
2025-01-28 09:00:00,9,1,28,29.67726894138873,68.14423963097508,1.0,2,45.0,180,2.0,0.45,5,1,2.0,24.694615476156905,1.683858186211232,8.895562562944107,4.982653465231824,23.487556484412163,1.0529976858750931,31.04611662266171,25.698587340254658,2.4934671979735263
2025-01-28 10:00:00,10,1,28,29.430184264488343,61.68390247520355,1.0,2,45.0,180,2.0,0.45,3,1,3.0,25.284683490823145,0.5900680146662403,-6.460337155771526,4.145500773665198,24.330018752308575,1.1799928686394614,27.348774160076292,27.848832796083386,2.1965153356139693
2025-01-28 11:00:00,11,1,28,30.12789456663881,39.58514255224991,1.0,2,45.0,180,2.0,0.45,1,1,4.0,25.070394295345853,-0.21428919547729208,-22.09875992295364,5.057500271292955,25.0165644207753,0.2986943371245636,25.65227988929543,26.041692751579674,2.060261488887955
2025-01-28 12:00:00,12,1,28,28.07739101052566,45.97368719544283,1.0,2,45.0,180,2.0,0.45,5,1,4.0,25.42200697677102,0.35161268142516633,6.388544643192915,2.6553840337546397,25.25902825431334,0.17720472004172064,31.41003581283908,22.850242586065647,2.52269534829098
2025-01-28 13:00:00,13,1,28,29.989290175078136,44.5064895772248,1.0,2,45.0,180,2.0,0.45,2,1,4.0,24.941008896093603,-0.48099808067741634,-1.4671976182180302,5.048281278984533,25.144470056070162,0.24890801945505317,28.568456052906285,33.28687392960672,2.2944740216775887
2025-01-28 14:00:00,14,1,28,28.607329922383162,39.601577104381946,1.0,2,45.0,180,2.0,0.45,5,1,4.0,25.49927609654777,0.5582672004541678,-4.904912472842852,3.108053825835391,25.2874306564708,0.30248744811137285,29.042336111406396,25.9907794861368,2.3325336732599484
2025-01-28 15:00:00,15,1,28,27.60479162742043,29.464525786945746,1.0,2,45.0,180,2.0,0.45,4,1,4.0,25.132558214783764,-0.3667178817640071,-10.1370513174362,2.4722334126366654,25.19094773580838,0.2836768741012938,27.570070535920774,26.412313603362232,2.2142887422176103
2025-01-28 16:00:00,16,1,28,27.778838502849705,35.489862599834964,1.0,2,45.0,180,2.0,0.45,5,1,4.0,25.390185352346425,0.2576271375626611,6.025336812889218,2.3886531505032806,25.340673221225984,0.188305840449711,29.995390447867315,22.436272925436192,2.4090781813778204
2025-01-28 17:00:00,17,1,28,24.644435869778047,24.061834113675793,1.0,2,45.0,180,2.0,0.45,3,1,4.0,24.888306442372233,-0.5018789099741916,-11.428028486159171,-0.24387057259418654,25.13701666983414,0.2509691583349076,24.783038975346816,28.170198077487342,1.9904484513215979
2025-01-28 18:00:00,18,1,28,24.488278204321304,32.96139101693654,1.0,2,45.0,180,2.0,0.45,5,1,4.0,25.03410226411228,0.14579582174004813,8.899556903260745,-0.5458240597909771,25.104198019610312,0.2581775963816075,25.690161268635116,22.380245360891543,2.063303929845887
2025-01-28 19:00:00,19,1,28,24.691847203709425,38.99476275860814,0.0,2,45.0,180,2.0,0.45,0,0,3.0,24.91082357571576,-0.12327868839652112,6.033371741671601,-0.21897637200633469,24.944410760733422,0.07848681199605345,4.386020419035566,3.453224686426789,0.35226299564063357
2025-01-28 20:00:00,20,1,28,25.375031108270107,31.961179730666718,0.0,2,45.0,180,2.0,0.45,0,0,2.0,25.103048704882983,0.19222512916722323,-7.033583027941422,0.2719824033871241,25.015991514903675,0.09738390266642706,6.211625625475406,5.400694859326741,0.4988863802666094
2025-01-28 21:00:00,21,1,28,19.563395244751316,38.003052004564196,0.0,2,45.0,180,2.0,0.45,0,0,1.0,24.625721352827014,-0.4773273520559691,6.041872273897479,-5.062326108075698,24.879864544475254,0.24016493596429733,4.324928074452358,5.58867745859782,0.3473563672491673
2025-01-28 22:00:00,22,1,28,22.481268258911292,47.803174343629706,0.0,2,45.0,180,2.0,0.45,0,0,0.0,24.456933067989254,-0.16878828483775976,9.80012233906551,-1.975664809077962,24.728567708566416,0.3351110020968198,5.1431302714142335,4.181099320125003,0.41307023298737444
2025-01-28 23:00:00,23,1,28,17.30387440452157,41.69764030637009,0.0,2,45.0,180,2.0,0.45,0,0,0.0,24.265245393407028,-0.19168767458222646,-6.105534037259616,-6.961370988885459,24.449299938074432,0.18035916343283653,3.061127117339352,4.372370613979076,0.2458542608946284
2025-01-29 00:00:00,0,2,29,19.130392736835827,53.904605566192224,0.0,2,45.0,180,2.0,0.45,0,0,0.0,24.178192650879932,-0.08705274252709572,12.206965259822134,-5.047799914044106,24.300123704092073,0.14260584647826324,3.8111879586411197,5.184826281800536,0.30609535729330706
2025-01-29 01:00:00,1,2,29,21.47346555970851,50.92940750612355,0.0,2,45.0,180,2.0,0.45,0,0,0.0,23.963803702408974,-0.21438894847095824,-2.9751980600686707,-2.4903381427004625,24.135747248898642,0.1551385908792116,4.332856230826647,5.4886259828334865,0.34799311670482275
2025-01-29 02:00:00,2,2,29,20.09177832387199,54.363243425999165,0.0,2,45.0,180,2.0,0.45,0,0,0.0,24.1320813246021,0.16827762219312703,3.4338359198756123,-4.040303000730113,24.091359225963668,0.11284667604670764,3.918878849849146,4.466952706930401,0.3147445454675132
2025-01-29 03:00:00,3,2,29,24.064464290248527,56.16232296327071,0.0,2,45.0,180,2.0,0.45,0,0,0.0,23.9792474330375,-0.15283389156460103,1.7990795372715453,0.08521685721102656,24.025044153349523,0.09301797797349737,6.105090693840421,5.323980309671448,0.4903300329237573
2025-01-29 04:00:00,4,2,29,24.542474123944604,68.15496435170265,0.0,2,45.0,180,2.0,0.45,0,0,0.0,23.927107152589286,-0.052140280448213616,11.992641388431935,0.6153669713553178,24.012811970076296,0.10652950956466326,5.685254328776149,6.479991179317868,0.45661089769252305
2025-01-29 05:00:00,5,2,29,25.14207626473553,67.54945111406917,0.0,2,45.0,180,2.0,0.45,0,0,0.0,24.034035768420594,0.10692861583130764,-0.605513237633474,1.1080404963149348,23.980130118015794,0.05346977249352619,6.02603286295945,4.980045387032604,0.4839805074600558
2025-01-29 06:00:00,6,2,29,22.168592498316265,70.03969440191837,0.0,2,45.0,180,2.0,0.45,0,0,0.0,24.206613324295667,0.17257755587507262,2.4902432878491965,-2.0380208259794017,24.055918748435186,0.14103217227377488,2.8605854039810725,3.9393542848680685,0.2297477638997908
2025-01-29 07:00:00,7,2,29,24.211580346483196,70.41848503871782,0.0,2,45.0,180,2.0,0.45,0,0,0.0,24.081840952793296,-0.1247723715023703,0.3787906367994509,0.12973939368989917,24.10749668183652,0.0891033979292559,3.7057996530276656,5.968696434571394,0.2976311011581181
2025-01-29 08:00:00,8,2,29,23.787316877943876,51.96866786098954,1.0,2,45.0,180,2.0,0.45,3,0,0.0,25.109114366458932,1.027273413665636,-18.449817177728278,-1.321797488515056,24.465856214515966,0.5605602766013891,8.242066822367015,22.822320832434297,0.6619611565227734
2025-01-29 09:00:00,9,2,29,30.46533893342607,60.50224851855506,1.0,2,45.0,180,2.0,0.45,5,1,1.0,25.45635083431303,0.3472364678540991,8.533580657565516,5.00898809911304,24.882435384521756,0.7147425230374508,31.02161502278623,31.04611662266171,2.491499353288475
2025-01-29 10:00:00,10,2,29,29.090750024625702,55.8150676900731,1.0,2,45.0,180,2.0,0.45,3,1,2.0,25.70612705212136,0.24977621780832848,-4.6871808284819565,3.384622972504342,25.423864084297776,0.29982924874904804,28.42298846321939,27.348774160076292,2.2827907999831956
2025-01-29 11:00:00,11,2,29,27.88533597042247,61.092404265599015,1.0,2,45.0,180,2.0,0.45,2,1,3.0,25.412202047054862,-0.2939250050664981,5.277336575525915,2.473133923367609,25.524893311163083,0.15849773026901035,23.743851696122356,25.65227988929543,1.906986180507149
2025-01-29 12:00:00,12,2,29,32.25065588694676,40.82105181248514,1.0,2,45.0,180,2.0,0.45,5,1,4.0,25.957888406646113,0.5456863595912509,-20.271352453113877,6.292767480300647,25.692072501940782,0.27311453375206823,35.896591254716164,31.41003581283908,2.8830328089202513
2025-01-29 13:00:00,13,2,29,28.545434024934117,46.69550572525405,1.0,2,45.0,180,2.0,0.45,1,1,4.0,25.38480998911258,-0.5730784175335337,5.874453912768914,3.160624035821538,25.584966814271183,0.3232498519012886,24.462525012470202,28.568456052906285,1.9647063895159682
2025-01-29 14:00:00,14,2,29,28.119764142436107,46.68432431553595,1.0,2,45.0,180,2.0,0.45,2,1,4.0,25.01134539564492,-0.37346459346765926,-0.011181409718098223,3.1084187467911875,25.451347930467872,0.47676660028643786,26.84855918244369,29.042336111406396,2.156340596408373
2025-01-29 15:00:00,15,2,29,26.67800106320659,42.866186609404714,1.0,2,45.0,180,2.0,0.45,3,1,4.0,25.117274238477346,0.10592884283242654,-3.818137706131239,1.5607268247292438,25.171143207744947,0.19247168630993797,23.903619332031674,27.570070535920774,1.9198179096499455
2025-01-29 16:00:00,16,2,29,27.250196745236366,32.76666716971735,1.0,2,45.0,180,2.0,0.45,4,1,4.0,25.49967204393168,0.3823978054543353,-10.099519439687363,1.750524701304684,25.209430559351315,0.25687607803092566,26.557832150721826,29.995390447867315,2.132990870387131
2025-01-29 17:00:00,17,2,29,29.507833690187624,36.02097361968612,1.0,2,45.0,180,2.0,0.45,3,1,4.0,25.414582758309155,-0.08508928562252649,3.254306449968766,4.093250931878469,25.343843013572727,0.2007737632713487,30.213703596012667,24.783038975346816,2.426611990208179
2025-01-29 18:00:00,18,2,29,25.060292487250628,28.12068620759514,1.0,2,45.0,180,2.0,0.45,4,1,4.0,25.17402465249279,-0.2405581058163655,-7.900287412090979,-0.1137321652421619,25.36275981824454,0.16889573329566265,27.04252943489836,25.690161268635116,2.171919306871804
2025-01-29 19:00:00,19,2,29,24.796582726026283,26.036902276621984,0.0,2,45.0,180,2.0,0.45,0,0,3.0,24.817210139544738,-0.356814512948052,-2.083783930973155,-0.02062741351845432,25.135272516782226,0.300565812142693,4.399770344305775,4.386020419035566,0.3533673201541487
2025-01-29 20:00:00,20,2,29,23.237009458085986,33.72304190079137,0.0,2,45.0,180,2.0,0.45,0,0,2.0,25.07437718258654,0.2571670430418038,7.686139624169389,-1.837367724500556,25.02187065820802,0.18411097329968448,6.103268782632455,6.211625625475406,0.4901837062224214
2025-01-29 21:00:00,21,2,29,21.33494933895286,41.153162724982025,0.0,2,45.0,180,2.0,0.45,0,0,1.0,25.246002543486988,0.1716253609004461,7.430120824190652,-3.9110532045341273,25.045863288539422,0.2158136071589913,3.3564449636774696,4.324928074452358,0.26957269794651983
2025-01-29 22:00:00,22,2,29,20.008581131086274,38.793559696575784,0.0,2,45.0,180,2.0,0.45,0,0,0.0,24.988829256802237,-0.2571732866847505,-2.359603028406241,-4.980248125715963,25.103069660958585,0.13096552440410178,4.999155416750271,5.1431302714142335,0.4015069002266016
2025-01-29 23:00:00,23,2,29,19.76220660240033,49.45934359430987,0.0,2,45.0,180,2.0,0.45,0,0,0.0,25.036331992583083,0.04750273578084574,10.665783897734087,-5.274125390182753,25.090387930957434,0.13684318836260187,3.6847033182420503,3.061127117339352,0.2959367501568401
2025-01-30 00:00:00,0,3,30,25.40733043250834,55.73700152211122,0.0,2,45.0,180,2.0,0.45,0,0,0.0,25.161114704106676,0.12478271152359355,6.27765792780135,0.24621572840166195,25.062091984497332,0.08898455891795998,4.409089324392073,3.8111879586411197,0.3541157735419322
2025-01-30 01:00:00,1,3,30,21.385046983867465,55.35432690795543,0.0,2,45.0,180,2.0,0.45,0,0,0.0,24.8781418920083,-0.2829728120983752,-0.3826746141557891,-3.4930949081408365,25.025196196232688,0.1418146944678809,4.308899164450105,4.332856230826647,0.3460690061986483
2025-01-30 02:00:00,2,3,30,20.19653881054743,50.5975253578541,0.0,2,45.0,180,2.0,0.45,0,0,0.0,24.670536174241875,-0.20760571776642678,-4.756801550101329,-4.473997363694444,24.90326425678562,0.24625225562442293,5.626093511796922,3.918878849849146,0.4518593998373826
2025-01-30 03:00:00,3,3,30,19.08000641381093,60.514905509309614,0.0,2,45.0,180,2.0,0.45,0,0,0.0,24.21187954736281,-0.4586566268790655,9.91738015145551,-5.131873133551878,24.586852537870993,0.3409231456213454,5.2170129750995,6.105090693840421,0.41900411838682367
2025-01-30 04:00:00,4,3,30,20.1327887971554,77.11073917714323,0.0,2,45.0,180,2.0,0.45,0,0,0.0,23.478562994190607,-0.7333165531722017,16.595833667833617,-3.345774197035208,24.120326238598427,0.6012374919694369,5.50372849467417,5.685254328776149,0.4420316600242705
2025-01-30 05:00:00,5,3,30,22.484499606483446,68.97244626368358,0.0,2,45.0,180,2.0,0.45,0,0,0.0,23.690477557458856,0.2119145632682482,-8.138292913459651,-1.2059779509754094,23.793640033004092,0.37738596166205285,4.87166299309639,6.02603286295945,0.3912673530318632
2025-01-30 06:00:00,6,3,30,26.296474245907053,76.10680245961163,0.0,2,45.0,180,2.0,0.45,0,0,0.0,23.82904951059095,0.13857195313209303,7.134356195928049,2.4674247353161043,23.666030020746803,0.17651759425936608,4.539459651819367,2.8605854039810725,0.3645864594244861
2025-01-30 07:00:00,7,3,30,25.45741859961934,68.40657154114157,0.0,2,45.0,180,2.0,0.45,0,0,0.0,23.832926256291046,0.003876745700097217,-7.700230918470055,1.6244923433282956,23.784151108113615,0.08114682901102623,5.68830807696289,3.7057996530276656,0.4568561593150009
2025-01-30 08:00:00,8,3,30,26.890463224846474,60.374256517716155,1.0,2,45.0,180,2.0,0.45,4,1,1.0,24.571382417530305,0.7384561612392595,-8.032315023425419,2.319080807316169,24.07778606147077,0.4274713783702737,29.479583589160328,8.242066822367015,2.3676511810766994
2025-01-30 09:00:00,9,3,30,26.725454003134203,53.87039603396589,1.0,2,45.0,180,2.0,0.45,1,1,2.0,24.255792703941882,-0.31558971358842314,-6.503860483750266,2.469661299192321,24.220033792587746,0.37052449355476463,21.90479048481623,31.02161502278623,1.759282077569197
2025-01-30 10:00:00,10,3,30,28.331922623242196,45.836721652830896,1.0,2,45.0,180,2.0,0.45,5,1,3.0,25.05317612102057,0.797383417078688,-8.033674381134993,3.278746502221626,24.626783747497587,0.40156824946658926,30.84548682084274,28.42298846321939,2.477353626158674
2025-01-30 11:00:00,11,3,30,27.807242486893877,54.88825917443596,1.0,2,45.0,180,2.0,0.45,2,1,4.0,24.876670186940412,-0.1765059340801578,9.051537521605063,2.9305722999534645,24.728546337300955,0.4188204681985617,22.352063476563774,23.743851696122356,1.7952047840067527
2025-01-30 12:00:00,12,3,30,30.09024633136692,51.23562502426984,1.0,2,45.0,180,2.0,0.45,1,1,4.0,24.704554611470943,-0.1721155754694692,-3.652634150166122,5.385691719895977,24.878133639810642,0.17431536220575694,25.40365786442011,35.896591254716164,2.0402934242422193
2025-01-30 13:00:00,13,3,30,30.417672672827603,46.87417721850185,1.0,2,45.0,180,2.0,0.45,1,1,4.0,24.68011819223032,-0.024436419240622342,-4.3614478057679875,5.737554480597282,24.75378099688056,0.10712422425171833,25.8709069656665,24.462525012470202,2.0778205108469914
2025-01-30 14:00:00,14,3,30,27.372543589079505,41.036872128571396,1.0,2,45.0,180,2.0,0.45,4,1,4.0,25.10515369163418,0.4250354994038581,-5.837305089930453,2.2673898974453266,24.829942165111817,0.23865314348324665,26.216770817307747,26.84855918244369,2.1055985476144863
2025-01-30 15:00:00,15,3,30,29.6617482048746,31.850542068045,1.0,2,45.0,180,2.0,0.45,5,1,4.0,25.470490114789833,0.36533642315565373,-9.186330060526394,4.191258090084766,25.085253999551444,0.3955615531132641,32.62064238338951,23.903619332031674,2.6199251503305474
2025-01-30 16:00:00,16,3,30,27.3579658265224,20.65574712001088,1.0,2,45.0,180,2.0,0.45,4,1,4.0,25.634163029398454,0.16367291460862177,-11.194794948034122,1.7238027971239447,25.403268945274153,0.2708352526606772,27.018429907295733,26.557832150721826,2.1699837545998673
2025-01-30 17:00:00,17,3,30,27.4745844236383,23.398565015924,1.0,2,45.0,180,2.0,0.45,1,1,4.0,24.91059330848241,-0.7235697209160428,2.74281789591312,2.56399111515589,25.338415484223564,0.37943519378949814,23.18175925538043,30.213703596012667,1.8618417561576053
2025-01-30 18:00:00,18,3,30,26.580425155568054,35.24979707227606,1.0,2,45.0,180,2.0,0.45,4,1,4.0,24.993223387298418,0.08263007881600615,11.85123205635206,1.5872017682696367,25.17932657505976,0.39606070573570284,28.391098232184007,27.04252943489836,2.2802295377812594
2025-01-30 19:00:00,19,3,30,23.676296205957453,29.579022220992073,0.0,2,45.0,180,2.0,0.45,0,0,3.0,24.491205444076847,-0.5020179432215706,-5.670774851283987,-0.8149092381193945,24.798340713285892,0.26917649911424757,4.578475044708148,4.399770344305775,0.36771997862003064
2025-01-30 20:00:00,20,3,30,22.38825106325239,21.52503647495601,0.0,2,45.0,180,2.0,0.45,0,0,2.0,24.607204082713245,0.11599863863639825,-8.053985746036062,-2.218953019460855,24.697210971362836,0.2628334716744094,4.538202007306372,6.103268782632455,0.36448545177261193
2025-01-30 21:00:00,21,3,30,21.210728838176735,34.56011916211887,0.0,2,45.0,180,2.0,0.45,0,0,1.0,24.45471190112174,-0.15249218159150502,13.035082687162863,-3.2439830629450057,24.517707142637278,0.07962550710425662,4.79980805351586,3.3564449636774696,0.38549632739815676
2025-01-30 22:00:00,22,3,30,20.16521265097595,41.08842861166892,0.0,2,45.0,180,2.0,0.45,0,0,0.0,23.87553751235791,-0.5791743887638319,6.5283094495500436,-3.7103248613819595,24.312484498730964,0.38601226410185774,2.770014388130127,4.999155416750271,0.22247355760029414
2025-01-30 23:00:00,23,3,30,21.915843716645536,50.494672460851426,0.0,2,45.0,180,2.0,0.45,0,0,0.0,23.935765424753306,0.06022791239539771,9.406243849182509,-2.01992170810777,24.08867161274432,0.3184273384847548,5.179320527721775,3.6847033182420503,0.4159768514893239
2025-01-31 00:00:00,0,4,31,18.244971146802474,53.868644182652325,0.0,2,45.0,180,2.0,0.45,0,0,0.0,23.545529594784966,-0.39023582996833994,3.373971721800899,-5.3005584479824925,23.78561084396539,0.21008594673119646,6.409699988182561,4.409089324392073,0.5147947121257151
2025-01-31 01:00:00,1,4,31,23.3325226038441,60.44934008419723,0.0,2,45.0,180,2.0,0.45,0,0,0.0,23.610402311762247,0.06487271697728048,6.580695901544907,-0.27787970791814587,23.69723244376684,0.2091066823795026,3.5923667871129226,4.308899164450105,0.2885207465920953
2025-01-31 02:00:00,2,4,31,21.52612948382768,68.86255700803318,0.0,2,45.0,180,2.0,0.45,0,0,0.0,23.33724519703394,-0.2731571147283063,8.413216923835947,-1.8111157132062594,23.49772570119372,0.14271514115040215,5.539180704767632,5.626093511796922,0.44487900238396483
2025-01-31 03:00:00,3,4,31,23.100877720627615,67.497764383443,0.0,2,45.0,180,2.0,0.45,0,0,0.0,23.383993216210353,0.04674801917641247,-1.36479262459018,-0.28311549558273796,23.443880241668847,0.1460942989832837,3.8439820982451858,5.2170129750995,0.3087292168636475
2025-01-31 04:00:00,4,4,31,22.88004493072811,72.51728288857726,0.0,2,45.0,180,2.0,0.45,0,0,0.0,23.468340386456376,0.08434717024602278,5.019518505134258,-0.5882954557282645,23.39652626656689,0.0664401624463719,3.9378499137031944,5.50372849467417,0.31626820544746065
2025-01-31 05:00:00,5,4,31,23.896490008279272,62.49140053660959,0.0,2,45.0,180,2.0,0.45,0,0,0.0,23.64503739358809,0.17669700713171466,-10.025882351967667,0.25145261469118196,23.49912366541827,0.1332168282668612,4.718094687743495,4.87166299309639,0.37893352279151943
2025-01-31 06:00:00,6,4,31,25.204977305730782,70.52438506041585,0.0,2,45.0,180,2.0,0.45,0,0,0.0,23.373622416286754,-0.2714149773013368,8.032984523806263,1.8313548894440288,23.495666732110408,0.13775546940509115,5.459727322406149,4.539459651819367,0.43849770822423745
2025-01-31 07:00:00,7,4,31,26.336015884710058,70.93957173964685,0.0,2,45.0,180,2.0,0.45,0,0,0.0,23.855515025749913,0.48189260946315926,0.41518667923099883,2.480500858960145,23.624724945208254,0.2415875999161213,5.131922233597526,5.68830807696289,0.4121700600288921
2025-01-31 08:00:00,8,4,31,27.162723819756856,65.54275416797623,1.0,2,45.0,180,2.0,0.45,2,1,1.0,24.269800001436504,0.4142849756865914,-5.396817571670624,2.8929238183203516,23.832979147824393,0.4485136178274332,22.590499613933762,29.479583589160328,1.8143547696416582
2025-01-31 09:00:00,9,4,31,27.401850142468536,70.11573227501904,1.0,2,45.0,180,2.0,0.45,2,1,2.0,24.154641861827365,-0.11515813960913945,4.572978107042815,3.2472082806411713,24.093318963004595,0.2138419596570427,22.359362756155246,21.90479048481623,1.7957910252571925
2025-01-31 10:00:00,10,4,31,28.73553368337198,51.40216739143434,1.0,2,45.0,180,2.0,0.45,1,1,3.0,24.51370478573428,0.3590629239069152,-18.713564883584702,4.2218288976377,24.312715549666052,0.18333808671702337,23.020582146134757,30.84548682084274,1.8488968252390978
2025-01-31 11:00:00,11,4,31,30.270141595785862,51.04707869136481,1.0,2,45.0,180,2.0,0.45,5,1,4.0,25.60418867197955,1.09048388624527,-0.35508870006952975,4.665952923806312,24.757511773180397,0.7549025593090053,32.54475031303573,22.352063476563774,2.613829882754463
2025-01-31 12:00:00,12,4,31,29.136805542211075,43.37331480026083,1.0,2,45.0,180,2.0,0.45,3,1,4.0,25.384772309388236,-0.21941636259131414,-7.673763891103981,3.752033232822839,25.167555255700687,0.5767809054135699,26.826702710460836,25.40365786442011,2.154585195028708
2025-01-31 13:00:00,13,4,31,29.201306330524012,45.78617273994523,1.0,2,45.0,180,2.0,0.45,1,1,4.0,24.909473549620962,-0.47529875976727354,2.4128579396844003,4.29183278090305,25.29947817699625,0.3551247556476864,27.206848276732195,25.8709069656665,2.185116565875289
2025-01-31 14:00:00,14,4,31,29.605047559079374,43.16821170070152,1.0,2,45.0,180,2.0,0.45,1,1,4.0,24.600076335764,-0.3093972138569612,-2.61796103924371,5.004971223315373,24.9647740649244,0.3952601080303574,24.69001840572028,26.216770817307747,1.9829775092414772
2025-01-31 15:00:00,15,4,31,29.283574518973673,45.36360539675291,1.0,2,45.0,180,2.0,0.45,3,1,4.0,25.09411672148394,0.4940403857199378,2.19539369605139,4.189457797489734,24.8678888689563,0.24963160843549523,30.00035954570223,32.62064238338951,2.4094772742049675
2025-01-31 16:00:00,16,4,31,27.00545620928579,28.16079584544,1.0,2,45.0,180,2.0,0.45,4,1,4.0,24.838719820244926,-0.2553969012390134,-17.20280955131291,2.1667363890408637,24.844304292497622,0.24706753212100122,27.340291800146847,27.018429907295733,2.1958340753293886
2025-01-31 17:00:00,17,4,31,25.343308004676217,33.88872352468714,1.0,2,45.0,180,2.0,0.45,2,1,4.0,24.786112800522243,-0.052607019722682224,5.727927679247138,0.5571952041539738,24.906316447417037,0.1647530935544409,22.530881237860218,23.18175925538043,1.809566522952302
2025-01-31 18:00:00,18,4,31,24.850228743939745,30.715639091487144,1.0,2,45.0,180,2.0,0.45,5,1,4.0,25.159624594818762,0.37351179429651893,-3.1730844331999926,-0.30939585087901733,24.92815240519531,0.20217914224237327,26.13894947101974,28.391098232184007,2.099348330344812
2025-01-31 19:00:00,19,4,31,22.39643565253685,24.401813451647133,0.0,2,45.0,180,2.0,0.45,0,0,3.0,25.245310488652045,0.08568589383328273,-6.313825639840012,-2.8488748361151934,25.063682627997682,0.24417058574712022,4.913181926044818,4.578475044708148,0.39460194391355186
2025-01-31 20:00:00,20,4,31,21.387610172745333,36.73599024823808,0.0,2,45.0,180,2.0,0.45,0,0,2.0,24.81107139049849,-0.43423909815355444,12.334176796590949,-3.4234612177531574,25.07200215798977,0.22999818948900902,5.037265624066921,4.538202007306372,0.40456771949127823
2025-01-31 21:00:00,21,4,31,20.759594484542156,32.9769889141717,0.0,2,45.0,180,2.0,0.45,0,0,1.0,24.493254272494806,-0.31781711800368484,-3.759001334066383,-3.73365978795265,24.84987871721511,0.3775270116433845,4.766318064184492,4.79980805351586,0.3828065806941425
2025-01-31 22:00:00,22,4,31,22.716701591708638,33.45625582885356,0.0,2,45.0,180,2.0,0.45,0,0,0.0,24.273104880361068,-0.22014939213373808,0.4792669146818582,-1.5564032886524295,24.52581018111812,0.27045684849362917,4.559529873306368,2.770014388130127,0.36619839819100386
2025-01-31 23:00:00,23,4,31,19.01301750252573,44.157081279547256,0.0,2,45.0,180,2.0,0.45,0,0,0.0,24.03496706368363,-0.23813781667743683,10.7008254506937,-5.0219495611579,24.267108738846503,0.22920243612320015,5.513313154173539,5.179320527721775,0.44280145143992145
2025-02-01 00:00:00,0,5,1,17.24809391128253,56.432153709843746,0.0,2,45.0,180,2.0,0.45,0,0,0.0,23.956191376179607,-0.07877568750402375,12.27507243029649,-6.708097464897076,24.088087773408102,0.16499969586151866,5.738609169257547,6.409699988182561,0.46089608885541283
2025-02-01 01:00:00,1,5,1,17.100240161555767,57.52014602418086,0.0,2,45.0,180,2.0,0.45,0,0,0.0,23.7373397165038,-0.21885165967580633,1.0879923143371144,-6.637099554948033,23.90949938545568,0.15420964932737863,4.785103762352299,3.5923667871129226,0.3843153530389022
2025-02-01 02:00:00,2,5,1,20.486011111813692,61.71672267732797,0.0,2,45.0,180,2.0,0.45,0,0,0.0,23.722738593669586,-0.014601122834214664,4.196576653147112,-3.236727481855894,23.80542322878433,0.13077298612015045,5.720693332351075,5.539180704767632,0.45945717937138664
2025-02-01 03:00:00,3,5,1,20.512413622295533,61.852843700545506,0.0,2,45.0,180,2.0,0.45,0,0,0.0,23.755523892547906,0.032785298878319935,0.13612102321753383,-3.243110270252373,23.738534067573767,0.016425249207135968,5.625061616317144,3.8439820982451858,0.4517765232070511
2025-02-01 04:00:00,4,5,1,25.77291696304474,68.08080980738514,0.0,2,45.0,180,2.0,0.45,0,0,0.0,24.202869416865365,0.4473455243174591,6.227966106839631,1.5700475461793744,23.893710634360954,0.2682407194207632,6.346508184833256,3.9378499137031944,0.5097194658156091
2025-02-01 05:00:00,5,5,1,23.96756373733841,68.64505547154272,0.0,2,45.0,180,2.0,0.45,0,0,0.0,24.705202277359312,0.5023328604939472,0.5642456641575819,-0.7376385400209031,24.22119852892419,0.47510443684118636,5.060445470331164,4.718094687743495,0.40642940760565477
2025-02-01 06:00:00,6,5,1,27.382305710551986,67.4817770661312,0.0,2,45.0,180,2.0,0.45,0,0,0.0,24.555657986288047,-0.14954429107126543,-1.1632784054115177,2.826647724263939,24.48790989350424,0.2579281464670481,4.861639528855726,5.459727322406149,0.39046231903685746
2025-02-01 07:00:00,7,5,1,25.814100328229472,76.18656598490263,0.0,2,45.0,180,2.0,0.45,0,0,0.0,24.956056744492063,0.40039875820401605,8.704788918771428,0.858043583737409,24.738972336046473,0.20232425470188353,6.538495254503625,5.131922233597526,0.5251388970596665
2025-02-01 08:00:00,8,5,1,28.019162940610432,71.17371964456461,1.0,2,45.0,180,2.0,0.45,0,0,0.0,25.5815734852695,0.6255167407774387,-5.012846340338015,2.4375894553409303,25.03109607201654,0.517057857757849,4.267339200878343,22.590499613933762,0.3427311199446386
2025-02-01 09:00:00,9,5,1,30.704349452163253,65.0145659083189,1.0,2,45.0,180,2.0,0.45,0,0,0.0,25.85124457981193,0.2696710945424279,-6.159153736245713,4.853104872351324,25.462958269857833,0.45923032578608963,3.5922562109652194,22.359362756155246,0.2885118656746999
2025-02-01 10:00:00,10,5,1,28.895164202362224,60.46488772263344,1.0,2,45.0,180,2.0,0.45,0,0,0.0,26.351495663115028,0.5002510833030982,-4.549678185685458,2.5436685392471965,25.92810457606549,0.39067330885632157,5.794043241109675,23.020582146134757,0.4653482733747641
2025-02-01 11:00:00,11,5,1,28.26114623215209,60.616391884005616,1.0,2,45.0,180,2.0,0.45,0,0,0.0,26.914110084858116,0.5626144217430884,0.15150416137217348,1.3470361472939736,26.372283442595023,0.5317375943885647,5.388962209332268,32.54475031303573,0.43281421194819075
2025-02-01 12:00:00,12,5,1,30.07767713763578,43.27308671643837,1.0,2,45.0,180,2.0,0.45,0,0,0.0,27.754791909710526,0.8406818248524104,-17.343305167567244,2.322885227925255,27.00679921922789,0.7062248548798159,6.630037661351455,26.826702710460836,0.5324911205751834
2025-02-01 13:00:00,13,5,1,28.732038181228035,52.11638055865534,1.0,2,45.0,180,2.0,0.45,0,0,0.0,28.406176132066115,0.6513842223555883,8.843293842216966,0.32586204916191974,27.69169270887825,0.7480316866063182,6.125838750221415,27.206848276732195,0.4919964119635742
2025-02-01 14:00:00,14,5,1,28.17057219972846,49.99383667160499,1.0,2,45.0,180,2.0,0.45,0,0,0.0,29.433870224212185,1.0276940921460707,-2.122543887050348,-1.2632980244837242,28.531612755329608,0.8465381009732346,6.162203835800978,24.69001840572028,0.4949170718691661
2025-02-01 15:00:00,15,5,1,30.053780009375814,34.36802313010592,1.0,2,45.0,180,2.0,0.45,0,0,0.0,29.77598963571631,0.3421194115041253,-15.62581354149907,0.2777903736595029,29.20534533066487,0.712927050211907,5.942748103790008,30.00035954570223,0.4772914964766806
2025-02-01 16:00:00,16,5,1,27.08366922776354,34.107566684886514,1.0,2,45.0,180,2.0,0.45,0,0,0.0,30.15820325230761,0.3822136165913008,-0.26045644521940403,-3.0745340245440715,29.78935437074537,0.36235141231187884,6.2534499858876975,27.340291800146847,0.5022455015387414
2025-02-01 17:00:00,17,5,1,26.37243771431874,24.107650251369716,1.0,2,45.0,180,2.0,0.45,0,0,0.0,30.547167250265044,0.38896399795743264,-9.999916433516798,-4.174729535946305,30.160453379429658,0.38559373127615315,3.8099976100944497,22.530881237860218,0.30599975451337325
2025-02-01 18:00:00,18,5,1,21.0650583705469,31.745381019222137,1.0,2,45.0,180,2.0,0.45,0,0,0.0,30.460890185548596,-0.08627706471644814,7.637730767852421,-9.395831815001696,30.388753562707084,0.20426947200485682,6.096544308212224,26.13894947101974,0.4896436304186019
2025-02-01 19:00:00,19,5,1,24.69562914693766,24.346027479668102,0.0,2,45.0,180,2.0,0.45,0,0,0.0,30.292517815468738,-0.16837237007985806,-7.399353539554035,-5.596888668531079,30.433525083760788,0.1295114676681731,4.664611532198848,4.913181926044818,0.3746380260111798
2025-02-01 20:00:00,20,5,1,22.16416820237123,41.583228377737186,0.0,2,45.0,180,2.0,0.45,0,0,0.0,29.83804663930683,-0.45447117616190624,17.237200898069084,-7.673878436935603,30.197151546774723,0.32218715784054314,5.039305603875214,5.037265624066921,0.4047315603605995
2025-02-01 21:00:00,21,5,1,21.666221855432134,34.18533936934699,0.0,2,45.0,180,2.0,0.45,0,0,0.0,29.51178694028157,-0.3262596990252611,-7.3978890083901945,-7.8455650848494365,29.880783798352383,0.3921160841386598,5.692913821833863,4.766318064184492,0.4572260694682605
2025-02-01 22:00:00,22,5,1,20.439795851727915,41.20628161420787,0.0,2,45.0,180,2.0,0.45,0,0,0.0,29.313037319243694,-0.19874962103787652,7.020942244860876,-8.87324146751578,29.5542902996107,0.26507281679592215,4.314790046159279,4.559529873306368,0.3465421320484122
2025-02-01 23:00:00,23,5,1,18.55787991338338,40.97055066160354,0.0,2,45.0,180,2.0,0.45,0,0,0.0,28.865084210407147,-0.44795310883654693,-0.23573095260432808,-10.307204297023766,29.229969489977474,0.33125715599990607,4.145314851665462,5.513313154173539,0.33293074085650837
2025-02-02 00:00:00,0,6,2,22.110513302489203,52.06862759652707,0.0,2,45.0,180,2.0,0.45,0,0,0.0,28.207801185231006,-0.6572830251761417,11.098076934923533,-6.097287882741803,28.79530757162728,0.5559121445620004,6.340412395303914,5.738609169257547,0.5092298828052151
2025-02-02 01:00:00,1,6,2,19.019363092051655,52.89175545632543,0.0,2,45.0,180,2.0,0.45,0,0,0.0,27.665600113726143,-0.5422010715048629,0.8231278597983547,-8.646237021674487,28.246161836454764,0.6006614514179542,3.787921077306981,4.785103762352299,0.3042266789619415
2025-02-02 02:00:00,2,6,2,21.14570629700829,60.204615122586176,0.0,2,45.0,180,2.0,0.45,0,0,0.0,27.464149347113906,-0.20145076661223627,7.312859666260749,-6.318443050105618,27.77918354869035,0.38461722739311205,5.877940916991434,5.720693332351075,0.4720865107311451
2025-02-02 03:00:00,3,6,2,22.37498184713577,67.2454417543071,0.0,2,45.0,180,2.0,0.45,0,0,0.0,27.42669914040425,-0.03745020670965715,7.040826631720918,-5.051717293268478,27.518816200414765,0.1284903397187045,3.0586180622313526,5.625061616317144,0.24565274626767059
2025-02-02 04:00:00,4,6,2,24.618645979201837,80.22887372714152,0.0,2,45.0,180,2.0,0.45,0,0,0.0,27.265607651839066,-0.16109148856518374,12.983431972834424,-2.6469616726372287,27.385485379785738,0.10549233023788757,2.0307383892479507,6.346508184833256,0.16309864524438672
2025-02-02 05:00:00,5,6,2,25.63641642200568,80.20350283897736,0.0,2,45.0,180,2.0,0.45,0,0,0.0,27.297942798740618,0.032335146901552037,-0.025370888164161443,-1.6615263767349369,27.330083196994646,0.085219544836323,6.0503840684819234,5.060445470331164,0.4859362732306796
2025-02-02 06:00:00,6,6,2,24.154616655156435,66.94215615645072,0.0,2,45.0,180,2.0,0.45,0,0,0.0,27.367603745651863,0.06966094691124525,-13.261346682526636,-3.212987090495428,27.310384732077182,0.05212391070572694,5.424220353782334,4.861639528855726,0.4356459679361033
2025-02-02 07:00:00,7,6,2,25.906788595999426,72.2205651203437,0.0,2,45.0,180,2.0,0.45,0,0,0.0,27.107974478054665,-0.25962926759719807,5.278408963892971,-1.2011858820552384,27.257840340815715,0.13438003756922426,4.2567686676999354,6.538495254503625,0.341882148137124
2025-02-02 08:00:00,8,6,2,30.071111306195895,70.5380204603444,0.3,2,45.0,180,2.0,0.45,0,0,0.0,27.35632098422225,0.2483465061675858,-1.6825446599992944,2.714790321973645,27.27729973597626,0.14674844940972304,4.50371619540232,4.267339200878343,0.3617157256318723
2025-02-02 09:00:00,9,6,2,28.91508174359574,61.33461589084835,0.3,2,45.0,180,2.0,0.45,0,0,0.0,27.47894037105655,0.12261938683429818,-9.203404569496051,1.4361413725391898,27.314411944444487,0.18900052686201504,4.689974772035732,3.5922562109652194,0.37667507326369964
2025-02-02 10:00:00,10,6,2,29.75427025944901,64.70336105940513,0.3,2,45.0,180,2.0,0.45,0,0,0.0,27.71011440291144,0.23117403185489138,3.368745168556778,2.0441558565375715,27.515125252730076,0.17965092547317507,5.551266974897934,5.794043241109675,0.4458497105237957
2025-02-02 11:00:00,11,6,2,31.464543923246435,61.961587175898075,0.3,2,45.0,180,2.0,0.45,0,0,0.0,28.679050647961564,0.9689362450501235,-2.741773883507051,2.785493275284871,27.956035140643184,0.6367290837697603,5.055698925549385,5.388962209332268,0.4060481891150807
2025-02-02 12:00:00,12,6,2,31.127941366342597,43.896972734744175,0.3,2,45.0,180,2.0,0.45,0,0,0.0,28.850895357961225,0.17184470999966095,-18.0646144411539,2.2770460083813724,28.41335346961141,0.6150540950100462,5.355665954828587,6.630037661351455,0.4301400250465122
2025-02-02 13:00:00,13,6,2,27.942790386773506,45.96970823172736,0.3,2,45.0,180,2.0,0.45,0,0,0.0,29.12547617030246,0.27458081234123455,2.072735496983185,-1.182685783528953,28.885140725408416,0.22517436719831194,7.145150113510174,6.125838750221415,0.5738623496514773
2025-02-02 14:00:00,14,6,2,27.206784873627,44.273142788509105,0.3,2,45.0,180,2.0,0.45,0,0,0.0,29.101039370072417,-0.02443680023004191,-1.6965654432182546,-1.8942544964454164,29.0258036327787,0.15196699559845786,5.253112261692467,6.162203835800978,0.4219034306610069
2025-02-02 15:00:00,15,6,2,27.04402847396795,32.272470718975384,0.3,2,45.0,180,2.0,0.45,0,0,0.0,29.267749536973543,0.16671016690112594,-12.00067206953372,-2.223721063005595,29.164755025782807,0.09002883595308958,5.732417652599825,5.942748103790008,0.460398817525817
2025-02-02 16:00:00,16,6,2,28.331256230662838,33.622095642037564,0.3,2,45.0,180,2.0,0.45,0,0,0.0,29.53036168242612,0.26261214545257516,1.34962492306218,-1.1991054517632804,29.299716863157357,0.2164390085655162,5.193306195837153,6.2534499858876975,0.4171001096768547
2025-02-02 17:00:00,17,6,2,28.740636240951375,29.802108535670573,0.3,2,45.0,180,2.0,0.45,0,0,0.0,29.779014680653862,0.2486529982277439,-3.819987106366991,-1.0383784397024876,29.525708633351172,0.25566433058802,5.62125090254797,3.8099976100944497,0.45147046593425955
2025-02-02 18:00:00,18,6,2,24.131964126076245,27.19553319320452,0.3,2,45.0,180,2.0,0.45,0,0,0.0,29.422709549898048,-0.35630513075581405,-2.606575342466055,-5.290745423821804,29.57736197099268,0.1827432813946123,6.137703375810148,6.096544308212224,0.4929493187338898
2025-02-02 19:00:00,19,6,2,25.26466679807555,35.17331619761946,0.0,2,45.0,180,2.0,0.45,0,0,0.0,29.043576181215666,-0.3791333686823819,7.977783004414938,-3.7789093831401175,29.41510013725586,0.3677782946078818,4.02337505891621,4.664611532198848,0.3231371529162373
2025-02-02 20:00:00,20,6,2,18.888316387662627,29.53731408221854,0.0,2,45.0,180,2.0,0.45,0,0,0.0,28.232847471169674,-0.8107287100459928,-5.636002115400917,-9.344531083507047,28.8997110674278,0.6078370010315146,4.318859067966183,5.039305603875214,0.34686893531745444
2025-02-02 21:00:00,21,6,2,18.776236789737524,45.153521609103514,0.0,2,45.0,180,2.0,0.45,0,0,0.0,27.704360788019944,-0.5284866831497297,15.616207526884974,-8.92812399828242,28.326928146801762,0.6745464012866483,4.593277241632939,5.692913821833863,0.368908816275268
2025-02-02 22:00:00,22,6,2,21.330021032887494,42.087423814834516,0.0,2,45.0,180,2.0,0.45,0,0,0.0,27.46022754664126,-0.24413324137868386,-3.066097794268998,-6.130206513753766,27.799145268610292,0.39493475444089177,4.661850997543983,4.314790046159279,0.37441631381785023
2025-02-02 23:00:00,23,6,2,18.46836354680385,48.27396941966978,0.0,2,45.0,180,2.0,0.45,0,0,0.0,27.11462859357061,-0.3455989530706489,6.186545604835267,-8.64626504676676,27.42640564274394,0.2963173234558844,4.853897937149861,4.145314851665462,0.3898405535125797
2025-02-03 00:00:00,0,0,3,19.229764281942366,51.073910947447445,0.0,2,45.0,180,2.0,0.45,0,0,0.0,27.22913317502634,0.11450458145572995,2.799941527777662,-7.999368893083975,27.267996438412737,0.17604665296955607,7.7644133145439955,6.340412395303914,0.6235984405596334
2025-02-03 01:00:00,1,0,3,20.075687583934066,58.989995342763486,0.0,2,45.0,180,2.0,0.45,0,0,0.0,26.716646030404018,-0.5124871446223231,7.916084395316041,-6.640958446469952,27.020135933000322,0.26899333732853337,4.080056510044778,3.787921077306981,0.32768952063553713
2025-02-03 02:00:00,2,0,3,23.14347178389921,59.29426886414094,0.0,2,45.0,180,2.0,0.45,0,0,0.0,26.621932607645686,-0.09471342275833194,0.30427352137745345,-3.4784608237464774,26.855903937692016,0.32667676044315846,4.891173284177344,5.877940916991434,0.3928343210177325
2025-02-03 03:00:00,3,0,3,22.091535546254914,61.69751642320696,0.0,2,45.0,180,2.0,0.45,0,0,0.0,26.42362968391711,-0.19830292372857627,2.403247559066024,-4.332094137662196,26.587402773988938,0.1495288496796377,3.0805778172719664,3.0586180622313526,0.2474164428206023
2025-02-03 04:00:00,4,0,3,22.661960236678492,62.03936165461077,0.0,2,45.0,180,2.0,0.45,0,0,0.0,26.122228494712207,-0.30140118920490266,0.3418452314038092,-3.4602682580337145,26.389263595424996,0.25161840383694034,5.039782610643109,2.0307383892479507,0.40476987113367985
2025-02-03 05:00:00,5,0,3,26.502235268280558,63.985498143104316,0.0,2,45.0,180,2.0,0.45,0,0,0.0,25.999015955348455,-0.12321253936375243,1.9461364884935435,0.503219312932103,26.181624711325924,0.21844939352939602,5.4186640488624915,6.0503840684819234,0.4351997136033004
2025-02-03 06:00:00,6,0,3,23.977273327350503,65.23085756227998,0.0,2,45.0,180,2.0,0.45,0,0,0.0,25.783888452274326,-0.21512750307412887,1.2453594191756636,-1.8066151249238231,25.96837763411166,0.17123821455932633,5.238962505059262,5.424220353782334,0.42076699371293297
2025-02-03 07:00:00,7,0,3,29.815280319894665,66.6077044542167,0.0,2,45.0,180,2.0,0.45,0,0,0.0,26.46884895183477,0.684960499560443,1.3768468919367223,3.3464313680598963,26.083917786485852,0.3502841163790923,2.865710056851352,4.2567686676999354,0.23015935012129313
2025-02-03 08:00:00,8,0,3,27.27513599383736,66.35982182139917,1.0,2,45.0,180,2.0,0.45,4,1,1.0,25.887398388880527,-0.5814505629542417,-0.24788263281753586,1.3877376049568326,26.04671193099654,0.3692266580513667,28.074035959538268,4.50371619540232,2.254764698292123
2025-02-03 09:00:00,9,0,3,31.179803272543165,73.65933256356612,1.0,2,45.0,180,2.0,0.45,4,1,2.0,25.70518509222364,-0.18221329665688657,7.299510742166959,5.474618180319524,26.020477477646313,0.39884602984006756,31.92588278974306,4.689974772035732,2.564125570682949
2025-02-03 10:00:00,10,0,3,27.876417900956135,57.55783725216251,1.0,2,45.0,180,2.0,0.45,4,1,3.0,25.442325069991323,-0.2628600222323172,-16.101495311403617,2.4340928309648113,25.67830285036516,0.2237511027734756,27.844147369496227,5.551266974897934,2.2363012084642264
2025-02-03 11:00:00,11,0,3,31.405227693787264,51.90873870963459,1.0,2,45.0,180,2.0,0.45,3,1,4.0,25.215205132496543,-0.22711993749478054,-5.649098542527916,6.190022561290721,25.454238431570502,0.24520712952869092,30.654059133208634,5.055698925549385,2.461979121652975
2025-02-03 12:00:00,12,0,3,30.404251666976684,55.049308704812034,1.0,2,45.0,180,2.0,0.45,1,1,4.0,24.915665720106194,-0.29953941239034876,3.1405699951774437,5.48858594687049,25.191065307531357,0.26415822165404673,25.630229866069637,5.355665954828587,2.0584905424505533
2025-02-03 13:00:00,13,0,3,32.0540940139574,48.17688142550525,1.0,2,45.0,180,2.0,0.45,5,1,4.0,25.5601696706523,0.6445039505461061,-6.872427279306784,6.493924343305103,25.23034684108501,0.32251866468729967,36.44233675518148,7.145150113510174,2.9268643296347814
2025-02-03 14:00:00,14,0,3,25.26398782378302,34.00974473200912,1.0,2,45.0,180,2.0,0.45,3,1,4.0,25.199649477048162,-0.36052019360413823,-14.167136693496133,0.06433834673485705,25.22516162260222,0.3230084948504041,23.996767076926343,5.253112261692467,1.9272990658049323
2025-02-03 15:00:00,15,0,3,31.113048343054007,37.438688261166234,1.0,2,45.0,180,2.0,0.45,1,1,4.0,24.919993363327283,-0.27965611372087906,3.4289435291571166,6.193054979726725,25.226604170342583,0.32093822261158284,28.281049326431027,5.732417652599825,2.2713909657948474
2025-02-03 16:00:00,16,0,3,28.413305657321175,41.55377359296812,1.0,2,45.0,180,2.0,0.45,2,1,4.0,24.761661303619082,-0.15833205970820075,4.115085331801886,3.6516443537020926,24.960434714664842,0.2217769987836695,25.953585785789656,5.193306195837153,2.0844608558682354
2025-02-03 17:00:00,17,0,3,27.02293483085688,28.308161039264128,1.0,2,45.0,180,2.0,0.45,4,1,4.0,24.87394965547793,0.11228835185884734,-13.245612553703992,2.14898517537895,24.85186810747477,0.08144296381252411,28.14264266086296,5.62125090254797,2.2602748418438425
2025-02-03 18:00:00,18,0,3,25.57312811446724,24.738371280908225,1.0,2,45.0,180,2.0,0.45,5,1,4.0,24.975972359763965,0.10202270428603555,-3.5697897583559026,0.5971557547032766,24.87052777295366,0.10719649787440769,25.413054074163284,6.137703375810148,2.041048080325769
2025-02-03 19:00:00,19,0,3,23.552180251543856,29.42556628872265,0.0,2,45.0,180,2.0,0.45,0,0,3.0,24.992921002507735,0.016948642743770392,4.687195007814424,-1.4407407509638794,24.947614339249878,0.06435587268602713,5.998018430855089,4.02337505891621,0.48173052984220793
2025-02-03 20:00:00,20,0,3,23.01636935112083,22.862853595525046,0.0,2,45.0,180,2.0,0.45,0,0,2.0,24.483542210919257,-0.5093787915884782,-6.562712693197604,-1.4671728597984277,24.817478524396986,0.28932146518549146,3.408762145499939,4.318859067966183,0.2737745496096526
2025-02-03 21:00:00,21,0,3,22.74623461592679,25.26526900553047,0.0,2,45.0,180,2.0,0.45,0,0,1.0,24.562172347820265,0.07863013690100829,2.4024154100054247,-1.8159377318934737,24.67954518708242,0.2742243167142828,5.622024461413767,4.593277241632939,0.4515325942732402
2025-02-03 22:00:00,22,0,3,20.41128423894565,41.91761438229911,0.0,2,45.0,180,2.0,0.45,0,0,0.0,24.70559131077244,0.14341896295217538,16.652345376768636,-4.29430707182679,24.583768623170656,0.1125888538807919,4.542650653022706,4.661850997543983,0.3648427445156595
2025-02-03 23:00:00,23,0,3,22.072011116443765,47.69844906912681,0.0,2,45.0,180,2.0,0.45,0,0,0.0,24.534729916497295,-0.17086139427514624,5.780834686827703,-2.46271880005353,24.60083119169667,0.09175665464062209,5.5582527782851265,4.853897937149861,0.4464107749496357
2025-02-04 00:00:00,0,1,4,18.8953702186741,58.752144123847515,0.0,2,45.0,180,2.0,0.45,0,0,0.0,24.012007438845217,-0.5227224776520778,11.053695054720706,-5.116637220171118,24.417442888704983,0.36136108259700106,3.5778672396863245,7.7644133145439955,0.2873562162151369
2025-02-04 01:00:00,1,1,4,18.267974709778127,50.02294226601866,0.0,2,45.0,180,2.0,0.45,0,0,0.0,23.806979145323872,-0.20502829352134455,-8.729201857828855,-5.5390044355457455,24.117905500222125,0.3752547078830908,3.407371548238574,4.080056510044778,0.2736628638648959
2025-02-04 02:00:00,2,1,4,20.98248509371114,57.91949124652457,0.0,2,45.0,180,2.0,0.45,0,0,0.0,23.51033187514432,-0.2966472701795517,7.896548980505912,-2.5278467814331798,23.776439486437805,0.25222826145636296,4.5900816221210405,4.891173284177344,0.36865216026488934
2025-02-04 03:00:00,3,1,4,22.203888781305874,60.14582709587431,0.0,2,45.0,180,2.0,0.45,0,0,0.0,23.50270143743211,-0.007630437712212057,2.226335849349738,-1.298812656126234,23.606670819300103,0.17351404842471602,4.62538417486745,3.0805778172719664,0.3714874829027502
2025-02-04 04:00:00,4,1,4,24.031943471977463,62.71881802872951,0.0,2,45.0,180,2.0,0.45,0,0,0.0,23.66324773620266,0.1605462987705515,2.5729909328551983,0.3686957357748035,23.55876034959303,0.09056912479029981,5.209821327462926,5.039782610643109,0.4184265215910913
2025-02-04 05:00:00,5,1,4,24.61235288365014,65.43359689127055,0.0,2,45.0,180,2.0,0.45,0,0,0.0,23.736972559251047,0.07372482304838712,2.7147788625410456,0.8753803243990923,23.63430724429527,0.11978690948279126,3.576264575293531,5.4186640488624915,0.2872274983100488
2025-02-04 06:00:00,6,1,4,25.89628856382125,79.28305341395293,0.0,2,45.0,180,2.0,0.45,0,0,0.0,23.77077330331199,0.0338007440609438,13.849456522682374,2.1255152605092604,23.7236645329219,0.05498422109218119,6.763570245394541,5.238962505059262,0.5432157829288975
2025-02-04 07:00:00,7,1,4,26.303947050629894,62.04254944147834,0.0,2,45.0,180,2.0,0.45,0,0,0.0,23.819959672632713,0.04918636932072218,-17.240503972474585,2.483987377997181,23.77590184506525,0.04173058473385038,5.925896562936911,2.865710056851352,0.4759380658733234
2025-02-04 08:00:00,8,1,4,30.08968768640578,63.47211462777203,1.0,2,45.0,180,2.0,0.45,3,1,1.0,24.710610428489947,0.8906507558572336,1.4295651862936865,5.379077257915835,24.100447801478214,0.5289883252805594,27.962993981007685,28.074035959538268,2.245846367718631
2025-02-04 09:00:00,9,1,4,29.830790374022044,62.98271119098734,1.0,2,45.0,180,2.0,0.45,5,1,2.0,25.400355824271834,0.6897453957818875,-0.48940343678469134,4.43043454975021,24.643641975131498,0.7923235319854357,33.28781930432862,31.92588278974306,2.673509429093204
2025-02-04 10:00:00,10,1,4,31.108181525633363,67.5778905203494,1.0,2,45.0,180,2.0,0.45,1,1,3.0,25.095915636083138,-0.3044401881886962,4.595179329362061,6.012265889550225,25.068960629614974,0.3456618391302291,26.707064366801056,27.844147369496227,2.1449764478491073
2025-02-04 11:00:00,11,1,4,30.71600906278853,59.492656229540174,1.0,2,45.0,180,2.0,0.45,5,1,4.0,25.761423479048123,0.6655078429649848,-8.085234290809225,4.954585583740407,25.419231646467697,0.3331552112149945,35.18342492913234,30.654059133208634,2.825754893580445
2025-02-04 12:00:00,12,1,4,29.71745703426393,49.749197177827945,1.0,2,45.0,180,2.0,0.45,2,1,4.0,25.20933474671115,-0.5520887323369728,-9.743459051712229,4.50812228755278,25.35555795394747,0.3560352398469633,26.114165152203327,25.630229866069637,2.0973577791031235
2025-02-04 13:00:00,13,1,4,34.03677214058807,41.09683212567445,1.0,2,45.0,180,2.0,0.45,2,1,4.0,25.293123635554768,0.08378888884361757,-8.652365052153492,8.743648505033303,25.42129395377135,0.29752515010872493,33.297557566802624,36.44233675518148,2.674291557123557
2025-02-04 14:00:00,14,1,4,31.660669453761244,34.12963999435411,1.0,2,45.0,180,2.0,0.45,4,1,4.0,25.59251857952247,0.2993949439677017,-6.9671921313203455,6.068150874238775,25.36499232059613,0.20144799167334856,31.470366189685613,23.996767076926343,2.527540779284382
2025-02-04 15:00:00,15,1,4,28.70080612853359,29.873667533657223,1.0,2,45.0,180,2.0,0.45,4,1,4.0,25.172141033109256,-0.42037754641321357,-4.255972460696885,3.5286650954243335,25.352594416062164,0.21640679444686628,29.443262873604112,28.281049326431027,2.364734084747162
2025-02-04 16:00:00,16,1,4,29.015677501070883,27.43144394508303,1.0,2,45.0,180,2.0,0.45,2,1,4.0,25.072999744636146,-0.09914128847310977,-2.442223588574194,3.942677756434737,25.27921978575596,0.27581578889131425,27.980709589068294,25.953585785789656,2.2472691958335984
2025-02-04 17:00:00,17,1,4,26.486201030574975,40.48954653789104,1.0,2,45.0,180,2.0,0.45,3,1,4.0,24.83053461486972,-0.2424651297664262,13.058102592808009,1.6556664157052552,25.025225130871707,0.1757428420616408,24.138806238553848,28.14264266086296,1.9387069334828924
2025-02-04 18:00:00,18,1,4,27.204109154137317,32.196896357695195,1.0,2,45.0,180,2.0,0.45,2,1,4.0,24.767360372860615,-0.06317424200910438,-8.292650180195842,2.4367487812767017,24.89029824412216,0.1613462888663163,26.352666273138713,25.413054074163284,2.1165129838896126
2025-02-04 19:00:00,19,1,4,22.144787763600586,37.38348705821857,0.0,2,45.0,180,2.0,0.45,0,0,3.0,24.174558079024052,-0.5928022938365629,5.186590700523375,-2.029770315423466,24.590817688918133,0.36187262031721923,5.020155005533069,5.998018430855089,0.4031934810778318
2025-02-04 20:00:00,20,1,4,23.170435321376733,30.544723201658538,0.0,2,45.0,180,2.0,0.45,0,0,2.0,23.704017950471123,-0.4705401285529298,-6.838763856560032,-0.5335826290943899,24.215312134118594,0.532841389691414,5.029788807567595,3.408762145499939,0.4039672193735685
2025-02-04 21:00:00,21,1,4,20.945034371002905,34.0959360223048,0.0,2,45.0,180,2.0,0.45,0,0,1.0,23.622436871372955,-0.08158107909816792,3.55121282064626,-2.67740250037005,23.833670966956046,0.2980216191776078,3.875964976178101,5.622024461413767,0.31129791999620954
2025-02-04 22:00:00,22,1,4,23.157311474370992,36.37175239343474,0.0,2,45.0,180,2.0,0.45,0,0,0.0,23.48485399545831,-0.1375828759146458,2.2758163711299417,-0.32754252108731663,23.603769605767464,0.11076804547378588,5.928209358606495,4.542650653022706,0.4761238179339696
2025-02-04 23:00:00,23,1,4,21.06074242930184,39.72713212223405,0.0,2,45.0,180,2.0,0.45,0,0,0.0,23.083448308479532,-0.40140568697877654,3.3553797287993135,-2.0227058791776926,23.396913058436933,0.28004887794025957,4.933399417896422,5.5582527782851265,0.39622571069153506
2025-02-05 00:00:00,0,2,5,18.940369015663503,56.22685526615586,0.0,2,45.0,180,2.0,0.45,0,0,0.0,22.936044630440154,-0.14740367803937815,16.499723143921806,-3.9956756147766512,23.168115644792664,0.2840323012645561,4.062329939956097,3.5778672396863245,0.32626581210587063
2025-02-05 01:00:00,1,2,5,20.645904274526565,53.80891471494708,0.0,2,45.0,180,2.0,0.45,0,0,0.0,22.926185736470497,-0.00985889396965689,-2.4179405512087797,-2.2802814619439324,22.98189289179673,0.08808760662398683,4.358589931775409,3.407371548238574,0.35005991752175203
2025-02-05 02:00:00,2,2,5,23.332906793483634,56.23990345413145,0.0,2,45.0,180,2.0,0.45,0,0,0.0,23.07257651084621,0.14639077437571402,2.4309887391843716,0.2603302826374225,22.978268959252286,0.08182136128945121,3.9233905613937012,4.5900816221210405,0.3151069033391851
2025-02-05 03:00:00,3,2,5,21.928951439168834,68.73516587477782,0.0,2,45.0,180,2.0,0.45,0,0,0.0,23.153848648303693,0.08127213745748207,12.49526242064637,-1.224897209134859,23.050870298540133,0.11537317753947564,4.573151054886772,4.62538417486745,0.3672923826619501
2025-02-05 04:00:00,4,2,5,23.922791874637216,61.929136154334806,0.0,2,45.0,180,2.0,0.45,0,0,0.0,23.03392512474472,-0.11992352355897395,-6.806029720443014,0.8888667498924967,23.086783427964875,0.061211030428915236,5.299169812715885,5.209821327462926,0.4256025404109218
2025-02-05 05:00:00,5,2,5,23.294162604245287,76.34366984463395,0.0,2,45.0,180,2.0,0.45,0,0,0.0,23.096866642445715,0.06294151770099532,14.414533690299145,0.19729596179957198,23.09488013849804,0.059986436167755126,4.5501556807038135,3.576264575293531,0.36544551041292683
2025-02-05 06:00:00,6,2,5,30.816713505836432,65.670190370483,0.0,2,45.0,180,2.0,0.45,0,0,0.0,23.634424653290992,0.5375580108452773,-10.673479474150952,7.18228885254544,23.25507214016048,0.33003280984838457,3.5227144709619678,6.763570245394541,0.28292662454146456
2025-02-05 07:00:00,7,2,5,29.63860447171287,67.8813039776032,0.0,2,45.0,180,2.0,0.45,0,0,0.0,23.999468407420935,0.3650437541299425,2.211113607120197,5.639136064291936,23.57691990105255,0.4540402888858836,2.5031583547027316,5.925896562936911,0.20104102953181296
2025-02-05 08:00:00,8,2,5,24.331739243776966,62.87028357840824,1.0,2,45.0,180,2.0,0.45,5,1,1.0,24.68332217177048,0.6838537643495464,-5.011020399194955,-0.3515829279935154,24.10573841082747,0.5324626618704124,25.797833616959903,27.962993981007685,2.071951628749416
2025-02-05 09:00:00,9,2,5,30.227637614521,60.11999866387327,1.0,2,45.0,180,2.0,0.45,2,1,2.0,24.495309604173308,-0.18801256759717333,-2.750284914534973,5.732328010347693,24.392700061121573,0.35328534005494133,26.03894142635738,33.28781930432862,2.0913161895804806
2025-02-05 10:00:00,10,2,5,29.790250663285164,62.897806470261216,1.0,2,45.0,180,2.0,0.45,3,1,3.0,25.07741452950449,0.5821049253311834,2.7778078063879477,4.712836133780673,24.752015435149428,0.29707004115017094,28.44186920976448,26.707064366801056,2.284307206133299
2025-02-05 11:00:00,11,2,5,31.356111519007925,60.79684726807016,1.0,2,45.0,180,2.0,0.45,2,1,4.0,25.05093432061981,-0.02648020888468139,-2.1009592021910564,6.305177198388115,24.874552818099204,0.32870102197483536,28.47481668432909,35.18342492913234,2.2869533807928044
2025-02-05 12:00:00,12,2,5,30.330915058703937,48.8447458098455,1.0,2,45.0,180,2.0,0.45,4,1,4.0,25.089581497985822,0.03864717736601264,-11.95210145822466,5.241333560718115,25.072643449370045,0.019760401915407195,31.456860613795545,26.114165152203327,2.526456079678279
2025-02-05 13:00:00,13,2,5,30.478005446649185,53.023989390722875,1.0,2,45.0,180,2.0,0.45,4,1,4.0,25.46109212841074,0.3715106304249183,4.179243580877376,5.016913318238444,25.200535982338792,0.22647412660506208,31.476335963256847,33.297557566802624,2.5280202413298327
2025-02-05 14:00:00,14,2,5,31.746646248589975,35.909070840923356,1.0,2,45.0,180,2.0,0.45,5,1,4.0,25.787115078961065,0.3260229505503247,-17.11491854979952,5.95953116962891,25.44592956845254,0.34901389881413636,33.889338934610045,31.470366189685613,2.7218204460642954
2025-02-05 15:00:00,15,2,5,29.06803430376688,30.612424763777085,1.0,2,45.0,180,2.0,0.45,3,1,4.0,25.411975019948336,-0.37514005901272895,-5.296646077146271,3.656059283818543,25.553394075773383,0.2038927489742272,29.225876685137596,29.443262873604112,2.3472747246338885
2025-02-05 16:00:00,16,2,5,25.42543917076691,33.889860378849626,1.0,2,45.0,180,2.0,0.45,4,1,4.0,25.502453341272506,0.09047832132417,3.277435615072541,-0.07701417050559556,25.567181146727304,0.1957671641729313,24.49809669126617,27.980709589068294,1.9675633269981219
2025-02-05 17:00:00,17,2,5,26.0188939651364,29.15453221884407,1.0,2,45.0,180,2.0,0.45,4,1,4.0,25.531917988802583,0.029464647530076604,-4.735328160005555,0.4869759763338166,25.48211545000781,0.0625044103264549,25.111984300965904,24.138806238553848,2.016867677575461
2025-02-05 18:00:00,18,2,5,26.321742538049286,35.29608522148964,1.0,2,45.0,180,2.0,0.45,4,1,4.0,25.316957289723167,-0.21496069907941617,6.141553002645569,1.0047852483261188,25.450442873266084,0.11653687023386965,24.769391300711618,26.352666273138713,1.989352339062371
2025-02-05 19:00:00,19,2,5,24.649856453390317,32.88684189008958,0.0,2,45.0,180,2.0,0.45,0,0,3.0,25.58514215171389,0.2681848619907221,-2.409243331400063,-0.9352856983235718,25.47800581007988,0.14198828230266475,3.8949269400140443,5.020155005533069,0.31282084910868896
2025-02-05 20:00:00,20,2,5,19.910728279205767,39.257855923194356,0.0,2,45.0,180,2.0,0.45,0,0,2.0,25.34911609197845,-0.23602605973544044,6.371014033104778,-5.438387812772682,25.417071844471835,0.14643861605803882,4.567825726437423,5.029788807567595,0.36686467919203547
2025-02-05 21:00:00,21,2,5,21.128154627048282,38.48065372407722,0.0,2,45.0,180,2.0,0.45,0,0,1.0,25.054710699209377,-0.29440539276907174,-0.7772021991171343,-3.9265560721610946,25.329656314300575,0.26575062306983144,3.9389391205569586,3.875964976178101,0.31635568503773204
2025-02-05 22:00:00,22,2,5,21.172298206212297,38.86163265339223,0.0,2,45.0,180,2.0,0.45,0,0,0.0,24.86345302156613,-0.19125767764324664,0.3809789293150061,-3.6911548153538334,25.089093270917985,0.2446503125250012,5.768715300337242,5.928209358606495,0.46331406116471974
2025-02-05 23:00:00,23,2,5,21.71595382315441,52.13003970446675,0.0,2,45.0,180,2.0,0.45,0,0,0.0,24.787306529626495,-0.0761464919396353,13.268407051074526,-3.0713527064720836,24.901823416800667,0.13776960078492784,4.810223106900725,4.933399417896422,0.38633281185435925
2025-02-06 00:00:00,0,3,6,20.796425039791433,46.10823232206603,0.0,2,45.0,180,2.0,0.45,0,0,0.0,24.28568986651784,-0.5016166631086563,-6.021807382400723,-3.489264826726405,24.64548313923682,0.3139075841375347,4.389044702811293,4.062329939956097,0.3525058908305149
2025-02-06 01:00:00,1,3,6,20.206640192822245,45.15641500366691,0.0,2,45.0,180,2.0,0.45,0,0,0.0,24.108039062926366,-0.17765080359147234,-0.9518173183991223,-3.9013988701041207,24.3936784863569,0.3522743665672525,5.85903477866726,4.358589931775409,0.470568065241661
2025-02-06 02:00:00,2,3,6,22.188969360018955,62.959492802749985,0.0,2,45.0,180,2.0,0.45,0,0,0.0,24.242903140032237,0.13486407710587045,17.803077799083077,-2.0539337800132813,24.212210689825483,0.09271716064966024,6.527784838385652,3.9233905613937012,0.5242786905613338
2025-02-06 03:00:00,3,3,6,20.725353693713913,78.01760860613425,0.0,2,45.0,180,2.0,0.45,0,0,0.0,24.12679937288565,-0.11610376714658699,15.058115803384261,-3.4014456791717365,24.159247191948083,0.07305289552662653,6.246553061028444,4.573151054886772,0.5016915753871245
2025-02-06 04:00:00,4,3,6,22.58355705577113,62.67354982290027,0.0,2,45.0,180,2.0,0.45,0,0,0.0,23.893119144239364,-0.23368022864628557,-15.344058783233976,-1.3095620884682333,24.087607219052416,0.17815507183282434,5.164683314540241,5.299169812715885,0.4148012644946123
2025-02-06 05:00:00,5,3,6,22.37158285110912,68.98987037401606,0.0,2,45.0,180,2.0,0.45,0,0,0.0,23.696359211346337,-0.19675993289302696,6.316320551115794,-1.324776360237216,23.905425909490447,0.21548381730349492,4.310943373870231,4.5501556807038135,0.34623318676901793
2025-02-06 06:00:00,6,3,6,27.578476307840234,73.24901518291568,0.0,2,45.0,180,2.0,0.45,0,0,0.0,23.61836652350478,-0.077992687841558,4.25914480889962,3.9601097843354545,23.735948293030162,0.14158997913528718,2.881474679192606,3.5227144709619678,0.2314254849224381
2025-02-06 07:00:00,7,3,6,27.095928529704036,66.31315943524352,0.0,2,45.0,180,2.0,0.45,0,0,0.0,23.713179414088263,0.09481289058348352,-6.935855747672164,3.3827491156157734,23.675968382979793,0.050588639695846926,4.73770836420235,2.5031583547027316,0.38050879416849165
2025-02-06 08:00:00,8,3,6,31.737216379539333,70.20921780840227,0.3,2,45.0,180,2.0,0.45,5,1,1.0,24.734397551386856,1.0212181372985931,3.896058373158752,7.002818828152478,24.0219811629933,0.618789304928561,35.11130702209129,25.797833616959903,2.8199627477291953
2025-02-06 09:00:00,9,3,6,29.668630498111245,57.91647043612237,0.3,2,45.0,180,2.0,0.45,4,1,2.0,24.89111799854141,0.15672044715455513,-12.292747372279905,4.777512499569834,24.446231654672175,0.6396596870273291,29.966251749597102,26.03894142635738,2.4067379083829237
2025-02-06 10:00:00,10,3,6,30.769636370813778,59.526316987643604,0.3,2,45.0,180,2.0,0.45,3,1,3.0,24.566712920394195,-0.3244050781472154,1.6098465515212368,6.202923450419583,24.73074282344082,0.16223341659227505,29.150727199081576,28.44186920976448,2.3412390976760076
2025-02-06 11:00:00,11,3,6,28.499421158746443,52.64949957657769,0.3,2,45.0,180,2.0,0.45,4,1,4.0,24.652988119802185,0.08627519940798933,-6.876817411065915,3.8464330389442587,24.70360634624593,0.1680217763212996,28.73470010534409,28.47481668432909,2.3078259038678812
2025-02-06 12:00:00,12,3,6,28.454185018924463,50.2093187458904,0.3,2,45.0,180,2.0,0.45,5,1,4.0,25.183751755189682,0.5307636353874976,-2.4401808306872894,3.2704332637347804,24.801150931795352,0.33413828732239764,29.94176707456149,31.456860613795545,2.4047714230154824
2025-02-06 13:00:00,13,3,6,29.176419258049034,44.28145522414833,0.3,2,45.0,180,2.0,0.45,3,1,4.0,24.771940926236006,-0.4118108289536764,-5.9278635217420685,4.404478331813028,24.869560267075958,0.2785222808716922,28.35145928548254,31.476335963256847,2.2770459378945613
2025-02-06 14:00:00,14,3,6,32.13055138161403,32.9389791572026,0.3,2,45.0,180,2.0,0.45,1,1,4.0,24.3994655167214,-0.3724754095146068,-11.342476066945729,7.731085864892634,24.785052732715695,0.39230748854000047,29.667329256811442,33.889338934610045,2.382729964344169
2025-02-06 15:00:00,15,3,6,27.53800490810319,31.694774249720286,0.3,2,45.0,180,2.0,0.45,5,1,4.0,24.620836497031487,0.22137098031008762,-1.2442049074823167,2.917168411071703,24.597414313329633,0.18733908212195316,28.22829843796797,29.225876685137596,2.2671542810060457
2025-02-06 16:00:00,16,3,6,29.800753548509448,29.47268849769641,0.3,2,45.0,180,2.0,0.45,3,1,4.0,24.393552622666803,-0.22728387436468367,-2.222085752023876,5.407200925842645,24.47128487880656,0.12954923953577194,29.49911732137292,24.49809669126617,2.369220031735804
2025-02-06 17:00:00,17,3,6,26.862954046646905,26.509839376817855,0.3,2,45.0,180,2.0,0.45,2,1,4.0,24.117763003271193,-0.27578961939561,-2.9628491208785555,2.745191043375712,24.377384040989828,0.2519261842408017,22.915295245793125,25.111984300965904,1.840440713462898
2025-02-06 18:00:00,18,3,6,24.98960976326469,21.539793051563258,0.3,2,45.0,180,2.0,0.45,3,1,4.0,23.758333820896006,-0.3594291823751874,-4.9700463252545966,1.2312759423686828,24.089883148944665,0.3185258172248002,26.041617516740242,24.769391300711618,2.0915311196366155
2025-02-06 19:00:00,19,3,6,23.27001889648659,25.482191552660503,0.0,2,45.0,180,2.0,0.45,0,0,3.0,23.66341146704198,-0.09492235385402736,3.9423985010972444,-0.39339257055538823,23.846502763736392,0.23966466464550878,5.171332956846858,3.8949269400140443,0.41533533016122465
2025-02-06 20:00:00,20,3,6,24.663738355982456,37.21706253152372,0.0,2,45.0,180,2.0,0.45,0,0,2.0,23.492140413272338,-0.17127105376964025,11.73487097886322,1.1715979427101182,23.63796190040344,0.13490920241824508,4.521245475049092,4.567825726437423,0.3631235887902367
2025-02-06 21:00:00,21,3,6,22.671482464144532,37.72615117671677,0.0,2,45.0,180,2.0,0.45,0,0,1.0,23.66425373403939,0.17211332076705332,0.5090886451930459,-0.9927712698948596,23.606601871451236,0.0991274251140317,5.039491807958704,3.9389391205569586,0.40474651533161743
2025-02-06 22:00:00,22,3,6,21.796346606800743,46.51299796960086,0.0,2,45.0,180,2.0,0.45,0,0,0.0,23.67056737284764,0.006313638808247646,8.786846792884091,-1.8742207660468964,23.608987173386453,0.10124149110226262,3.5435670501083933,5.768715300337242,0.28460139832160314
2025-02-06 23:00:00,23,3,6,21.158177212430775,38.473740429980886,0.0,2,45.0,180,2.0,0.45,0,0,0.0,23.409548386024127,-0.26101898682351177,-8.039257539619975,-2.251371173593352,23.58145649763705,0.1489102569921764,5.125246417460703,4.810223106900725,0.41163389221250507
2025-02-07 00:00:00,0,4,7,20.152017959490585,45.51372539497386,0.0,2,45.0,180,2.0,0.45,0,0,0.0,23.32863126334049,-0.08091712268363693,7.039984964992975,-3.176613303849905,23.469582340737418,0.17869844021449185,4.6139438116791185,4.389044702811293,0.3705686507444575
2025-02-07 01:00:00,1,4,7,20.62674004849645,52.843119356463646,0.0,2,45.0,180,2.0,0.45,0,0,0.0,23.200500438619716,-0.12813082472077397,7.329393961489785,-2.5737603901232653,23.312893362661445,0.10540883367544582,6.120027179773591,5.85903477866726,0.49152965599352855
2025-02-07 02:00:00,2,4,7,23.9829763029265,55.78010081580713,0.0,2,45.0,180,2.0,0.45,0,0,0.0,23.403740094363403,0.20323965574368685,2.9369814593434853,0.5792362085630955,23.310957265441203,0.1027660793647004,5.404666459410069,6.527784838385652,0.43407549795422173
2025-02-07 03:00:00,3,4,7,23.180059113546065,56.259575035584376,0.0,2,45.0,180,2.0,0.45,0,0,0.0,23.079310491774173,-0.32442960258923037,0.479474219777245,0.10074862177189203,23.227850341585764,0.16393490980636413,6.137403234292818,6.246553061028444,0.4929252128839599
2025-02-07 04:00:00,4,4,7,24.569178806441204,63.29466025271656,0.0,2,45.0,180,2.0,0.45,0,0,0.0,23.281495356508337,0.2021848647341642,7.035085217132185,1.2876834499328673,23.25484864754864,0.16384803045144927,3.6855446321956293,5.164683314540241,0.29600432024207635
2025-02-07 05:00:00,5,4,7,25.85695957595587,70.78646866987326,0.0,2,45.0,180,2.0,0.45,0,0,0.0,23.621510724192568,0.3400153676842308,7.491808417156697,2.2354488517633015,23.32743885749169,0.2740043375032179,3.801275732817089,4.310943373870231,0.30529925740579056
2025-02-07 06:00:00,6,4,7,26.172628240648955,69.0114471172058,0.0,2,45.0,180,2.0,0.45,0,0,0.0,24.1356310226518,0.5141202984592326,-1.7750215526674538,2.036997217997154,23.679545701117565,0.43001509038007507,4.669214167389217,2.881474679192606,0.3750076864106079
2025-02-07 07:00:00,7,4,7,28.728297714598074,69.12227196693362,0.0,2,45.0,180,2.0,0.45,0,0,0.0,24.479099133395557,0.34346811074375694,0.1108248497278197,4.249198581202517,24.07874696007998,0.4316147788605317,4.398645549926639,4.73770836420235,0.35327698235367816
2025-02-07 08:00:00,8,4,7,25.52199963042124,73.96259055899584,1.0,2,45.0,180,2.0,0.45,1,1,1.0,24.430311399407625,-0.04878773398793257,4.840318592062218,1.0916882310136167,24.348347185151663,0.18582568468436655,20.615079549559624,35.11130702209129,1.655699012704243
2025-02-07 09:00:00,9,4,7,28.932534938143803,61.4125349338788,1.0,2,45.0,180,2.0,0.45,5,1,2.0,25.352886215235333,0.9225748158277085,-12.55005562511704,3.5796487229084697,24.75409891601284,0.5191384526593532,30.961184193662866,29.966251749597102,2.4866458544758263
2025-02-07 10:00:00,10,4,7,30.260141455637974,57.134734779979134,1.0,2,45.0,180,2.0,0.45,3,1,3.0,25.291603926985008,-0.06128228825032522,-4.277800153899669,4.968537528652966,25.024933847209322,0.5158689477818621,27.064500809933605,29.150727199081576,2.1736839366839837
2025-02-07 11:00:00,11,4,7,31.83455926501095,50.58229417258693,1.0,2,45.0,180,2.0,0.45,4,1,4.0,25.47558700056681,0.18398307358180332,-6.552440607392207,6.358972264444137,25.373359047595716,0.09368455310136206,32.893421395791506,28.73470010534409,2.641833382138951
2025-02-07 12:00:00,12,4,7,32.9132823486775,50.9747272679513,1.0,2,45.0,180,2.0,0.45,3,1,4.0,25.35439115074593,-0.12119584982088227,0.39243309536437465,7.558891197931569,25.373860692765916,0.09352400836689305,33.964768224039574,29.94176707456149,2.727878545415172
2025-02-07 13:00:00,13,4,7,34.095562809047266,62.804936137425486,1.0,2,45.0,180,2.0,0.45,1,1,4.0,25.116188412536317,-0.2382027382096119,11.830208869474184,8.979374396510948,25.315388854616355,0.18284616648188418,30.972980603515378,28.35145928548254,2.487593282502931
2025-02-07 14:00:00,14,4,7,27.65193956411309,39.3002171178422,1.0,2,45.0,180,2.0,0.45,2,1,4.0,24.893148694069424,-0.22303971846689308,-23.504719019583284,2.758790870043665,25.121242752450556,0.23066276406093578,26.979239382159506,29.667329256811442,2.166836169667225
2025-02-07 15:00:00,15,4,7,30.76867193107051,37.84380527077126,1.0,2,45.0,180,2.0,0.45,5,1,4.0,26.20592786728756,1.3127791732181358,-1.4564118470709388,4.562744063782951,25.405088324631098,0.702456161489891,33.68415450859097,28.22829843796797,2.705341069850134
2025-02-07 16:00:00,16,4,7,29.581209784826466,22.974103642100268,1.0,2,45.0,180,2.0,0.45,4,1,4.0,26.255533838729487,0.049605971441927466,-14.869701628670995,3.325675946096979,25.78487013336216,0.7726516240010172,30.030134550464016,29.49911732137292,2.411868652121741
2025-02-07 17:00:00,17,4,7,26.481196985176666,30.309239003638652,1.0,2,45.0,180,2.0,0.45,4,1,4.0,25.768689782072713,-0.4868440566567749,7.335135361538384,0.7125072031039537,26.076717162696585,0.2679101314082475,25.908495208898028,22.915295245793125,2.0808394085940565
2025-02-07 18:00:00,18,4,7,26.860344743753224,32.44362260902516,1.0,2,45.0,180,2.0,0.45,3,1,4.0,25.254813801672192,-0.5138759804005204,2.1343836053865104,1.6055309420810318,25.7596791408248,0.5004208647566248,25.33618382370687,26.041617516740242,2.034874250266999
2025-02-07 19:00:00,19,4,7,25.014279963777735,29.739958757037208,0.0,2,45.0,180,2.0,0.45,0,0,3.0,25.294467010608827,0.0396532089366346,-2.7036638519879546,-0.28018704683109164,25.439323531451247,0.28592776977950546,4.545785840198378,5.171332956846858,0.3650945469061826
2025-02-07 20:00:00,20,4,7,24.513434484047096,28.0843282970663,0.0,2,45.0,180,2.0,0.45,0,0,2.0,25.260697628340957,-0.033769382267870185,-1.655630459970908,-0.7472631442938606,25.269992813540657,0.021398471806914288,4.502561413693443,4.521245475049092,0.3616229794006157
2025-02-07 21:00:00,21,4,7,22.102630737629635,34.017965958104476,0.0,2,45.0,180,2.0,0.45,0,0,1.0,25.287212967687868,0.026515339346911304,5.933637661038176,-3.1845822300582327,25.280792535545885,0.01777664918823159,5.306113548465057,5.039491807958704,0.4261602261766617
2025-02-07 22:00:00,22,4,7,20.585242637662137,38.04791172870049,0.0,2,45.0,180,2.0,0.45,0,0,0.0,25.147398894074627,-0.13981407361324116,4.029945770596015,-4.562156256412489,25.231769830034484,0.07426039948204141,4.479016360680415,3.5435670501083933,0.35973195972572086
2025-02-07 23:00:00,23,4,7,20.939967591721672,45.50197138726704,0.0,2,45.0,180,2.0,0.45,0,0,0.0,25.25120209583909,0.10380320176446389,7.45405965856655,-4.311234504117419,25.22860465253386,0.07259460811959217,4.283830014001314,5.125246417460703,0.3440555787196219
2025-02-08 00:00:00,0,5,8,21.421966966154976,54.153535350774725,0.0,2,45.0,180,2.0,0.45,0,0,0.0,25.153791761013988,-0.09741033482510275,8.651563963507684,-3.731824794859012,25.184130916975903,0.05817322805641801,4.99162734568402,4.6139438116791185,0.4009022836010876
2025-02-08 01:00:00,1,5,8,20.10260537638726,48.81531003856254,0.0,2,45.0,180,2.0,0.45,0,0,0.0,25.265919461204554,0.11212770019056606,-5.338225312212188,-5.163314084817294,25.22363777268588,0.0609343845516029,4.234564449835999,6.120027179773591,0.34009881756559707
2025-02-08 02:00:00,2,5,8,23.73384006095234,60.86562995719589,0.0,2,45.0,180,2.0,0.45,0,0,0.0,25.48390223226686,0.21798277106230657,12.050319918633356,-1.7500621713145215,25.30120448482847,0.16786007707853068,6.426020035601361,5.404666459410069,0.5161054558622908
2025-02-08 03:00:00,3,5,8,23.93237438335412,61.18328641648074,0.0,2,45.0,180,2.0,0.45,0,0,0.0,25.258477504651523,-0.22542472761533716,0.31765645928484787,-1.326103121297404,25.33609973270765,0.12805479232073083,5.882910453256164,6.137403234292818,0.47248563877075955
2025-02-08 04:00:00,4,5,8,24.081793673296715,64.28017302426835,0.0,2,45.0,180,2.0,0.45,0,0,0.0,24.825777410374005,-0.4327000942775179,3.09688660778761,-0.7439837370772899,25.189385715764132,0.3344582586312147,5.97070604318699,3.6855446321956293,0.4795369368857533
2025-02-08 05:00:00,5,5,8,24.915583900868786,62.75799388618459,0.0,2,45.0,180,2.0,0.45,0,0,0.0,24.937382649130814,0.11160523875680894,-1.5221791380837573,-0.021798748262028766,25.00721252138545,0.22464305284443226,5.790579386412892,3.801275732817089,0.46507007406984135
2025-02-08 06:00:00,6,5,8,25.44607974386656,69.72966748508072,0.0,2,45.0,180,2.0,0.45,0,0,0.0,25.019716587247032,0.08233393811621781,6.971673598896132,0.4263631566195265,24.927625548917288,0.09733705273418296,2.6048918492472897,4.669214167389217,0.2092117497112544
2025-02-08 07:00:00,7,5,8,28.249044179000357,62.529237657645965,0.0,2,45.0,180,2.0,0.45,0,0,0.0,25.222749376475267,0.2030327892282351,-7.2004298274347605,3.02629480252509,25.0599495376177,0.14687600209179114,4.7957146796479995,4.398645549926639,0.3851675682946397
2025-02-08 08:00:00,8,5,8,28.243116025701127,69.74572509817712,1.0,2,45.0,180,2.0,0.45,0,0,0.0,26.035764306544316,0.8130149300690483,7.216487440531154,2.2073517191568115,25.42607675675554,0.5376753292192591,4.838272429475954,20.615079549559624,0.3885855916985108
2025-02-08 09:00:00,9,5,8,31.039522578587732,56.201771422877414,1.0,2,45.0,180,2.0,0.45,0,0,0.0,26.693644386981717,0.6578800804374012,-13.543953675299704,4.345878191606015,25.984052690000436,0.736809745760328,4.502987749938478,30.961184193662866,0.36165722057335953
2025-02-08 10:00:00,10,5,8,31.445982921840773,55.34573513143352,1.0,2,45.0,180,2.0,0.45,0,0,0.0,27.56136812972742,0.867723742745703,-0.8560362914438926,3.8846147921133536,26.763592274417817,0.7652034282106585,3.427709660169241,27.064500809933605,0.2752963182380852
2025-02-08 11:00:00,11,5,8,30.934568122647768,56.56428804382495,1.0,2,45.0,180,2.0,0.45,0,0,0.0,28.16870202099975,0.6073338912723294,1.2185529123914307,2.765866101648019,27.47457151256963,0.7413494422209403,6.719949449255388,32.893421395791506,0.5397123810173337
2025-02-08 12:00:00,12,5,8,28.529396857428008,52.09244294683667,1.0,2,45.0,180,2.0,0.45,0,0,0.0,28.64985635367434,0.48115433267459196,-4.471845096988282,-0.12045949624633323,28.126642168133838,0.5454616639464014,5.462867955422652,33.964768224039574,0.438749947997176
2025-02-08 13:00:00,13,5,8,30.21412567835531,48.87999267584382,1.0,2,45.0,180,2.0,0.45,0,0,0.0,29.577248037862176,0.9273916841878354,-3.2124502709928464,0.6368776404931324,28.79860213751209,0.7159570179570627,4.8218625379898015,30.972980603515378,0.3872676321404655
2025-02-08 14:00:00,14,5,8,33.30118095341208,40.197382207558555,1.0,2,45.0,180,2.0,0.45,0,0,0.0,30.28984582018028,0.7125977823181024,-8.682610468285269,3.0113351332317997,29.50565007057227,0.8223357369424897,5.825677706169788,26.979239382159506,0.46788899374606024
2025-02-08 15:00:00,15,5,8,28.5805841839531,35.5814184115103,1.0,2,45.0,180,2.0,0.45,0,0,0.0,30.62269969676395,0.3328538765836697,-4.615963796048256,-2.042115512810849,30.1632645182688,0.5340968191914619,6.123602749564992,33.68415450859097,0.4918168276903074
2025-02-08 16:00:00,16,5,8,26.22831929248396,31.222271386270567,1.0,2,45.0,180,2.0,0.45,0,0,0.0,31.11392290257497,0.4912232058110213,-4.359147025239732,-4.88560361009101,30.67548947317307,0.41456703897217123,4.148825992944663,30.030134550464016,0.33321273798077183
2025-02-08 17:00:00,17,5,8,26.811557592079705,34.806965067189616,1.0,2,45.0,180,2.0,0.45,0,0,0.0,31.42906481985574,0.31514191728076923,3.584693680919049,-4.617507227776034,31.05522913973155,0.40637408416676524,4.458392178118708,25.908495208898028,0.3580755296050823
2025-02-08 18:00:00,18,5,8,24.610462312303792,33.12863842842754,1.0,2,45.0,180,2.0,0.45,0,0,0.0,31.55829466949226,0.12922984963651984,-1.6783266387620728,-6.947832357188467,31.36709413064099,0.22857568013623855,4.20513689741475,25.33618382370687,0.3377353452649915
2025-02-08 19:00:00,19,5,8,25.58512020071566,29.9301040455895,0.0,2,45.0,180,2.0,0.45,0,0,0.0,31.23264621877779,-0.3256484507144677,-3.1985343828380444,-5.6475260180621305,31.406668569375267,0.1639753712909478,5.3645932251587,4.545785840198378,0.43085701828615397
2025-02-08 20:00:00,20,5,8,23.000882958174145,30.580327346858965,0.0,2,45.0,180,2.0,0.45,0,0,0.0,31.057382407212565,-0.17526381156522675,0.6502233012694667,-8.05649944903842,31.282774431827537,0.254190680264527,7.812389241479488,4.502561413693443,0.6274516245684414
2025-02-08 21:00:00,21,5,8,19.71255872008429,39.197283400931646,0.0,2,45.0,180,2.0,0.45,0,0,0.0,30.338002233275756,-0.7193801739368091,8.61695605407268,-10.625443513191467,30.87601028642204,0.4740979327616954,5.873538417537274,5.306113548465057,0.4717329242226788
2025-02-08 22:00:00,22,5,8,21.50509897855889,43.684883481396106,0.0,2,45.0,180,2.0,0.45,0,0,0.0,30.250220985627774,-0.08778124764798179,4.4876000804644605,-8.745122007068883,30.548535208705363,0.44285493158737504,5.6458688067480125,4.479016360680415,0.45344765159492456
2025-02-08 23:00:00,23,5,8,20.720632617839875,50.06508106459549,0.0,2,45.0,180,2.0,0.45,0,0,0.0,29.78003938671856,-0.47018159890921396,6.380197583199383,-9.059406768878684,30.12275420187403,0.3000274491693596,5.404334343052237,4.283830014001314,0.4340488240466851
2025-02-09 00:00:00,0,6,9,20.143833678316405,45.11584086673143,0.0,2,45.0,180,2.0,0.45,0,0,0.0,29.07048199213264,-0.7095573945859215,-4.949240197864057,-8.926648313816234,29.700247454826325,0.5939032644207934,2.1782619928849956,4.99162734568402,0.1749469955893479
2025-02-09 01:00:00,1,6,9,21.491472122004225,54.067738646691566,0.0,2,45.0,180,2.0,0.45,0,0,0.0,28.525162217762844,-0.5453197743697942,8.951897779960134,-7.033690095758619,29.12522786553801,0.6292273120922888,4.871697419846647,4.234564449835999,0.391270118014471
2025-02-09 02:00:00,2,6,9,22.677154119386525,57.78587707983328,0.0,2,45.0,180,2.0,0.45,0,0,0.0,28.42612602874057,-0.09903618902227507,3.7181384331417107,-5.748971909354044,28.673923412878683,0.34698137092510845,4.337915855036545,6.426020035601361,0.3483994801529406
2025-02-09 03:00:00,3,6,9,23.01803446143516,66.37845095528795,0.0,2,45.0,180,2.0,0.45,0,0,0.0,28.182785055055266,-0.24334097368530294,8.592573875454669,-5.164750593620106,28.378024433852897,0.17618414502756236,5.760576790313524,5.882910453256164,0.4626604171669482
2025-02-09 04:00:00,4,6,9,24.467676407471302,74.53155596533554,0.0,2,45.0,180,2.0,0.45,0,0,0.0,27.751073560166105,-0.4317114948891607,8.153105010047597,-3.2833971526948034,28.11999488132065,0.3418785065932828,5.6682283107688,5.97070604318699,0.45524345396584315
2025-02-09 05:00:00,5,6,9,24.451810925135455,73.7528499944459,0.0,2,45.0,180,2.0,0.45,0,0,0.0,27.51305588661078,-0.23801767355532633,-0.7787059708896464,-3.0612449614753245,27.815638167277385,0.3395007085928194,5.638809066535408,5.790579386412892,0.45288064893690144
2025-02-09 06:00:00,6,6,9,25.976275618625255,71.86961678993502,0.0,2,45.0,180,2.0,0.45,0,0,0.0,27.74578804699136,0.2327321603805821,-1.8832332045108728,-1.769512428366106,27.669972497922746,0.13591946638255326,6.710868178428287,2.6048918492472897,0.5389830192360034
2025-02-09 07:00:00,7,6,9,24.594872923068095,71.79452702443714,0.0,2,45.0,180,2.0,0.45,0,0,0.0,27.329094977418624,-0.41669306957273733,-0.0750897654978786,-2.7342220543505285,27.529312970340253,0.20882168981248447,5.760914310456535,4.7957146796479995,0.4626875250792028
2025-02-09 08:00:00,8,6,9,27.24212986418572,70.09418234472618,1.0,2,45.0,180,2.0,0.45,0,0,0.0,27.67621435334684,0.34711937592821585,-1.700344679710966,-0.4340844891611191,27.58369912591894,0.22322091980172465,4.19101256203116,4.838272429475954,0.3366009500232223
2025-02-09 09:00:00,9,6,9,27.293583497925965,54.58436175827978,1.0,2,45.0,180,2.0,0.45,0,0,0.0,28.01753429631486,0.3413199429680205,-15.509820586446395,-0.7239507983888949,27.674281209026773,0.3442237306402832,5.672662461431467,4.502987749938478,0.4555995825394298
2025-02-09 10:00:00,10,6,9,30.191281726589658,55.04861748080999,1.0,2,45.0,180,2.0,0.45,0,0,0.0,28.648442082039303,0.6309077857244425,0.4642557225302042,1.5428396445503552,28.11406357723367,0.4932495470507468,5.561715469602078,3.427709660169241,0.4466888808177694
2025-02-09 11:00:00,11,6,9,31.39424331513658,54.83057339830697,1.0,2,45.0,180,2.0,0.45,0,0,0.0,29.62598905223374,0.9775469701944388,-0.21804408250302032,1.7682542629028397,28.763988476862636,0.8104288386262737,3.5189473462517604,6.719949449255388,0.28262406812161517
2025-02-09 12:00:00,12,6,9,33.28960776647968,48.343205629647954,1.0,2,45.0,180,2.0,0.45,0,0,0.0,30.620098581968197,0.9941095297344553,-6.487367768659013,2.6695091845114867,29.631509905413747,0.9858398441394787,5.242009888028949,5.462867955422652,0.4210117441133432
2025-02-09 13:00:00,13,6,9,30.90528305132032,38.366320512507016,1.0,2,45.0,180,2.0,0.45,0,0,0.0,31.144805517391212,0.5247069354230156,-9.976885117140938,-0.23952246607089123,30.46363105053105,0.7714028973266778,5.560272733614064,4.8218625379898015,0.44657300755396734
2025-02-09 14:00:00,14,6,9,35.015817897019744,39.504622492555896,1.0,2,45.0,180,2.0,0.45,0,0,0.0,31.33298584945454,0.18818033206332885,1.1383019800488796,3.6828320475652028,31.032629982937987,0.3694449579213976,6.096374651409093,5.825677706169788,0.489630004441522
2025-02-09 15:00:00,15,6,9,33.49653074325433,36.22869875697265,1.0,2,45.0,180,2.0,0.45,0,0,0.0,31.92877382784591,0.5957879783913675,-3.2759237355832482,1.5677569154084239,31.468855064897223,0.4092638644299809,5.140218679648297,6.123602749564992,0.4128363886502391
2025-02-09 16:00:00,16,6,9,27.940933712334182,34.02849925590306,1.0,2,45.0,180,2.0,0.45,0,0,0.0,31.95477132097888,0.02599749313297295,-2.2001995010695907,-4.0138376086447,31.738843666093107,0.3517234608430002,5.449926102273704,4.148825992944663,0.43771052375291036
2025-02-09 17:00:00,17,6,9,25.823992312594815,26.821120356732834,1.0,2,45.0,180,2.0,0.45,0,0,0.0,32.344995228733694,0.3902239077548124,-7.207378899170223,-6.52100291613888,32.07618012585283,0.23316332701573078,4.083206816470614,4.458392178118708,0.32794253732782946
2025-02-09 18:00:00,18,6,9,25.904902690646807,40.26861095740898,1.0,2,45.0,180,2.0,0.45,0,0,0.0,32.72486680049015,0.37987157175645336,13.447490600676147,-6.81996410984334,32.34154445006757,0.38505933672107895,3.824035209666073,4.20513689741475,0.307127183573038
2025-02-09 19:00:00,19,6,9,25.063857478375212,24.978843326297024,0.0,2,45.0,180,2.0,0.45,0,0,0.0,32.4940378398133,-0.23082896067684544,-15.289767631111957,-7.43018036143809,32.52129995634571,0.19139754440862242,5.9385950722280185,5.3645932251587,0.4769579459686467
2025-02-09 20:00:00,20,6,9,25.152796045140224,27.975031184930522,0.0,2,45.0,180,2.0,0.45,0,0,0.0,32.11341633897007,-0.3806215008432332,2.9961878586334976,-6.9606202938298445,32.44410699309117,0.3087680906670441,4.100769000147948,7.812389241479488,0.32935304317165065
2025-02-09 21:00:00,21,6,9,21.68136954040329,41.13401875601884,0.0,2,45.0,180,2.0,0.45,0,0,0.0,31.54518995563485,-0.5682263833352188,13.158987571088318,-9.863820415231562,32.0508813781394,0.4775050186355664,6.334449267524001,5.873538417537274,0.5087509545161394
2025-02-09 22:00:00,22,6,9,23.932655392965245,43.09517701397623,0.0,2,45.0,180,2.0,0.45,0,0,0.0,31.46755400456934,-0.0776359510655098,1.9611582579573934,-7.5348986116040955,31.708720099724747,0.3526203621021356,4.482002150067236,5.6458688067480125,0.35997176324081365
2025-02-09 23:00:00,23,6,9,21.13723700365824,45.58054966075653,0.0,2,45.0,180,2.0,0.45,0,0,0.0,31.04815124646519,-0.41940275810415173,2.4853726467802986,-9.91091424280695,31.35363173555646,0.2673865780777834,4.118922223032602,5.404334343052237,0.33081101829783266
2025-02-10 00:00:00,0,0,10,21.315419066190657,41.47649132175942,0.0,2,45.0,180,2.0,0.45,0,0,0.0,30.67125631601629,-0.37689493044889844,-4.104058338997113,-9.355837249825633,31.062320522350273,0.39833789486209564,5.4183646101425404,2.1782619928849956,0.4351756641985044
2025-02-10 01:00:00,1,0,10,22.024622380615593,58.780215019873665,0.0,2,45.0,180,2.0,0.45,0,0,0.0,30.073898332474986,-0.5973579835413041,17.303723698114247,-8.049275951859393,30.597768631652155,0.49126623629108174,6.331504919382194,4.871697419846647,0.508514479352426
2025-02-10 02:00:00,2,0,10,23.995553409173247,57.337880825757495,0.0,2,45.0,180,2.0,0.45,0,0,0.0,29.477896735402012,-0.5960015970729735,-1.442334194116171,-5.482343326228765,30.074350461297758,0.5966799187809407,5.108468451518792,4.337915855036545,0.4102863707742092
2025-02-10 03:00:00,3,0,10,24.41853666587752,62.64880356536018,0.0,2,45.0,180,2.0,0.45,0,0,0.0,29.66604451733359,0.18814778193157622,5.310922739602688,-5.247507851456067,29.73927986173686,0.3046752987704959,4.845268682368429,5.760576790313524,0.3891474953758094
2025-02-10 04:00:00,4,0,10,25.92781445776748,75.2211123922927,0.0,2,45.0,180,2.0,0.45,0,0,0.0,29.235837055905268,-0.43020746142832067,12.572308826932513,-3.3080225981377893,29.45992610288029,0.21566599799732605,3.3163124521787557,5.6682283107688,0.26634945742949834
2025-02-10 05:00:00,5,0,10,22.939855219146747,71.10590245850237,0.0,2,45.0,180,2.0,0.45,0,0,0.0,28.92014177134317,-0.3156952845620964,-4.115209933790325,-5.980286552196425,29.27400778152734,0.3744135144996894,3.843062115581465,5.638809066535408,0.308655328505159
2025-02-10 06:00:00,6,0,10,27.982488963517206,60.80712439993741,0.0,2,45.0,180,2.0,0.45,0,0,0.0,28.870552577284464,-0.049589194058707875,-10.298778058564963,-0.8880636137672582,29.008843801510967,0.19813940849146533,4.7927985873151755,6.710868178428287,0.38493336249471527
2025-02-10 07:00:00,7,0,10,28.597304858374464,66.96598642952385,0.0,2,45.0,180,2.0,0.45,0,0,0.0,28.919089118534952,0.04853654125048834,6.1588620295864445,-0.3217842601604879,28.90326115572086,0.028331349192985453,5.528405620735268,5.760914310456535,0.4440136020855424
2025-02-10 08:00:00,8,0,10,28.83322233495851,74.3134965491115,1.0,2,45.0,180,2.0,0.45,1,1,1.0,26.913579624556256,-2.005509493978696,7.347510119587653,1.919642710402254,28.23440710679189,1.1441275616516475,24.80375794522441,4.19101256203116,1.9921124942804482
2025-02-10 09:00:00,9,0,10,28.908344533713706,59.32360144111361,1.0,2,45.0,180,2.0,0.45,5,1,2.0,26.576251183221423,-0.337328441334833,-14.989895107997896,2.3320933504922827,27.46963997543754,1.2665404585534612,31.16133390318101,5.672662461431467,2.5027208677031854
2025-02-10 10:00:00,10,0,10,31.55987786793746,62.009804990509885,1.0,2,45.0,180,2.0,0.45,5,1,3.0,26.93225916914541,0.35600798592398775,2.686203549396275,4.627618698792048,26.807363325641024,0.2003667839911378,35.35250019122098,5.561715469602078,2.839334164222593
2025-02-10 11:00:00,11,0,10,31.46443698118394,52.804919893163714,1.0,2,45.0,180,2.0,0.45,1,1,4.0,26.12345128541896,-0.8088078837264518,-9.204885097346171,5.3409856957649815,26.543987212595265,0.40536806860560565,27.911249410002615,3.5189473462517604,2.241690505262707
2025-02-10 12:00:00,12,0,10,31.79281609884671,46.82686992968023,1.0,2,45.0,180,2.0,0.45,5,1,4.0,26.14923589674671,0.025784611327750895,-5.978049963483485,5.643580202100001,26.401648783770355,0.4597028902958131,34.926697009544824,5.242009888028949,2.80513580443394
2025-02-10 13:00:00,13,0,10,32.791909234701066,47.86651825490368,1.0,2,45.0,180,2.0,0.45,4,1,4.0,26.386731985386895,0.23749608864018512,1.0396483252234532,6.405177249314171,26.219806389184185,0.14513554887122124,35.06416244813457,5.560272733614064,2.816176333790464
2025-02-10 14:00:00,14,0,10,31.811001644055356,38.04920367149093,1.0,2,45.0,180,2.0,0.45,3,1,4.0,26.206322104408155,-0.18040988097873978,-9.817314583412752,5.604679539647201,26.247429995513915,0.12396972236524957,32.33423318203818,6.096374651409093,2.596922210624844
2025-02-10 15:00:00,15,0,10,28.452268131552994,35.22169364059977,1.0,2,45.0,180,2.0,0.45,5,1,4.0,26.420339655659102,0.21401755125094724,-2.827510030891162,2.031928475893892,26.337797915151384,0.11509468051704848,28.278164846881566,5.140218679648297,2.27115929897393
2025-02-10 16:00:00,16,0,10,29.41410113709601,36.70438719627252,1.0,2,45.0,180,2.0,0.45,1,1,4.0,25.597139955961794,-0.8231996996973088,1.4826935556727534,3.816961181134218,26.074600572009683,0.42711515773686104,24.243851312048246,5.449926102273704,1.947143622948776
2025-02-10 17:00:00,17,0,10,28.079625976548144,35.133812979905066,1.0,2,45.0,180,2.0,0.45,3,1,4.0,25.20440736638113,-0.3927325895806639,-1.5705742163674543,2.875218610167014,25.74062899266734,0.6205357852439322,26.406539324200512,4.083206816470614,2.120839795107583
2025-02-10 18:00:00,18,0,10,25.6840621889342,29.82455820512463,1.0,2,45.0,180,2.0,0.45,2,1,4.0,24.474282284777356,-0.7301250816037737,-5.309254774780435,1.209779904156843,25.091943202373425,0.569814424680516,22.55176410531623,3.824035209666073,1.8112437293364068
2025-02-10 19:00:00,19,0,10,27.175291369833676,26.677782407622075,0.0,2,45.0,180,2.0,0.45,0,0,3.0,24.6549186623818,0.1806363776044435,-3.1467757975025563,2.5203727074518767,24.77786943784676,0.38027401776533537,7.779989866659207,5.9385950722280185,0.6248494705106211
2025-02-10 20:00:00,20,0,10,22.477347013351114,36.071886865256374,0.0,2,45.0,180,2.0,0.45,0,0,2.0,24.696604975943103,0.04168631356130348,9.394104457634299,-2.219257962591989,24.608601974367417,0.11817686509356815,5.200041562264949,4.100769000147948,0.4176410602716798
2025-02-10 21:00:00,21,0,10,24.935624648163255,33.99200983616308,0.0,2,45.0,180,2.0,0.45,0,0,1.0,24.76388369241632,0.06727871647321848,-2.0798770290932964,0.17174095574693382,24.70513577691374,0.05498113646143176,5.2951400703336615,6.334449267524001,0.42527889186677437
2025-02-10 22:00:00,22,0,10,23.00515912017724,38.97343233597771,0.0,2,45.0,180,2.0,0.45,0,0,0.0,24.374476721380958,-0.38940697103536337,4.981422499814634,-1.3693176012037185,24.61165512991346,0.20813890681023867,5.227456755860282,4.482002150067236,0.41984291008068814
2025-02-10 23:00:00,23,0,10,21.30198273741202,46.70503450532682,0.0,2,45.0,180,2.0,0.45,0,0,0.0,24.702673877254615,0.3281971558736565,7.7316021693491095,-3.4006911398425963,24.613678097017296,0.20940304187822315,6.561391375756088,4.118922223032602,0.5269777978148795
2025-02-11 00:00:00,0,1,11,23.96875456735038,52.768186210152656,0.0,2,45.0,180,2.0,0.45,0,0,0.0,24.784116367551658,0.08144249029704298,6.0631517048258345,-0.815361800201277,24.62042232206241,0.2168528272295491,3.4020492796765964,5.4183646101425404,0.273235406149672
2025-02-11 01:00:00,1,1,11,21.073058729226325,49.963116844355476,0.0,2,45.0,180,2.0,0.45,0,0,0.0,24.695769071684428,-0.08834729586723,-2.8050693657971806,-3.6227103424581024,24.727519772163564,0.04913552729154126,6.602995585851078,6.331504919382194,0.5303192377260384
2025-02-11 02:00:00,2,1,11,20.247968061674026,57.29371218515466,0.0,2,45.0,180,2.0,0.45,0,0,0.0,24.181600838085654,-0.5141682335987738,7.330595340799185,-3.9336327764116277,24.553828759107244,0.325371372531278,4.679221571117008,5.108468451518792,0.3758114305063802
2025-02-11 03:00:00,3,1,11,21.716639653555223,64.16562007942814,0.0,2,45.0,180,2.0,0.45,0,0,0.0,24.264541098447555,0.08294026036190161,6.871907894273477,-2.5479014448923323,24.380637002739206,0.27604517267210676,4.6647920590951895,4.845268682368429,0.37465252501921514
2025-02-11 04:00:00,4,1,11,26.42319420251613,68.05701773265542,0.0,2,45.0,180,2.0,0.45,0,0,0.0,24.05209610069549,-0.2124449977520655,3.891397653227287,2.371098101820639,24.166079345742897,0.10706963533586088,5.74305230848119,3.3163124521787557,0.4612529393447941
2025-02-11 05:00:00,5,1,11,25.911000269571296,67.69914575359586,0.0,2,45.0,180,2.0,0.45,0,0,0.0,24.117643428887675,0.065547328192185,-0.357871979059567,1.7933568406836216,24.14476020934357,0.10878744920377696,4.099932892582181,3.843062115581465,0.32928589123717344
2025-02-11 06:00:00,6,1,11,28.305991792086,73.18428481776783,0.0,2,45.0,180,2.0,0.45,0,0,0.0,24.067913004749148,-0.04973042413852724,5.485139064171975,4.238078787336853,24.079217511444103,0.03420463363450276,4.779872305261974,4.7927985873151755,0.38389518884217266
2025-02-11 07:00:00,7,1,11,27.270625134483886,75.56744274882,0.0,2,45.0,180,2.0,0.45,0,0,0.0,23.96207878788084,-0.10583421686830619,2.3831579310521676,3.3085463466030447,24.049211740505882,0.07945056542399599,6.5354819131997655,5.528405620735268,0.5248968807138288
2025-02-11 08:00:00,8,1,11,30.745386171024077,61.89669243308425,1.0,2,45.0,180,2.0,0.45,1,1,1.0,24.58126614698997,0.6191873591091301,-13.670750315735752,6.164120024034105,24.203752646539982,0.3311911119453676,27.05120391863287,24.80375794522441,2.1726159975695247
2025-02-11 09:00:00,9,1,11,30.7401218602965,67.3764108948159,1.0,2,45.0,180,2.0,0.45,3,1,2.0,24.928485489644526,0.34721934265455445,5.479718461731657,5.811636370651975,24.490610141505112,0.4895399491373243,30.194327626747153,31.16133390318101,2.4250558102717408
2025-02-11 10:00:00,10,1,11,30.042630761565228,55.191472726823925,1.0,2,45.0,180,2.0,0.45,3,1,3.0,25.134409460755656,0.2059239711111296,-12.18493816799198,4.908221300809572,24.88138703246338,0.2795631948104742,28.90411041163372,35.35250019122098,2.3214320835671325
2025-02-11 11:00:00,11,1,11,31.97818341574999,50.98351637934905,1.0,2,45.0,180,2.0,0.45,2,1,4.0,25.119902149059655,-0.014507311696000613,-4.207956347474877,6.858281266690334,25.06093236648661,0.11493148790547761,31.374374632749433,27.911249410002615,2.519831222517206
2025-02-11 12:00:00,12,1,11,32.93167888899504,52.33099651180278,1.0,2,45.0,180,2.0,0.45,1,1,4.0,24.874596698000797,-0.24530545105885793,1.3474801324537324,8.05708219099424,25.0429694359387,0.14599537555614417,30.862960112777003,34.926697009544824,2.4787569926668995
2025-02-11 13:00:00,13,1,11,32.34357375061906,39.867092118449044,1.0,2,45.0,180,2.0,0.45,4,1,4.0,25.486753481512046,0.6121567835112494,-12.463904393353737,6.856820269107011,25.160417442857497,0.308082941224345,34.69180687442486,35.06416244813457,2.786270615780307
2025-02-11 14:00:00,14,1,11,34.13155461787687,34.87389985279036,1.0,2,45.0,180,2.0,0.45,3,1,4.0,25.629965418858976,0.14321193734692983,-4.993192265658685,8.501589199017896,25.330438532790605,0.40121222377709304,34.301324780745546,32.33423318203818,2.7549090672871634
2025-02-11 15:00:00,15,1,11,28.185429951465796,31.72373670182376,1.0,2,45.0,180,2.0,0.45,1,1,4.0,25.28151318128173,-0.34845223757724497,-3.1501631509665984,2.9039167701840647,25.466077360550912,0.17514384645695336,23.4250992319631,28.278164846881566,1.8813855933768997
2025-02-11 16:00:00,16,1,11,29.77185529677907,36.70521314988778,1.0,2,45.0,180,2.0,0.45,5,1,4.0,25.809807299827746,0.5282941185460146,4.981476448064022,3.9620479969513234,25.57376196665615,0.2685940988784111,30.6073574755871,24.243851312048246,2.458228280516043
2025-02-11 17:00:00,17,1,11,27.734961592270146,28.591904578033027,1.0,2,45.0,180,2.0,0.45,1,1,4.0,25.002183826640888,-0.8076234731868581,-8.113308571854756,2.7327777656292582,25.364501435916782,0.41015753853393827,23.458724365753394,26.406539324200512,1.8840861942009128
2025-02-11 18:00:00,18,1,11,22.89401961382845,31.3507217098677,1.0,2,45.0,180,2.0,0.45,2,0,3.0,25.672428054349613,0.670244227708725,2.7588171318346717,-2.7784084405211615,25.49480639360608,0.43211805028795,7.512245300799658,22.55176410531623,0.6033455800073195
2025-02-11 19:00:00,19,1,11,26.432676924503625,36.71825396838174,0.0,2,45.0,180,2.0,0.45,0,0,2.0,25.719816544432078,0.04738849008246504,5.367532258514039,0.7128603800715467,25.464809475140857,0.4013455932680448,5.559962257243696,7.779989866659207,0.44654807166086785
2025-02-11 20:00:00,20,1,11,24.284753359017188,31.688799035379773,0.0,2,45.0,180,2.0,0.45,0,0,1.0,25.62964421789025,-0.09017232654182905,-5.029454933001965,-1.344890858873061,25.673962938890643,0.04510575375161493,6.034421204441603,5.200041562264949,0.4846542166580648
2025-02-11 21:00:00,21,1,11,21.98079653172934,36.160478070155385,0.0,2,45.0,180,2.0,0.45,0,0,0.0,25.664645438106703,0.03500122021645424,4.471679034775612,-3.6838489063773636,25.671368733476342,0.0454605779115942,4.177793546745697,5.2951400703336615,0.3355392655167693
2025-02-11 22:00:00,22,1,11,24.032426564519618,42.09221221526019,0.0,2,45.0,180,2.0,0.45,0,0,0.0,25.63115083833276,-0.03349459977394176,5.931734145104805,-1.5987242738131435,25.6418134981099,0.01978738460221598,3.8523271065440774,5.227456755860282,0.30939944575935796
2025-02-11 23:00:00,23,1,11,19.59509527802692,47.85260458280086,0.0,2,45.0,180,2.0,0.45,0,0,0.0,25.570979065195523,-0.060171773137238205,5.760392367540668,-5.975883787168602,25.62225844721166,0.04746212509533441,4.8702847331129995,6.561391375756088,0.391156658154928
2025-02-12 00:00:00,0,2,12,23.379225942910576,51.245770797739475,0.0,2,45.0,180,2.0,0.45,0,0,0.0,25.57359966702475,0.0026206018292285194,3.393166214938617,-2.1943737241141754,25.591909856851007,0.034008937932810054,5.348704302608655,3.4020492796765964,0.4295809003203805
2025-02-12 01:00:00,1,2,12,22.894413114314414,59.70552719619994,0.0,2,45.0,180,2.0,0.45,0,0,0.0,25.314592672685006,-0.25900699433974594,8.459756398460463,-2.4201795583705916,25.48639046830176,0.14878702504808758,4.7977460933117575,6.602995585851078,0.38533072117452033
2025-02-12 02:00:00,2,2,12,26.537227995802507,59.44435563044336,0.0,2,45.0,180,2.0,0.45,0,0,0.0,25.638928523481695,0.3243358507966896,-0.26117156575657674,0.8982994723208115,25.509040287730482,0.17153533489995687,4.390552284683162,4.679221571117008,0.3526269721880146
2025-02-12 03:00:00,3,2,12,25.018928772450312,64.60642656194182,0.0,2,45.0,180,2.0,0.45,0,0,0.0,25.50710731686757,-0.13182120661412355,5.162070931498455,-0.4881785444172593,25.48687617101142,0.1631116503352348,4.299272719797254,4.6647920590951895,0.34529585881062774
2025-02-12 04:00:00,4,2,12,26.532274577517637,68.1803757434435,0.0,2,45.0,180,2.0,0.45,0,0,0.0,25.38723443382494,-0.11987288304263188,3.573949181501689,1.1450401436926967,25.5110900913914,0.12589430313484393,6.113608357937572,5.74305230848119,0.49101412866068117
2025-02-12 05:00:00,5,2,12,25.121046598411418,75.04687231187386,0.0,2,45.0,180,2.0,0.45,0,0,0.0,25.418036910426025,0.03080247660108526,6.86649656843035,-0.2969903120146071,25.437459553706177,0.062251958413531615,4.094709424546032,4.099932892582181,0.32886636868090324
2025-02-12 06:00:00,6,2,12,25.98046537893761,79.7280467148012,0.0,2,45.0,180,2.0,0.45,0,0,0.0,25.439653162333304,0.021616251907278894,4.68117440292734,0.540812216604305,25.414974835528085,0.02634317751732947,6.984602027007065,4.779872305261974,0.5609679386609346
2025-02-12 07:00:00,7,2,12,27.460046805783765,59.885092465739035,0.0,2,45.0,180,2.0,0.45,0,0,0.0,25.73700911670357,0.29735595437026774,-19.84295424906216,1.7230376890801935,25.53156639648763,0.17824659619194932,5.885972757321933,6.5354819131997655,0.47273158755820444
2025-02-12 08:00:00,8,2,12,28.202022933982256,72.22021158559723,0.3,2,45.0,180,2.0,0.45,3,1,1.0,24.76545798679661,-0.9715511299069632,12.335119119858192,3.436564947185648,25.31404008861116,0.49780707379807876,26.975593242246177,27.05120391863287,2.166543330134874
2025-02-12 09:00:00,9,2,12,27.621825978784532,65.36444303329706,0.3,2,45.0,180,2.0,0.45,4,1,2.0,24.780110001881535,0.014652015084926973,-6.855768552300162,2.8417159769029965,25.09419236846057,0.5567438362953594,27.631991616334794,30.194327626747153,2.219261930483055
2025-02-12 10:00:00,10,2,12,30.173284563222477,49.434533014170604,0.3,2,45.0,180,2.0,0.45,1,1,3.0,24.391006624641104,-0.3891033772404313,-15.92991001912646,5.782277938581373,24.645524871106414,0.22054097969406816,26.78640853739576,28.90411041163372,2.1513489706716205
2025-02-12 11:00:00,11,2,12,31.283598879927702,57.94865075107869,0.3,2,45.0,180,2.0,0.45,1,1,4.0,24.5465319678159,0.15552534317479427,8.514117736908084,6.737066912111803,24.572549531446175,0.19585209919220137,28.221879023622158,31.374374632749433,2.266638706085806
2025-02-12 12:00:00,12,2,12,30.590313970877652,56.448457612854355,0.3,2,45.0,180,2.0,0.45,2,1,4.0,24.117251487982678,-0.4292804798332206,-1.5001931382243328,6.473062482894974,24.35159669347989,0.21733681141749825,28.499635509547414,30.862960112777003,2.2889467034143185
2025-02-12 13:00:00,13,2,12,30.835756935612405,40.06366322476947,0.3,2,45.0,180,2.0,0.45,4,1,4.0,24.54953627282303,0.43228478484035193,-16.384794388084885,6.2862206627893755,24.40443990954053,0.24871700498735913,30.762362518843236,34.69180687442486,2.4706775022843304
2025-02-12 14:00:00,14,2,12,31.46040756138885,46.27581571403016,0.3,2,45.0,180,2.0,0.45,3,1,4.0,24.87955238971282,0.3300161168897908,6.2121524892606885,6.580855171676028,24.515446716839506,0.38229208671522663,30.227496402350695,34.301324780745546,2.427719758712365
2025-02-12 15:00:00,15,2,12,31.142008783238264,46.46069430108875,0.3,2,45.0,180,2.0,0.45,4,1,4.0,25.051200745814647,0.1716483561018265,0.1848785870585914,6.090808037423617,24.826763136116828,0.2549643893507113,31.252187824631143,23.4250992319631,2.510017795550767
2025-02-12 16:00:00,16,2,12,28.41044350082711,32.17879221902265,0.3,2,45.0,180,2.0,0.45,2,1,4.0,24.657001125792455,-0.3941996200221922,-14.281902082066104,3.7534423750346555,24.862584753773305,0.19764680773672536,25.358632324735325,30.6073574755871,2.0366772004278335
2025-02-12 17:00:00,17,2,12,26.368502559321463,38.36748892533621,0.3,2,45.0,180,2.0,0.45,4,1,4.0,24.4703562173266,-0.1866449084658548,6.188696706313564,1.8981463419948632,24.726186029644566,0.29653836979296455,26.586985422765466,23.458724365753394,2.135332313873862
2025-02-12 18:00:00,18,2,12,25.530977105564705,27.013938996736478,0.3,2,45.0,180,2.0,0.45,2,1,4.0,24.22295763294942,-0.24739858437718,-11.353549928599733,1.3080194726152854,24.45010499202282,0.21772924129442195,22.594203013831088,7.512245300799658,1.8146522080065652
2025-02-12 19:00:00,19,2,12,24.615688449762203,28.07769528802939,0.0,2,45.0,180,2.0,0.45,0,0,3.0,24.172046818758133,-0.050910814191286846,1.0637562912929113,0.44364163100406984,24.288453556344717,0.15957572279232235,6.778115679351719,5.559962257243696,0.5443839986801081
2025-02-12 20:00:00,20,2,12,24.643635114262214,34.83661824234438,0.0,2,45.0,180,2.0,0.45,0,0,2.0,24.25776770459192,0.08572088583378701,6.75892295431499,0.3858674096702934,24.217590718766488,0.04311171990291229,6.400578998741551,6.034421204441603,0.5140621603460307
2025-02-12 21:00:00,21,2,12,21.93269862006278,44.33115942056561,0.0,2,45.0,180,2.0,0.45,0,0,1.0,24.132556651119803,-0.12521105347211758,9.494541178221233,-2.1998580310570226,24.18745705815662,0.06401217530054719,5.6831368389168455,4.177793546745697,0.45644083160759563
2025-02-12 22:00:00,22,2,12,20.543328428093268,35.12708851532998,0.0,2,45.0,180,2.0,0.45,0,0,0.0,23.79185274809263,-0.34070390302717257,-9.204070905235632,-3.248524319999362,24.060725701268115,0.24112019967217443,4.483292582267145,3.8523271065440774,0.3600754042340107
2025-02-12 23:00:00,23,2,12,23.25173170987956,45.25640140955967,0.0,2,45.0,180,2.0,0.45,0,0,0.0,23.912476198055653,0.12062344996302343,10.129312894229692,-0.6607444881760927,23.945628532422692,0.17275443652781616,5.692049524370585,4.8702847331129995,0.4571566534636707
2025-02-13 00:00:00,0,3,13,21.641940957754137,52.12020147590236,0.0,2,45.0,180,2.0,0.45,0,0,0.0,23.932492808519616,0.02001661046396208,6.863800066342691,-2.2905518507654783,23.878940584889296,0.0760814344115975,5.210203273631718,5.348704302608655,0.41845719757723315
2025-02-13 01:00:00,1,3,13,23.031660206790466,57.71000235685016,0.0,2,45.0,180,2.0,0.45,0,0,0.0,23.669558735830094,-0.2629340726895215,5.589800880947799,-0.637898529039628,23.83817591413512,0.14636933008094669,6.665806440121589,4.7977460933117575,0.5353638881312326
2025-02-13 02:00:00,2,3,13,22.39056321005181,66.95049202479281,0.0,2,45.0,180,2.0,0.45,0,0,0.0,23.2984755060601,-0.37108322976999375,9.240489667942647,-0.9079122960082913,23.63350901680327,0.3185422603611793,5.0674610042389405,4.390552284683162,0.4069928598366672
2025-02-13 03:00:00,3,3,13,23.428358487933103,64.17985756580131,0.0,2,45.0,180,2.0,0.45,0,0,0.0,23.161956711487296,-0.13651879457280458,-2.770634458991495,0.2664017764458073,23.376663651125828,0.2626784979797591,4.379957994844597,4.299272719797254,0.3517760923656086
2025-02-13 04:00:00,4,3,13,24.366066499044198,72.03391413926258,0.0,2,45.0,180,2.0,0.45,0,0,0.0,22.994601618460962,-0.1673550930263339,7.854056573461264,1.3714648805832361,23.151677945336118,0.15219748574271336,5.989698081084377,6.113608357937572,0.48106228139487095
2025-02-13 05:00:00,5,3,13,26.861126151566243,77.52458756673343,0.0,2,45.0,180,2.0,0.45,0,0,0.0,23.22024737487914,0.22564575641817797,5.490673427470853,3.640878776687103,23.12560190160913,0.11713349648327624,5.501455560554746,4.094709424546032,0.44184910944189587
2025-02-13 06:00:00,6,3,13,27.76216230431043,62.1490742535014,0.0,2,45.0,180,2.0,0.45,0,0,0.0,23.247242259428162,0.026994884549022657,-15.375513313232034,4.514920044882267,23.15403041758942,0.1387275655436514,5.189047345399207,6.984602027007065,0.41675806033145146
2025-02-13 07:00:00,7,3,13,28.12233984835124,73.69594154510686,0.0,2,45.0,180,2.0,0.45,0,0,0.0,23.525871896361448,0.27862963693328524,11.546867291605466,4.596467951989791,23.331120510222917,0.16919887041636522,5.2348445569109865,5.885972757321933,0.4204362609273972
2025-02-13 08:00:00,8,3,13,27.319408559533787,73.2553978971522,1.0,2,45.0,180,2.0,0.45,3,1,1.0,24.261152937831124,0.7352810414696762,-0.44054364795465517,3.0582556217026635,23.67808903120691,0.5238141445688345,25.658844474054508,26.975593242246177,2.060788723162181
2025-02-13 09:00:00,9,3,13,28.04087618302945,77.52496949283616,1.0,2,45.0,180,2.0,0.45,1,1,2.0,24.321815101867706,0.06066216403658231,4.269571595683956,3.719061081161744,24.036279978686753,0.44306577662208557,25.125792647746774,27.631991616334794,2.0179766942094837
2025-02-13 10:00:00,10,3,13,31.12696581993669,60.18123128070346,1.0,2,45.0,180,2.0,0.45,4,1,3.0,25.343869074852602,1.0220539729848959,-17.343738212132706,5.783096745084087,24.642279038183805,0.6083513862901815,32.366419739502966,26.78640853739576,2.5995072722681267
2025-02-13 11:00:00,11,3,13,31.586118574411778,62.40282972402249,1.0,2,45.0,180,2.0,0.45,1,1,4.0,24.970552150621852,-0.3733169242307497,2.2215984433190314,6.615566423789925,24.878745442447382,0.5171749555740609,29.24694303851076,28.221879023622158,2.348966667679627
2025-02-13 12:00:00,12,3,13,33.45755566173514,48.258495097580024,1.0,2,45.0,180,2.0,0.45,2,1,4.0,25.06981437989758,0.09926222927572681,-14.144334626442465,8.387741281837563,25.128078535124008,0.1933582563987861,30.667664477838265,28.499635509547414,2.463071834180066
2025-02-13 13:00:00,13,3,13,32.15479420150874,48.021197302239486,1.0,2,45.0,180,2.0,0.45,5,1,4.0,25.686059813982236,0.6162454340846573,-0.2372977953405382,6.468734387526506,25.242142114833886,0.38763441572335494,33.27979622941782,30.762362518843236,2.6728650562603593
2025-02-13 14:00:00,14,3,13,31.997303599502658,45.43214200637691,1.0,2,45.0,180,2.0,0.45,1,1,4.0,25.310346154477845,-0.37571365950439173,-2.589055295862579,6.686957445024813,25.355406782785888,0.31058405291531854,29.39728553961396,30.227496402350695,2.361041417623989
2025-02-13 15:00:00,15,3,13,30.015035503492786,33.89570920416708,1.0,2,45.0,180,2.0,0.45,5,1,4.0,25.694428304726983,0.3840821502491387,-11.536432802209823,4.320607198765803,25.563611424395685,0.2193740655122722,30.82320416605949,31.252187824631143,2.475563995930163
2025-02-13 16:00:00,16,3,13,28.69873730315117,36.466793449320974,1.0,2,45.0,180,2.0,0.45,2,1,4.0,25.11481345834157,-0.5796148463854145,2.571084245153891,3.5839238448096005,25.37319597251546,0.29487440929697517,26.422112575189963,25.358632324735325,2.1220905599288313
2025-02-13 17:00:00,17,3,13,29.38622958734941,38.03059604931816,1.0,2,45.0,180,2.0,0.45,3,1,4.0,25.57202235409555,0.4572088957539826,1.5638025999971887,3.814207233253857,25.46042137238803,0.3054986528223699,27.77713697928728,26.586985422765466,2.2309192725544884
2025-02-13 18:00:00,18,3,13,25.7389355966469,31.91975507942413,1.0,2,45.0,180,2.0,0.45,3,1,4.0,25.52327051967764,-0.04875183441791009,-6.110840969894031,0.21566507696925896,25.403368777371583,0.25108228620372103,23.725603903849212,22.594203013831088,1.9055206100455828
2025-02-13 19:00:00,19,3,13,26.045317021156514,36.07173198419948,0.0,2,45.0,180,2.0,0.45,0,0,3.0,25.752453592800713,0.22918307312307107,4.151976904775349,0.29286342835580115,25.615915488857965,0.12073183387622854,4.893200440656301,6.778115679351719,0.3929971319820432
2025-02-13 20:00:00,20,3,13,26.983349482040364,33.47974525896063,0.0,2,45.0,180,2.0,0.45,0,0,2.0,26.12169857930102,0.3692449865003091,-2.591986725238854,0.861650902739342,25.79914089725979,0.3019334594484807,3.397556676275631,6.400578998741551,0.27287458294753164
2025-02-13 21:00:00,21,3,13,22.822846357626943,36.693811476508344,0.0,2,45.0,180,2.0,0.45,0,0,1.0,26.082844644355603,-0.038853934945418445,3.2140662175477175,-3.25999828672866,25.985665605485778,0.20289970234278698,6.832892673301387,5.6831368389168455,0.5487834100228264
2025-02-13 22:00:00,22,3,13,23.465091708813112,45.57859359384681,0.0,2,45.0,180,2.0,0.45,0,0,0.0,26.087624418021644,0.004779773666040654,8.884782117338467,-2.6225327092085315,26.097389213892754,0.021187743960467798,5.189644597407391,4.483292582267145,0.4168060285945817
2025-02-13 23:00:00,23,3,13,20.934640248047273,42.301169601442325,0.0,2,45.0,180,2.0,0.45,0,0,0.0,25.82080808134239,-0.26681633667925553,-3.2774239924044863,-4.886167833295115,25.997092381239877,0.15268538683180302,4.111459510525179,5.692049524370585,0.33021165094147925
2025-02-14 00:00:00,0,4,14,22.860234240430554,52.52951855040621,0.0,2,45.0,180,2.0,0.45,0,0,0.0,25.32132993779401,-0.4994781435483766,10.228348948963884,-2.461095697363458,25.743254145719344,0.38898941798580344,5.501569454318765,5.210203273631718,0.4418582568134685
2025-02-14 01:00:00,1,4,14,23.45474230867952,52.954579653429604,0.0,2,45.0,180,2.0,0.45,0,0,0.0,25.110809834421428,-0.2105201033725841,0.4250611030233955,-1.656067525741907,25.417649284519275,0.3646675747485891,5.647984110723206,6.665806440121589,0.4536175421206864
2025-02-14 02:00:00,2,4,14,22.085829736575562,57.45900903302053,0.0,2,45.0,180,2.0,0.45,0,0,0.0,24.650382668050902,-0.4604271663705255,4.504429379590924,-2.5645529314753404,25.027507480088776,0.34314285854737486,3.553108901688947,5.0674610042389405,0.2853677516215413
2025-02-14 03:00:00,3,4,14,24.471905726889727,61.282808415634186,0.0,2,45.0,180,2.0,0.45,0,0,0.0,24.606821850384193,-0.04356081766670883,3.8237993826136574,-0.1349161234944667,24.78933811761884,0.27925335223959424,5.425148187160195,4.379957994844597,0.43572048682427855
2025-02-14 04:00:00,4,4,14,24.438871856470506,68.97466345458537,0.0,2,45.0,180,2.0,0.45,0,0,0.0,24.502076122004024,-0.10474572838016982,7.691855038951182,-0.06320426553351766,24.586426880146373,0.07622777714477684,6.096463173892683,5.989698081084377,0.48963711412006244
2025-02-14 05:00:00,5,4,14,28.071303303026756,75.14118871440755,0.0,2,45.0,180,2.0,0.45,0,0,0.0,24.425178788144684,-0.07689733385933906,6.16652525982218,3.6461245148820716,24.51135892017763,0.09117663226659029,6.483916568839687,5.501455560554746,0.5207554128363225
2025-02-14 06:00:00,6,4,14,25.803954664917065,72.30241818994001,0.0,2,45.0,180,2.0,0.45,0,0,0.0,24.502741448396826,0.07756266025214131,-2.8387705244675345,1.3012132165202388,24.476665452848508,0.0445900005229418,4.109561657895547,5.189047345399207,0.3300592250089192
2025-02-14 07:00:00,7,4,14,27.28608692166744,73.3140401379308,0.0,2,45.0,180,2.0,0.45,0,0,0.0,24.932842417952372,0.43010096955554644,1.0116219479907897,2.353244503715068,24.62025421816462,0.27347308560688216,5.381482875821315,5.2348445569109865,0.43221350967682676
2025-02-14 08:00:00,8,4,14,29.59156643892356,71.39289853075822,1.0,2,45.0,180,2.0,0.45,5,1,1.0,25.282050606200137,0.3492081882477649,-1.9211416071725864,4.309515832723424,24.905878157516444,0.39035367855929237,30.856909124732205,25.658844474054508,2.4782710078853434
2025-02-14 09:00:00,9,4,14,31.218122155427274,69.18867151966548,1.0,2,45.0,180,2.0,0.45,1,1,2.0,24.886486477422363,-0.39556412877777447,-2.2042270110927404,6.331635678004911,25.033793167191618,0.21624300063357016,26.6952232040722,25.125792647746774,2.144025425497129
2025-02-14 10:00:00,10,4,14,31.695469267219206,60.38937408597241,1.0,2,45.0,180,2.0,0.45,4,1,3.0,25.560732044026057,0.6742455666036946,-8.799297433693063,6.134737223193149,25.243089709216182,0.338807075843524,33.785948690971125,32.366419739502966,2.7135166641698487
2025-02-14 11:00:00,11,4,14,29.13877870517517,52.37238536308244,1.0,2,45.0,180,2.0,0.45,4,1,4.0,25.79613219491858,0.23540015089252364,-8.016988722889977,3.342646510256589,25.414450238788998,0.4721362173647289,27.728073071654162,29.24694303851076,2.226978707434074
2025-02-14 12:00:00,12,4,14,31.838893795683813,51.69043910782402,1.0,2,45.0,180,2.0,0.45,2,1,4.0,25.37477060075951,-0.4213615941590696,-0.681946255258417,6.464123194924301,25.577211613234713,0.21116363420144388,29.611528238134827,30.667664477838265,2.378248308510212
2025-02-14 13:00:00,13,4,14,32.45889886689639,42.36605536587877,1.0,2,45.0,180,2.0,0.45,1,1,4.0,24.97955252430819,-0.39521807645132156,-9.324383741945248,7.479346342588201,25.383485106662093,0.4083595799947661,29.264043386742372,33.27979622941782,2.3503400812342976
2025-02-14 14:00:00,14,4,14,30.08857753952509,34.84863315159673,1.0,2,45.0,180,2.0,0.45,3,1,4.0,25.404538463121728,0.4249859388135384,-7.517422214282043,4.684039076403362,25.252953862729807,0.23723985815112428,26.304384347181287,29.39728553961396,2.1126352235857055
2025-02-14 15:00:00,15,4,14,31.416314249489023,41.16709960561788,1.0,2,45.0,180,2.0,0.45,5,1,4.0,25.780894736576876,0.37635627345514777,6.318466454021149,5.635419512912147,25.38832857466893,0.40091695605670163,33.83157698191957,30.82320416605949,2.7171812979197747
2025-02-14 16:00:00,16,4,14,30.826109540830725,25.716621469322526,1.0,2,45.0,180,2.0,0.45,1,1,4.0,25.54570555407661,-0.23518918250026744,-15.450478136295352,5.280403986754116,25.577046251258405,0.19012546020262444,26.85258783124378,26.422112575189963,2.15666415712153
2025-02-14 17:00:00,17,4,14,31.619753052543995,27.7382891741787,1.0,2,45.0,180,2.0,0.45,4,1,4.0,25.443994291937763,-0.10171126213884563,2.021667704856174,6.175758760606232,25.590198194197082,0.17280096547268797,33.41650015141044,27.77713697928728,2.6838444244520683
2025-02-14 18:00:00,18,4,14,27.494309942076804,25.08233748168701,1.0,2,45.0,180,2.0,0.45,5,1,4.0,25.893325217585645,0.4493309256478817,-2.6559516924916906,1.600984724491159,25.6276750212,0.2356136993924254,29.150879608687536,23.725603903849212,2.341251338445368
2025-02-14 19:00:00,19,4,14,26.261764125721978,41.90730504178933,0.0,2,45.0,180,2.0,0.45,0,0,3.0,26.070818018306166,0.17749280072052187,16.82496756010232,0.19094610741581164,25.80271250927652,0.323086665099398,5.005670347229802,4.893200440656301,0.40203014652001823
2025-02-14 20:00:00,20,4,14,23.323967623676293,41.081651404147166,0.0,2,45.0,180,2.0,0.45,0,0,2.0,25.593480838809143,-0.4773371794970238,-0.8256536376421622,-2.26951321513285,25.85254135823365,0.24126787627116755,6.7442010495055715,3.397556676275631,0.5416601469958348
2025-02-14 21:00:00,21,4,14,26.614917292419882,31.516515731678375,0.0,2,45.0,180,2.0,0.45,0,0,1.0,25.831017289963416,0.23753645115427346,-9.565135672468791,0.7839000024564662,25.83177204902624,0.23866948480817302,3.4457254565053512,6.832892673301387,0.2767432559583627
2025-02-14 22:00:00,22,4,14,23.458886730847365,42.97885747291326,0.0,2,45.0,180,2.0,0.45,0,0,0.0,25.37504686083731,-0.45597042912610775,11.462341741234887,-1.9161601299899438,25.599848329869953,0.22805189489738426,4.334703620171467,5.189644597407391,0.34814148968135894
2025-02-14 23:00:00,23,4,14,21.980089147324648,48.19156448466401,0.0,2,45.0,180,2.0,0.45,0,0,0.0,25.36134691773305,-0.013699943104256818,5.2127070117507515,-3.3812577704084035,25.522470356177923,0.2672972687322176,4.728071397505594,4.111459510525179,0.379734801703077
2025-02-15 00:00:00,0,5,15,22.12492891469234,48.06986954439937,0.0,2,45.0,180,2.0,0.45,0,0,0.0,24.92356265840491,-0.43778425932814,-0.12169494026464633,-2.7986337437125712,25.219985478991756,0.25680106801544594,5.866971354842169,5.501569454318765,0.47120549093315345
2025-02-15 01:00:00,1,5,15,22.391818763516763,61.42207679345399,0.0,2,45.0,180,2.0,0.45,0,0,0.0,24.917322918915072,-0.006239739489839025,13.352207249054622,-2.525504155398309,25.06741083168434,0.2545752356348912,5.246131604507753,5.647984110723206,0.421342779552144
2025-02-15 02:00:00,2,5,15,23.750679582634476,60.58806426849132,0.0,2,45.0,180,2.0,0.45,0,0,0.0,24.71053631486909,-0.20678660404598403,-0.8340125249626666,-0.9598567322346128,24.850473964063024,0.12122971101911222,3.634227893779168,3.553108901688947,0.29188281913765046
2025-02-15 03:00:00,3,5,15,22.435850474583965,67.58850734392759,0.0,2,45.0,180,2.0,0.45,0,0,0.0,24.737763115662887,0.027226800793798134,7.000443075436266,-2.3019126410789212,24.788540783149013,0.11235636848805854,5.5163139664854945,5.425148187160195,0.4430424615204439
2025-02-15 04:00:00,4,5,15,24.399388666748916,59.93040494743097,0.0,2,45.0,180,2.0,0.45,0,0,0.0,24.604467132231324,-0.13329598343156235,-7.658102396496616,-0.2050784654824085,24.6842555209211,0.07042701823701229,6.050234082873439,6.096463173892683,0.4859242271445469
2025-02-15 05:00:00,5,5,15,25.37569262358432,70.9821128263469,0.0,2,45.0,180,2.0,0.45,0,0,0.0,24.493366225260548,-0.11110090697077624,11.051707878915934,0.882326398323773,24.611865491051585,0.12236630171176653,5.799977312801041,6.483916568839687,0.4658248680256405
2025-02-15 06:00:00,6,5,15,25.577667199258755,69.3114065516951,0.0,2,45.0,180,2.0,0.45,0,0,0.0,24.665394062687543,0.17202783742699523,-1.6707062746518062,0.912273136571212,24.587742473393135,0.0872248810403279,6.953181222843377,4.109561657895547,0.5584443784531206
2025-02-15 07:00:00,7,5,15,28.019804508271356,71.01780525167526,0.0,2,45.0,180,2.0,0.45,0,0,0.0,24.73403952545113,0.06864546276358752,1.7063986999801557,3.2857649828202256,24.630933271133074,0.12398213166494722,4.827839890556082,5.381482875821315,0.38774770289249844
2025-02-15 08:00:00,8,5,15,29.40613613694681,63.078948298341615,1.0,2,45.0,180,2.0,0.45,0,0,0.0,25.492040973250884,0.758001447799753,-7.938856953333641,3.914095163695926,24.963824853796513,0.4587344019453825,7.262929159145543,30.856909124732205,0.5833217674095763
2025-02-15 09:00:00,9,5,15,28.824140108223375,60.53026143006986,1.0,2,45.0,180,2.0,0.45,0,0,0.0,26.06425896186521,0.5722179886143266,-2.5486868682717585,2.7598811463581647,25.43011315352241,0.6672684829930186,6.619722044855621,26.6952232040722,0.5316626223874114
2025-02-15 10:00:00,10,5,15,29.27366759737199,48.64610257826931,1.0,2,45.0,180,2.0,0.45,0,0,0.0,26.843459867501558,0.7792009056363476,-11.88415885180055,2.430207729870432,26.133253267539214,0.6783460898362484,5.5586821929720465,33.785948690971125,0.4464452633672751
2025-02-15 11:00:00,11,5,15,29.286493852506887,49.74216163602195,1.0,2,45.0,180,2.0,0.45,0,0,0.0,27.434723053380203,0.5912631858786455,1.0960590577526403,1.8517707991266832,26.780813960915655,0.6873764170686302,4.79051831200998,27.728073071654162,0.38475022230539757
2025-02-15 12:00:00,12,5,15,32.608374492757555,49.171704716347875,1.0,2,45.0,180,2.0,0.45,0,0,0.0,28.218546287276187,0.7838232338959834,-0.5704569196740721,4.389828205481368,27.49890973605265,0.6897866431996592,4.492647204514025,29.611528238134827,0.36082672022001716
2025-02-15 13:00:00,13,5,15,32.213263147485435,43.93176129637943,1.0,2,45.0,180,2.0,0.45,0,0,0.0,28.685866428035176,0.4673201407589893,-5.239943419968448,3.527396719450259,28.11304525623052,0.6322086575250859,4.474334497741177,29.264043386742372,0.35935593615387496
2025-02-15 14:00:00,14,5,15,30.2712278076597,46.38589470452693,1.0,2,45.0,180,2.0,0.45,0,0,0.0,29.181318205928566,0.4954517778933898,2.4541334081475057,1.089909601731133,28.69524364041331,0.4814544536303828,5.787796359596669,26.304384347181287,0.46484655541977393
2025-02-15 15:00:00,15,5,15,34.02292536316551,35.52112208687879,1.0,2,45.0,180,2.0,0.45,0,0,0.0,30.341686698712365,1.1603684927837996,-10.864772617648143,3.681238664453147,29.402957110892032,0.849869428407434,5.543413975475918,33.83157698191957,0.44521899729474695
2025-02-15 16:00:00,16,5,15,28.985133936733902,33.46466821193934,1.0,2,45.0,180,2.0,0.45,0,0,0.0,30.701309050655972,0.3596223519436066,-2.05645387493945,-1.7161751139220698,30.074771318432298,0.7943713912185426,5.936616564398774,26.85258783124378,0.47679904221803865
2025-02-15 17:00:00,17,5,15,26.935233737162868,36.214995667128456,1.0,2,45.0,180,2.0,0.45,0,0,0.0,30.859316989297085,0.15800793864111284,2.7503274551891153,-3.924083252134217,30.634104246221806,0.26527842682198344,4.890805427347315,33.41650015141044,0.39280477661608076
2025-02-15 18:00:00,18,5,15,30.47113689209194,25.457846868387925,1.0,2,45.0,180,2.0,0.45,0,0,0.0,31.287097831337274,0.42778084204018896,-10.75714879874053,-0.8159609392453326,30.94924129043011,0.30307079840176937,5.971672055645647,29.150879608687536,0.4796145221247631
2025-02-15 19:00:00,19,5,15,27.641641091137767,32.98094854728316,0.0,2,45.0,180,2.0,0.45,0,0,0.0,30.853160983397835,-0.43393684793943876,7.523101678895237,-3.2115198922600676,30.999858601344062,0.24877551233520526,4.2876873870746035,5.005670347229802,0.34436538343193085
2025-02-15 20:00:00,20,5,15,24.825866758373476,31.566526065384064,0.0,2,45.0,180,2.0,0.45,0,0,0.0,30.78352660695098,-0.06963437644685655,-1.4144224818990985,-5.957659848577503,30.974595140562027,0.27286569114177545,4.333864082376071,6.7442010495055715,0.3480740622481723
2025-02-15 21:00:00,21,5,15,23.49217455535526,38.71310207931292,0.0,2,45.0,180,2.0,0.45,0,0,0.0,30.38137796398595,-0.4021486429650274,7.146576013928854,-6.889203408630692,30.672688518111585,0.2546735475165993,5.591625437529525,3.4457254565053512,0.44909109829398325
2025-02-15 22:00:00,22,5,15,23.640247409137274,34.63659498678069,0.0,2,45.0,180,2.0,0.45,0,0,0.0,29.634373631273363,-0.7470043327125886,-4.076507092532225,-5.994126222136089,30.26642606740343,0.5831368572413156,4.974486262022494,4.334703620171467,0.3995255983825396
2025-02-15 23:00:00,23,5,15,21.663573390205038,45.823219223303994,0.0,2,45.0,180,2.0,0.45,0,0,0.0,29.37295385017569,-0.26141978109767194,11.1866242365233,-7.709380459970653,29.79623514847833,0.5233346552566323,3.0257754479721575,4.728071397505594,0.2430149934579931
2025-02-16 00:00:00,0,6,16,23.754824609371006,52.62917551259529,0.0,2,45.0,180,2.0,0.45,0,0,0.0,29.00669515930228,-0.366258690873412,6.805956289291295,-5.251870549931272,29.338007546917108,0.31529509848349546,3.0421244219944077,5.866971354842169,0.2443280604331795
2025-02-16 01:00:00,1,6,16,25.181177884027576,55.74860298785565,0.0,2,45.0,180,2.0,0.45,0,0,0.0,28.81582659189704,-0.19086856740523928,3.119427475260359,-3.634648707869463,29.065158533791664,0.2831274802927648,6.039476618911832,5.246131604507753,0.485060242001166
2025-02-16 02:00:00,2,6,16,22.535005693949056,59.65944046270345,0.0,2,45.0,180,2.0,0.45,0,0,0.0,28.57812132234503,-0.2377052695520092,3.9108374748478028,-6.043115628395974,28.80021435784811,0.21471304063843577,4.409553559433689,3.634227893779168,0.3541530585544988
2025-02-16 03:00:00,3,6,16,22.542081255506766,62.06642254053319,0.0,2,45.0,180,2.0,0.45,0,0,0.0,28.020198391992988,-0.5579229303520421,2.4069820778297384,-5.4781171364862224,28.47138210207835,0.4084127862569084,5.005711420770131,5.5163139664854945,0.4020334453392156
2025-02-16 04:00:00,4,6,16,26.290882513774033,61.92557069385157,0.0,2,45.0,180,2.0,0.45,0,0,0.0,27.77728168499697,-0.24291670699601653,-0.14085184668162043,-1.4863991712229385,28.125200466444994,0.4106155232288455,5.582378588697026,6.050234082873439,0.4483484381239951
2025-02-16 05:00:00,5,6,16,26.63780115206967,76.75644180544846,0.0,2,45.0,180,2.0,0.45,0,0,0.0,28.100127790336003,0.3228461053390319,14.830871111596892,-1.4623266382663331,27.965869289108653,0.1681402405685364,5.892553483927364,5.799977312801041,0.47326011826395775
2025-02-16 06:00:00,6,6,16,27.746124030737978,71.36197752548348,0.0,2,45.0,180,2.0,0.45,0,0,0.0,27.899552300974996,-0.20057548936100744,-5.3944642799649785,-0.15342827023701844,27.925653925435984,0.1629980767767223,4.105404900692805,6.953181222843377,0.3297253752762473
2025-02-16 07:00:00,7,6,16,27.719058230555344,65.53679742155273,0.0,2,45.0,180,2.0,0.45,0,0,0.0,27.96295912376843,0.06340682279343568,-5.825180103930748,-0.2439008932130875,27.987546405026478,0.10252332677486668,5.812948827169664,4.827839890556082,0.4668666745091797
2025-02-16 08:00:00,8,6,16,29.212981245334852,68.49796179026217,0.3,2,45.0,180,2.0,0.45,0,0,0.0,28.08144404469229,0.11848492092385854,2.961164368709433,1.131537200642562,27.9813184898119,0.09232524762710158,5.776568982425842,7.262929159145543,0.46394482922209873
2025-02-16 09:00:00,9,6,16,29.499116136621847,70.34346568782787,0.3,2,45.0,180,2.0,0.45,0,0,0.0,28.350263950810103,0.2688199061178125,1.845503897565706,1.1488521858117444,28.131555706423608,0.19845564049350206,4.337929102239937,6.619722044855621,0.34840054410137333
2025-02-16 10:00:00,10,6,16,29.352082801123466,57.311376746322985,0.3,2,45.0,180,2.0,0.45,0,0,0.0,28.733121075149096,0.38285712433899377,-13.032088941504888,0.6189617259743692,28.388276356883825,0.32749724467240615,4.9923597268775985,5.5586821929720465,0.40096110475752383
2025-02-16 11:00:00,11,6,16,32.835333464898305,51.663446214961105,0.3,2,45.0,180,2.0,0.45,0,0,0.0,29.346460495796144,0.6133394206470477,-5.6479305313618795,3.488872969102161,28.80994850725178,0.5025223674656444,5.414991335847295,4.79051831200998,0.4349047398536921
2025-02-16 12:00:00,12,6,16,31.586493395928205,56.28189349490882,0.3,2,45.0,180,2.0,0.45,0,0,0.0,29.782360317884297,0.43589982208815314,4.618447279947716,1.8041330780439075,29.287313962943177,0.5271142963204458,3.8753551076671897,4.492647204514025,0.31124893843933665
2025-02-16 13:00:00,13,6,16,30.815768660261686,40.15905993062793,0.3,2,45.0,180,2.0,0.45,0,0,0.0,29.797041804919335,0.014681487035037577,-16.12283356428089,1.0187268553423507,29.641954206199923,0.2560103243653456,5.094879525673701,4.474334497741177,0.4091949769209213
2025-02-16 14:00:00,14,6,16,32.67444319657094,41.04743551676088,0.3,2,45.0,180,2.0,0.45,0,0,0.0,30.3297046672351,0.5326628623157639,0.8883755861329448,2.3447385293358423,29.96970226334624,0.3118576351796064,5.241421773528845,5.787796359596669,0.42096450972868615
2025-02-16 15:00:00,15,6,16,29.55254779165006,32.053289882924325,0.3,2,45.0,180,2.0,0.45,0,0,0.0,30.285665469029595,-0.04403919820550328,-8.994145633836553,-0.7331176773795356,30.13747064706134,0.29564118482776885,4.8409051491811015,5.543413975475918,0.388797038440982
2025-02-16 16:00:00,16,6,16,31.71537955529277,34.92762072832603,0.3,2,45.0,180,2.0,0.45,0,0,0.0,30.6529151921648,0.3672497231352061,2.8743308454017082,1.0624643631279689,30.42276177614316,0.2005313165681979,5.8212963607586214,5.936616564398774,0.4675371062234268
2025-02-16 17:00:00,17,6,16,32.18679709351788,34.543851002572055,0.3,2,45.0,180,2.0,0.45,0,0,0.0,30.574277055617163,-0.07863813654763874,-0.3837697257539787,1.612520037900719,30.50428590560385,0.19337052669930663,4.887406085323802,4.890805427347315,0.3925317586430652
2025-02-16 18:00:00,18,6,16,27.300515000009298,23.368654306601705,0.3,2,45.0,180,2.0,0.45,0,0,0.0,30.611273682094083,0.03699662647692037,-11.17519669597035,-3.310758682084785,30.612821976625344,0.03934192473676223,5.0854322448509475,5.971672055645647,0.40843621906634364
2025-02-16 19:00:00,19,6,16,23.97755851502525,31.769758672045064,0.0,2,45.0,180,2.0,0.45,0,0,0.0,30.421895431921588,-0.18937825017249565,8.40110436544336,-6.4443369168963365,30.53581538987761,0.10037681608968117,6.892372278114814,4.2876873870746035,0.5535605113058399
2025-02-16 20:00:00,20,6,16,23.699442442689627,36.72419047459361,0.0,2,45.0,180,2.0,0.45,0,0,0.0,30.411924319533874,-0.009971112387713532,4.954431802548548,-6.712481876844247,30.48169781118318,0.11232669100623018,4.732935528652694,4.333864082376071,0.3801254641363001
2025-02-16 21:00:00,21,6,16,22.68562961205484,32.77042933617152,0.0,2,45.0,180,2.0,0.45,0,0,0.0,30.02822062980128,-0.38370368973259517,-3.953761138422095,-7.3425910177464395,30.287346793752246,0.22446521423960472,5.774371621941595,5.591625437529525,0.46376834833219593
2025-02-16 22:00:00,22,6,16,24.87440939498963,36.90571254352075,0.0,2,45.0,180,2.0,0.45,0,0,0.0,29.853803703203255,-0.174416926598024,4.135283207349232,-4.9793943082136245,30.09798288417947,0.28552536611547885,4.895448309633322,4.974486262022494,0.39317766945884486
2025-02-16 23:00:00,23,6,16,23.333822390090823,57.347120361122364,0.0,2,45.0,180,2.0,0.45,0,0,0.0,29.403280389890064,-0.45052331331319095,20.441407817601615,-6.069457999799241,29.761768240964866,0.3224755348817472,4.58870260596681,3.0257754479721575,0.3685414046561334
2025-02-17 00:00:00,0,0,17,22.659686469529476,51.6606736149232,0.0,2,45.0,180,2.0,0.45,0,0,0.0,29.18074420498299,-0.22253618490707439,-5.686446746199167,-6.521057735453514,29.479276099358767,0.3429049182054638,4.388234428810963,3.0421244219944077,0.35244081371746566
2025-02-17 01:00:00,1,0,17,22.144866695618017,61.744762846121425,0.0,2,45.0,180,2.0,0.45,0,0,0.0,28.538006561844664,-0.6427376431383252,10.084089231198227,-6.393139866226647,29.040677052239236,0.44932038105735783,5.8353346023388655,6.039476618911832,0.46866458684597967
2025-02-17 02:00:00,2,0,17,23.24374963667045,57.91771763692469,0.0,2,45.0,180,2.0,0.45,0,0,0.0,28.409609700934144,-0.12839686091052016,-3.827045209196733,-5.165860064263693,28.70945348925393,0.4131678139961644,5.804273088406024,4.409553559433689,0.46616988301386164
2025-02-17 03:00:00,3,0,17,23.86112687945877,66.6147726691085,0.0,2,45.0,180,2.0,0.45,0,0,0.0,28.338616001850237,-0.07099369908390685,8.697055032183812,-4.477489122391468,28.42874408820968,0.1010630616802212,5.488752869270305,5.005711420770131,0.4408288934700015
2025-02-17 04:00:00,4,0,17,24.3196718191762,62.69648439160455,0.0,2,45.0,180,2.0,0.45,0,0,0.0,28.31109711911127,-0.027518882738966965,-3.9182882775039545,-3.99142529993507,28.35310760729855,0.05082998294171488,7.046887973935623,5.582378588697026,0.5659704311610019
2025-02-17 05:00:00,5,0,17,23.03189451056366,64.22486255946431,0.0,2,45.0,180,2.0,0.45,0,0,0.0,28.255778218393328,-0.055318900717942654,1.5283781678597634,-5.223883707829668,28.301830446451607,0.04218919303329782,5.518394521173449,5.892553483927364,0.4432095611590576
2025-02-17 06:00:00,6,0,17,27.68785955860199,73.81006858082478,0.0,2,45.0,180,2.0,0.45,0,0,0.0,28.07205770182471,-0.18372051656861643,9.585206021360463,-0.38419814322272217,28.212977679776433,0.12513542797205376,4.517761121101437,4.105404900692805,0.3628437430890753
2025-02-17 07:00:00,7,0,17,29.62675915245937,69.39377501337042,0.0,2,45.0,180,2.0,0.45,0,0,0.0,28.400851559465575,0.3287938576408642,-4.41629356745436,1.2259075929937957,28.2428958265612,0.16477505035723597,4.985927213289445,5.812948827169664,0.4004444777723352
2025-02-17 08:00:00,8,0,17,28.665807963163573,64.04954268001191,1.0,2,45.0,180,2.0,0.45,2,1,1.0,26.62950969298528,-1.7713418664802951,-5.344232333358505,2.0362982701782926,27.70080631809185,0.9422227414095368,25.633067910898063,5.776568982425842,2.0587184798693317
2025-02-17 09:00:00,9,0,17,32.72534966005208,69.80438518767161,1.0,2,45.0,180,2.0,0.45,2,1,2.0,25.863118321157838,-0.7663913718274422,5.754842507659703,6.862231338894244,26.964493191202894,1.3016078346651598,30.365275437007462,4.337929102239937,2.438785474520259
2025-02-17 10:00:00,10,0,17,30.7734152279538,65.4696608260389,1.0,2,45.0,180,2.0,0.45,3,1,3.0,25.59431053884303,-0.2688077823148092,-4.334724361632709,5.179104689110773,26.028979517662048,0.5371608460822093,29.070667830183176,4.9923597268775985,2.3348091337399413
2025-02-17 11:00:00,11,0,17,31.83312510764161,60.33406541998545,1.0,2,45.0,180,2.0,0.45,2,1,4.0,25.591978243672383,-0.002332295170646148,-5.135595406053454,6.241146863969227,25.683135701224415,0.15587388334471475,30.084882972029703,5.414991335847295,2.4162657686749665
2025-02-17 12:00:00,12,0,17,32.418682389522665,47.78552699058332,1.0,2,45.0,180,2.0,0.45,1,1,4.0,24.884694466140648,-0.7072837775317353,-12.548538429402129,7.533987923382018,25.356994416218683,0.40902541734369424,28.968569589684638,3.8753551076671897,2.3266091190086917
2025-02-17 13:00:00,13,0,17,31.513025145007507,41.96643415439431,1.0,2,45.0,180,2.0,0.45,4,1,4.0,25.478223306310298,0.5935288401696504,-5.819092836189014,6.034801838697209,25.318298672041106,0.37979534222353933,33.31815298627965,5.094879525673701,2.6759456771385857
2025-02-17 14:00:00,14,0,17,32.12488057711963,27.8533960913078,1.0,2,45.0,180,2.0,0.45,2,1,4.0,25.13880374134245,-0.339419564967848,-14.113038063086506,6.986076835777183,25.167240504597796,0.2977844995241045,29.576355349585786,5.241421773528845,2.375423399845436
2025-02-17 15:00:00,15,0,17,28.219557350515174,33.49029343222002,1.0,2,45.0,180,2.0,0.45,4,1,4.0,25.288926228467915,0.15012248712546494,5.6368973409122205,2.9306311220472594,25.30198442537355,0.17008614773333477,28.94599411327194,4.8409051491811015,2.3247959708266546
2025-02-17 16:00:00,16,0,17,29.167425825884425,37.31504118591135,1.0,2,45.0,180,2.0,0.45,2,1,4.0,25.058932160098177,-0.2299940683697379,3.8247477536913266,4.1084936657862485,25.162220709969514,0.11677150202975349,27.249295599791978,5.8212963607586214,2.188525720359174
2025-02-17 17:00:00,17,0,17,29.17743573505254,36.67254736045739,1.0,2,45.0,180,2.0,0.45,3,1,4.0,25.20861188321272,0.14967972311454147,-0.6424938254539541,3.9688238518398222,25.185490090592936,0.11672737828799103,28.224260595649177,4.887406085323802,2.2668299819159254
2025-02-17 18:00:00,18,0,17,26.45348589253271,20.0,1.0,2,45.0,180,2.0,0.45,2,1,4.0,25.17179845983953,-0.03681342337318938,-16.672547360457393,1.2816874326931824,25.146447501050137,0.07799364212405882,23.947727679026073,5.0854322448509475,1.923360469182402
2025-02-17 19:00:00,19,0,17,27.161225400744947,39.15145502959089,0.0,2,45.0,180,2.0,0.45,0,0,3.0,24.956638833517946,-0.21515962632158292,19.151455029590892,2.2045865672270004,25.112349725523398,0.136100031051327,4.085497904945642,6.892372278114814,0.3281265459763046
2025-02-17 20:00:00,20,0,17,24.671347950244694,26.27671508717122,0.0,2,45.0,180,2.0,0.45,0,0,2.0,25.116447684624394,0.1598088511064475,-12.874739942419673,-0.4450997343796992,25.081628325993957,0.11172603546844403,5.160483855262721,4.732935528652694,0.4144639851470858
2025-02-17 21:00:00,21,0,17,22.007104583753343,36.66182582356174,0.0,2,45.0,180,2.0,0.45,0,0,1.0,24.865834914674963,-0.2506127699494307,10.385110736390523,-2.8587303309216203,24.979640477605766,0.12687985198091614,4.922077559740831,5.774371621941595,0.39531639625861603
2025-02-17 22:00:00,22,0,17,20.889593115159315,43.616038287875455,0.0,2,45.0,180,2.0,0.45,0,0,0.0,24.37077711628564,-0.49505779838932185,6.954212464313713,-3.4811840011263264,24.78435323852833,0.37945434084039964,4.050482816698681,4.895448309633322,0.32531431103435965
2025-02-17 23:00:00,23,0,17,23.58914280105347,44.28329546129069,0.0,2,45.0,180,2.0,0.45,0,0,0.0,24.44219720328822,0.07142008700257918,0.667257173415237,-0.8530544022347506,24.55960307808294,0.26759794564603007,5.74501067629487,4.58870260596681,0.46141022555112793
2025-02-18 00:00:00,0,1,18,19.85380584778572,52.92259196619513,0.0,2,45.0,180,2.0,0.45,0,0,0.0,24.375149711412572,-0.06704749187564829,8.639296504904436,-4.5213438636268535,24.396041343662144,0.040031892668557965,3.553762578329243,4.388234428810963,0.28542025162598533
2025-02-18 01:00:00,1,1,18,22.413984719216888,51.51135911109113,0.0,2,45.0,180,2.0,0.45,0,0,0.0,24.275783375661273,-0.0993663357512986,-1.4112328551039965,-1.8617986564443854,24.36437676345402,0.08372832741895896,4.850252412622246,5.8353346023388655,0.38954776340489905
2025-02-18 02:00:00,2,1,18,22.801433156509567,60.60780651027434,0.0,2,45.0,180,2.0,0.45,0,0,0.0,24.48917890461014,0.21339552894886538,9.096447399183205,-1.6877457481005713,24.380037330561326,0.10678169112621191,5.263949238861842,5.804273088406024,0.4227738019034218
2025-02-18 03:00:00,3,1,18,22.34323886659143,70.06884278250875,0.0,2,45.0,180,2.0,0.45,0,0,0.0,24.286706753366637,-0.20247215124350149,9.461036272234416,-1.9434678867752062,24.35055634454601,0.12017483373983796,5.6860212695016354,5.488752869270305,0.45667249449591824
2025-02-18 04:00:00,4,1,18,26.301156326349613,68.76444684769486,0.0,2,45.0,180,2.0,0.45,0,0,0.0,24.711269633944294,0.4245628805776569,-1.304395934813897,1.5898866924053188,24.495718430640352,0.2123569729061058,5.472043579277012,7.046887973935623,0.4394868877368499
2025-02-18 05:00:00,5,1,18,25.69055852073084,70.61410330072141,0.0,2,45.0,180,2.0,0.45,0,0,0.0,24.39538041517895,-0.3158892187653457,1.8496564530265545,1.2951781055518907,24.464452267496625,0.22054840846913226,3.72576080937833,5.518394521173449,0.2992342803640376
2025-02-18 06:00:00,6,1,18,29.999932613468616,80.04310168396843,0.0,2,45.0,180,2.0,0.45,0,0,0.0,24.644428493278927,0.2490480780999782,9.42899838324702,5.355504120189689,24.583692847467386,0.1664725612146643,5.216871932989494,4.517761121101437,0.4189927905972934
2025-02-18 07:00:00,7,1,18,29.553118537907988,63.926287487721716,0.0,2,45.0,180,2.0,0.45,0,0,0.0,24.809781173752004,0.16535268047307738,-16.116814196246715,4.743337364155984,24.61653002740329,0.20860426763457346,6.194623402081319,4.985927213289445,0.49752084760302245
2025-02-18 08:00:00,8,1,18,29.31500818240663,64.52180488500865,1.0,2,45.0,180,2.0,0.45,2,1,1.0,24.664608922805836,-0.14517225094616748,0.5955173972869332,4.650399259600793,24.706272863278922,0.09020692981655049,27.293164011261478,25.633067910898063,2.192049009482766
2025-02-18 09:00:00,9,1,18,33.914175675172174,74.01395510249428,1.0,2,45.0,180,2.0,0.45,5,1,2.0,25.887400851264527,1.2227919284586903,9.49215021748563,8.026774823907648,25.120596982607452,0.6680268522686615,37.104107754535164,30.365275437007462,2.9800144320941047
2025-02-18 10:00:00,10,1,18,31.6246805291849,61.520131898803044,1.0,2,45.0,180,2.0,0.45,5,1,3.0,26.105430258779606,0.21802940751507904,-12.493823203691235,5.519250270405294,25.55248001094999,0.7766083359758844,34.118487801806495,29.070667830183176,2.740224525091367
2025-02-18 11:00:00,11,1,18,32.57405941606295,55.36228957573978,1.0,2,45.0,180,2.0,0.45,1,1,4.0,25.483171860728483,-0.6222583980511232,-6.157842323063264,7.090887555334469,25.82533432359087,0.31573813339467083,28.959848429022756,30.084882972029703,2.3259086794560426
2025-02-18 12:00:00,12,1,18,31.442689286408285,46.212482119984024,1.0,2,45.0,180,2.0,0.45,2,1,4.0,25.54057994740076,0.05740808667227881,-9.149807455755756,5.902109339007524,25.70972735563628,0.34388880873191047,29.659536689486995,28.968569589684638,2.382104104715808
2025-02-18 13:00:00,13,1,18,32.56082825690031,51.550101212448084,1.0,2,45.0,180,2.0,0.45,4,1,4.0,25.489493054243894,-0.05108689315686732,5.33761909246406,7.071335202656414,25.504414954124375,0.03147887269348585,33.29646669006366,33.31815298627965,2.6742039434165448
2025-02-18 14:00:00,14,1,18,32.96472636768791,45.513261397417565,1.0,2,45.0,180,2.0,0.45,4,1,4.0,25.654142192385166,0.16464913814127158,-6.036839815030518,7.310584175302743,25.561405064676606,0.08427691739145125,33.10897074049841,29.576355349585786,2.6591452162438007
2025-02-18 15:00:00,15,1,18,30.725567743347906,44.832967715228044,1.0,2,45.0,180,2.0,0.45,1,1,4.0,25.466443073685618,-0.18769911869954825,-0.6802936821895216,5.259124669662288,25.536692773438222,0.10236503264953682,26.40800626087338,28.94599411327194,2.120957612048096
2025-02-18 16:00:00,16,1,18,30.384621082809687,29.63350510109248,1.0,2,45.0,180,2.0,0.45,4,1,4.0,25.488899877988825,0.02245680430320718,-15.199462614135562,4.8957212048208625,25.53649504801987,0.10250226801410771,32.26250508405829,27.249295599791978,2.5911613722675164
2025-02-18 17:00:00,17,1,18,29.659246494021616,34.04602460056384,1.0,2,45.0,180,2.0,0.45,5,1,4.0,25.693636229855365,0.20473635186653993,4.412519499471358,3.9656102641662514,25.5496597271766,0.12519186078878994,30.831220639841487,28.224260595649177,2.4762078385937003
2025-02-18 18:00:00,18,1,18,25.095213148384406,28.88487168204088,1.0,2,45.0,180,2.0,0.45,1,1,4.0,24.799413150747935,-0.8942230791074302,-5.1611529185229585,0.2957999976364718,25.327316419530707,0.4684982810403283,19.261072194246022,23.947727679026073,1.5469519842973163
2025-02-18 19:00:00,19,1,18,26.96618284101725,26.800655991351285,0.0,2,45.0,180,2.0,0.45,0,0,3.0,24.69609308433383,-0.10332006641410274,-2.0842156906895966,2.2700897566834186,25.063047488312375,0.5485438722214705,6.244387846542908,4.085497904945642,0.5015176763013909
2025-02-18 20:00:00,20,1,18,25.641833866236055,32.643681871003864,0.0,2,45.0,180,2.0,0.45,0,0,2.0,24.46588408044211,-0.23020900389172283,5.843025879652579,1.1759497857939465,24.65379677184129,0.17073998864597298,5.199781249064027,5.160483855262721,0.4176201532308545
2025-02-18 21:00:00,21,1,18,24.448808672509198,36.13663033839379,0.0,2,45.0,180,2.0,0.45,0,0,1.0,24.251868741900516,-0.21401533854159283,3.4929484673899296,0.1969399306086821,24.471281968892146,0.22216135915722088,5.598288955875549,4.922077559740831,0.44962627841395925
2025-02-18 22:00:00,22,1,18,22.345671621203117,41.1871983441349,0.0,2,45.0,180,2.0,0.45,0,0,0.0,24.072162997784766,-0.17970574411575058,5.0505680057411055,-1.7264913765816488,24.263305273375796,0.1971095340707305,6.852088427364495,4.050482816698681,0.5503251159849109
2025-02-18 23:00:00,23,1,18,21.13234110938247,55.48371421355301,0.0,2,45.0,180,2.0,0.45,0,0,0.0,23.78031066671524,-0.29185233106952424,14.296515869418108,-2.6479695573327717,24.034780802133508,0.23799123089333685,5.168951095105265,5.74501067629487,0.41514403106269465
2025-02-19 00:00:00,0,2,19,21.387533683062877,41.442653432468205,0.0,2,45.0,180,2.0,0.45,0,0,0.0,23.765872274014686,-0.014438392700554914,-14.041060781084802,-2.3783385909518096,23.872781979504897,0.1728198762698392,4.69387800006597,3.553762578329243,0.3769885608144262
2025-02-19 01:00:00,1,2,19,23.603770577657734,60.31340979467921,0.0,2,45.0,180,2.0,0.45,0,0,0.0,23.689697133834088,-0.07617514018059879,18.870756362211004,-0.08592655617635359,23.745293358188004,0.04868595195741259,4.7460353469887755,4.850252412622246,0.38117757534613134
2025-02-19 02:00:00,2,2,19,21.584600901946125,67.16086478000719,0.0,2,45.0,180,2.0,0.45,0,0,0.0,23.59286450074144,-0.09683263309264589,6.847454985327978,-2.008263598795317,23.682811302863403,0.08670918869767999,4.432133702635031,5.263949238861842,0.3559665815494164
2025-02-19 03:00:00,3,2,19,26.14674656694933,58.39665658261682,0.0,2,45.0,180,2.0,0.45,0,0,0.0,23.638981017959534,0.04611651721809196,-8.764208197390367,2.507765548989795,23.640514217511683,0.048434520063864096,5.160100954378779,5.6860212695016354,0.4144332324830477
2025-02-19 04:00:00,4,2,19,26.27398870224261,61.1234999008456,0.0,2,45.0,180,2.0,0.45,0,0,0.0,23.749969771990084,0.11098875403055075,2.726843318228781,2.5240189302525273,23.66060509689702,0.0807540534970241,3.0678826382920414,5.472043579277012,0.2463968301990437
2025-02-19 05:00:00,5,2,19,25.137580449962975,63.920149426845384,0.0,2,45.0,180,2.0,0.45,0,0,0.0,23.929573171588082,0.17960339959799754,2.796649525999783,1.2080072783748932,23.772841320512565,0.14663996977879845,4.535038583647209,3.72576080937833,0.3642313815704257
2025-02-19 06:00:00,6,2,19,27.53308196102928,71.83615193268899,0.0,2,45.0,180,2.0,0.45,0,0,0.0,24.078027944007225,0.14845477241914296,7.916002505843608,3.4550540170220536,23.919190295861796,0.1642753607157932,5.034781784609083,5.216871932989494,0.404368230057916
2025-02-19 07:00:00,7,2,19,28.111989510344703,69.59196745612512,0.0,2,45.0,180,2.0,0.45,0,0,0.0,24.59341677056179,0.5153888265545667,-2.2441844765638734,3.518572739782911,24.2003392953857,0.34841373535185727,5.539207357277178,6.194623402081319,0.4448811429788452
2025-02-19 08:00:00,8,2,19,28.13263391113882,65.26669539375148,0.3,2,45.0,180,2.0,0.45,4,1,1.0,24.5667147870165,-0.02670198354529063,-4.325272062373642,3.5659191241223205,24.41271983386184,0.29015899922691096,29.283013937639083,27.293164011261478,2.351863700016104
2025-02-19 09:00:00,9,2,19,28.18672575033859,66.47321483369225,0.3,2,45.0,180,2.0,0.45,2,1,2.0,24.39732465746228,-0.16939012955421973,1.2065194399407773,3.7894010928763073,24.519152071680185,0.10634701746068706,25.170133848855727,37.104107754535164,2.0215379554077106
2025-02-19 10:00:00,10,2,19,31.6459710790248,56.53975779149693,0.3,2,45.0,180,2.0,0.45,4,1,3.0,24.598254950765394,0.20093029330311296,-9.933457042195322,7.047716128259406,24.520764798414728,0.1080592281172683,31.594129007954674,34.118487801806495,2.537480783421885
2025-02-19 11:00:00,11,2,19,31.576002778705227,48.50538563522327,0.3,2,45.0,180,2.0,0.45,5,1,4.0,24.903915081909865,0.3056601311444709,-8.034372156273662,6.672087696795362,24.63316489671251,0.2550931061009214,32.88904993096052,28.959848429022756,2.6414822881745863
2025-02-19 12:00:00,12,2,19,32.06671339781859,42.32717283272653,0.3,2,45.0,180,2.0,0.45,3,1,4.0,24.65100233599875,-0.25291274591111446,-6.178212802496738,7.415711061819838,24.717724122891337,0.16338872842889351,33.386767182011965,29.659536689486995,2.681456422603253
2025-02-19 13:00:00,13,2,19,30.65570322110249,44.3756985638152,0.3,2,45.0,180,2.0,0.45,2,1,4.0,24.2314867139109,-0.4195156220878502,2.0485257310886666,6.424216507191588,24.595468043939835,0.33963660097006604,27.45398339943671,33.29646669006366,2.204965210052612
2025-02-19 14:00:00,14,2,19,33.970760400098925,33.48517273226916,0.3,2,45.0,180,2.0,0.45,1,1,4.0,24.33795915149629,0.10647243758538849,-10.890525831546036,9.632801248602636,24.40681606713531,0.21806947383262487,29.795475453352854,33.10897074049841,2.3930220192734426
2025-02-19 15:00:00,15,2,19,30.629129001805875,34.22614950062669,0.3,2,45.0,180,2.0,0.45,3,1,4.0,24.76833874539674,0.4303795939004509,0.7409767683575268,5.860790256409135,24.44592820360131,0.284245515509334,29.000272710279805,26.40800626087338,2.3291553534456177
2025-02-19 16:00:00,16,2,19,28.31136470791548,36.93689272514226,0.3,2,45.0,180,2.0,0.45,5,1,4.0,24.54986194455043,-0.21847680084631094,2.710743224515568,3.7615027633650513,24.55205328048115,0.2151981649005171,30.18898611727803,32.26250508405829,2.4246268072240875
2025-02-19 17:00:00,17,2,19,30.342717012573022,35.470345512823506,0.3,2,45.0,180,2.0,0.45,3,1,4.0,24.3565322737529,-0.19332967079752805,-1.4665472123187513,5.986184738820121,24.55824432123335,0.2060311643933443,28.716947417810555,30.831220639841487,2.3064000977170265
2025-02-19 18:00:00,18,2,19,24.316018060366677,29.233426184768586,0.3,2,45.0,180,2.0,0.45,2,1,4.0,23.895687237674135,-0.4608450360787657,-6.23691932805492,0.4203308226925415,24.26736048532582,0.3360801134667873,20.729233472292183,19.261072194246022,1.6648672789100676
2025-02-19 19:00:00,19,2,19,23.9062527421676,24.965575100269238,0.0,2,45.0,180,2.0,0.45,0,0,3.0,24.233659033466687,0.33797179579255143,-4.267851084499348,-0.3274062912990878,24.161959514964575,0.23864231086482898,4.822617727412659,6.244387846542908,0.38732828513861783
2025-02-19 20:00:00,20,2,19,23.75274110640645,43.048043448081245,0.0,2,45.0,180,2.0,0.45,0,0,2.0,23.886522182763493,-0.347136850703194,18.082468347812007,-0.1337810763570424,24.00528948463477,0.19782691344550482,2.955404459261725,5.199781249064027,0.23736315125914145
2025-02-19 21:00:00,21,2,19,24.227397284669195,36.155798692650556,0.0,2,45.0,180,2.0,0.45,0,0,1.0,24.189725201056067,0.30320301829257446,-6.8922447554306885,0.03767208361312768,24.103302139095415,0.18901774389788573,5.442583022827331,5.598288955875549,0.437120764719464
2025-02-19 22:00:00,22,2,19,22.613798356963187,46.833218365204985,0.0,2,45.0,180,2.0,0.45,0,0,0.0,24.143294548191147,-0.04643065286492032,10.677419672554429,-1.5294961912279597,24.073180644003568,0.1633094830252503,5.799883219829259,6.852088427364495,0.46581731095363854
2025-02-19 23:00:00,23,2,19,20.83519553185276,47.28027656646507,0.0,2,45.0,180,2.0,0.45,0,0,0.0,24.100418012914812,-0.04287653527633495,0.44705820126008433,-3.2652224810620503,24.144479254054005,0.044665379318114685,4.654723176697195,5.168951095105265,0.3738438432673298
2025-02-20 00:00:00,0,3,20,21.897428522607942,55.9214279957529,0.0,2,45.0,180,2.0,0.45,0,0,0.0,24.557984944512746,0.4575669315979347,8.64115142928783,-2.660556421904804,24.2672325018729,0.2527099849537358,5.434779981875247,4.69387800006597,0.4364940639022589
2025-02-20 01:00:00,1,3,20,22.23880798195629,56.22647041780238,0.0,2,45.0,180,2.0,0.45,0,0,0.0,23.92776783812284,-0.6302171063899067,0.30504242204948184,-1.6889598561665515,24.195390265183462,0.32566577471783986,5.637043409544308,4.7460353469887755,0.4527388402899879
2025-02-20 02:00:00,2,3,20,21.152685547036825,57.27022803166135,0.0,2,45.0,180,2.0,0.45,0,0,0.0,23.67913617691285,-0.24863166120999125,1.0437576138589648,-2.526450629876024,24.05496298651614,0.4530206876173396,4.781253251814553,4.432133702635031,0.3840060994907688
2025-02-20 03:00:00,3,3,20,26.480983392417706,63.12486670973857,0.0,2,45.0,180,2.0,0.45,0,0,0.0,24.099149944025886,0.42001376711303706,5.854638678077222,2.38183344839182,23.902017986353854,0.2111875524053171,4.9082062249806375,5.160100954378779,0.39420232074839884
2025-02-20 04:00:00,4,3,20,24.55142050155204,71.64332846516989,0.0,2,45.0,180,2.0,0.45,0,0,0.0,24.27087781358528,0.171727869559394,8.518461755431318,0.2805426879667614,24.016387978174667,0.3044284782782948,4.314999639282776,3.0678826382920414,0.3465589655089288
2025-02-20 05:00:00,5,3,20,24.669401553910728,72.16108823871971,0.0,2,45.0,180,2.0,0.45,0,0,0.0,24.521693120940444,0.25081530735516466,0.5177597735498267,0.14770843297028335,24.297240292850535,0.21250157487471713,5.4640359649512105,4.535038583647209,0.43884375662006364
2025-02-20 06:00:00,6,3,20,25.114461053406988,65.54969162246995,0.0,2,45.0,180,2.0,0.45,0,0,0.0,24.60878222051348,0.0870890995730349,-6.611396616249763,0.5056788328935085,24.4671177183464,0.17543860174376613,4.222918532864234,5.034781784609083,0.3391634763661691
2025-02-20 07:00:00,7,3,20,29.32506694117164,64.38534706820101,0.0,2,45.0,180,2.0,0.45,0,0,0.0,24.845800841581312,0.23701862106783267,-1.1643445542689363,4.47926609959033,24.658758727678407,0.16773399207154868,4.808151680054092,5.539207357277178,0.3861664453178336
2025-02-20 08:00:00,8,3,20,30.082426912173926,73.51148781702022,1.0,2,45.0,180,2.0,0.45,2,1,1.0,24.681172667786864,-0.16462817379444772,9.12614074881921,5.4012542443870615,24.711918576627216,0.12146373889451743,26.324276712157996,29.283013937639083,2.1142328778161006
2025-02-20 09:00:00,9,3,20,31.021056906529903,70.62386709387421,1.0,2,45.0,180,2.0,0.45,5,1,2.0,25.332100181136795,0.6509275133499308,-2.8876207231460143,5.688956725393108,24.953024563501657,0.33845140244355354,31.500229577027365,25.170133848855727,2.529939255643344
2025-02-20 10:00:00,10,3,20,33.007160009099834,68.21719833088282,1.0,2,45.0,180,2.0,0.45,1,1,3.0,25.024326701682636,-0.3077734794541591,-2.406668762991387,7.982833307417199,25.012533183535428,0.3256239736442697,28.949273442352208,31.594129007954674,2.3250593499665446
2025-02-20 11:00:00,11,3,20,31.124610898423143,53.358849672507745,1.0,2,45.0,180,2.0,0.45,4,1,4.0,25.589945809835893,0.5656191081532569,-14.858348658375078,5.53466508858725,25.315457564218438,0.28317658165995413,30.379744892262778,32.88904993096052,2.4399475880460884
2025-02-20 12:00:00,12,3,20,33.645329704968105,51.405220173865786,1.0,2,45.0,180,2.0,0.45,1,1,4.0,25.472931034540665,-0.11701477529522819,-1.9536294986419591,8.172398670427441,25.362401182019727,0.29856972401923354,29.581929156331935,33.386767182011965,2.3758710598364834
2025-02-20 13:00:00,13,3,20,32.1474925940089,43.388084618058016,1.0,2,45.0,180,2.0,0.45,3,1,4.0,25.520958601834778,0.04802756729411328,-8.01713555580777,6.626533992174124,25.527945148737107,0.058819412507539734,32.52347284252503,27.45398339943671,2.6121209838471016
2025-02-20 14:00:00,14,3,20,31.707873881377697,34.929474385263546,1.0,2,45.0,180,2.0,0.45,1,1,4.0,25.473741012452912,-0.04721758938186582,-8.45861023279447,6.234132868924785,25.489210216276117,0.027497890926609606,26.45770825093183,29.795475453352854,2.124949424724413
2025-02-20 15:00:00,15,3,20,33.63606886011218,28.436156383778016,1.0,2,45.0,180,2.0,0.45,4,1,4.0,25.771571874093063,0.2978308616401506,-6.49331800148553,7.86449698601912,25.58875716279358,0.16007276216633648,34.88742011795282,29.000272710279805,2.8019812829840163
2025-02-20 16:00:00,16,3,20,27.40675129021985,32.83189017565486,1.0,2,45.0,180,2.0,0.45,3,1,4.0,25.569439231367806,-0.20213264272525677,4.395733791876847,1.8373120588520457,25.604917372637924,0.15205206153644626,25.58290483032378,30.18898611727803,2.0546896347328687
2025-02-20 17:00:00,17,3,20,27.46698643072467,38.637062985002984,1.0,2,45.0,180,2.0,0.45,2,1,4.0,25.310989517080756,-0.25844971428704966,5.805172809348122,2.1559969136439143,25.55066687418054,0.2308643063440006,23.610499378194092,28.716947417810555,1.8962759962168168
2025-02-20 18:00:00,18,3,20,27.94778661296212,24.314583644377876,1.0,2,45.0,180,2.0,0.45,1,1,4.0,25.0064018562761,-0.30458766080465693,-14.322479340625108,2.94138475668602,25.295610201574885,0.2818335749104192,23.041475556694035,20.729233472292183,1.8505748783919784
2025-02-20 19:00:00,19,3,20,28.987289859778144,39.281868225649184,0.0,2,45.0,180,2.0,0.45,0,0,3.0,25.400005527254955,0.3936036709788553,14.967284581271308,3.58728433252319,25.239132300203934,0.20640629148634554,4.555130000248554,4.822617727412659,0.36584502262141977
2025-02-20 20:00:00,20,3,20,23.220739268209865,30.43573737826235,0.0,2,45.0,180,2.0,0.45,0,0,2.0,25.06284418409497,-0.33716134315998403,-8.846130847386835,-1.8421049158851055,25.15641718920867,0.2128330165098765,4.154399498613655,2.955404459261725,0.33366037379082375
2025-02-20 21:00:00,21,3,20,22.602456894554653,30.029199726102117,0.0,2,45.0,180,2.0,0.45,0,0,1.0,25.21935591163271,0.15651172753774034,-0.40653765216023174,-2.616899017078058,25.22740187432754,0.16872461577168646,5.025919888985307,5.442583022827331,0.40365648738432114
2025-02-20 22:00:00,22,3,20,24.351024501948523,38.190254281902924,0.0,2,45.0,180,2.0,0.45,0,0,0.0,25.247203527611347,0.027847615978636497,8.161054555800806,-0.8961790256628248,25.17646787444634,0.09938123407313833,4.793913357545622,5.799883219829259,0.3850228952062193
2025-02-20 23:00:00,23,3,20,25.65886276007251,42.287457803426875,0.0,2,45.0,180,2.0,0.45,0,0,0.0,25.294770639428926,0.04756711181757822,4.0972035215239515,0.36409212064358343,25.253776692890995,0.038134632142791225,5.057700393665648,4.654723176697195,0.406208936919914
2025-02-21 00:00:00,0,4,21,23.489350502021413,56.031054182408376,0.0,2,45.0,180,2.0,0.45,0,0,0.0,25.261183378310722,-0.033587261118203315,13.7435963789815,-1.7718328762893094,25.26771918178366,0.024447803114399543,4.421559499515699,5.434779981875247,0.3551173149907925
2025-02-21 01:00:00,1,4,21,22.188209460828627,59.48639492805161,0.0,2,45.0,180,2.0,0.45,0,0,0.0,25.241483012629683,-0.0197003656810395,3.455340745643234,-3.0532735518010554,25.265812343456442,0.026943705784289135,5.458113243585507,5.637043409544308,0.4383680735699865
2025-02-21 02:00:00,2,4,21,23.069144128051697,61.603107528186875,0.0,2,45.0,180,2.0,0.45,0,0,0.0,24.945657180835088,-0.29582583179459476,2.1167126001352656,-1.876513052783391,25.14944119059183,0.17675680489466888,5.305176333111454,4.781253251814553,0.4260849537756059
2025-02-21 03:00:00,3,4,21,23.809818897101366,63.490087920437965,0.0,2,45.0,180,2.0,0.45,0,0,0.0,24.90326662735121,-0.04239055348387666,1.8869803922510897,-1.0934477302498458,25.03013560693866,0.1842553504666588,5.4828162393638,4.9082062249806375,0.44035209335621284
2025-02-21 04:00:00,4,4,21,24.31610778218304,62.924676082076644,0.0,2,45.0,180,2.0,0.45,0,0,0.0,24.807354197755462,-0.09591242959574942,-0.5654118383613209,-0.491246415572423,24.885426001980587,0.07085650794086358,5.076995008464664,4.314999639282776,0.40775858287672145
2025-02-21 05:00:00,5,4,21,27.987167550972277,58.40703893437647,0.0,2,45.0,180,2.0,0.45,0,0,0.0,24.925684673666904,0.11833047591144208,-4.517637147700171,3.061482877305373,24.87876849959119,0.06285414926914883,4.891921613939443,5.4640359649512105,0.39289442308259753
2025-02-21 06:00:00,6,4,21,26.711421621606377,67.17162276042308,0.0,2,45.0,180,2.0,0.45,0,0,0.0,24.68810803637496,-0.23757663729194434,8.764583826046604,2.023313585231417,24.807048969265775,0.11878861275493872,3.9322415989677735,4.222918532864234,0.3158177739490981
2025-02-21 07:00:00,7,4,21,29.711109134212894,61.34262804370028,0.0,2,45.0,180,2.0,0.45,0,0,0.0,25.09373533853981,0.40562730216484866,-5.8289947167227965,4.617373795673085,24.90250934952722,0.20380431497468107,6.4425340023780295,4.808151680054092,0.5174317742217338
2025-02-21 08:00:00,8,4,21,30.992663828667766,74.70015562514115,1.0,2,45.0,180,2.0,0.45,1,1,1.0,24.70433417971566,-0.3894011588241497,13.35752758144087,6.288329648952107,24.82872585154347,0.22964830302150147,26.35709909497511,26.324276712157996,2.116869005738588
2025-02-21 09:00:00,9,4,21,31.599795544594993,65.22029879150243,1.0,2,45.0,180,2.0,0.45,1,1,2.0,25.10205690370619,0.39772272399052966,-9.47985683363872,6.497738640888805,24.966708807320554,0.22726118458722588,27.613191298859416,31.500229577027365,2.2177519839893884
2025-02-21 10:00:00,10,4,21,35.05410778160985,61.75726009086317,1.0,2,45.0,180,2.0,0.45,4,1,3.0,25.691402853758984,0.5893459500527953,-3.4630387006392596,9.362704927850867,25.165931312393607,0.4966247042621456,35.46330251040816,28.949273442352208,2.848233246568723
2025-02-21 11:00:00,11,4,21,29.949732292311715,56.432712455396214,1.0,2,45.0,180,2.0,0.45,1,1,4.0,25.20524773037024,-0.48615512338874467,-5.324547635466956,4.744484561941476,25.332902495945135,0.314728401310665,26.36138644980794,30.379744892262778,2.117213344412944
2025-02-21 12:00:00,12,4,21,35.173475651732794,55.763713936245644,1.0,2,45.0,180,2.0,0.45,4,1,4.0,26.069887291227914,0.8646395608576753,-0.6689985191505698,9.10358836050488,25.655512625119044,0.433435662969803,38.130315411951955,29.581929156331935,3.06243424527648
2025-02-21 13:00:00,13,4,21,35.42821805610259,46.33730403369542,1.0,2,45.0,180,2.0,0.45,5,1,4.0,26.16833406681624,0.09844677558832515,-9.426409902550226,9.259883989286347,25.81448969613813,0.5299101542201642,38.605097990524804,32.52347284252503,3.1005663827102663
2025-02-21 14:00:00,14,4,21,34.1318331504587,43.159301114543545,1.0,2,45.0,180,2.0,0.45,4,1,4.0,26.233085495151524,0.0647514283352848,-3.178002919151872,7.898747655307172,26.157102284398558,0.08217681025284942,33.60862670833645,26.45770825093183,2.699275058607611
2025-02-21 15:00:00,15,4,21,30.098158820341745,27.7944331388801,1.0,2,45.0,180,2.0,0.45,4,1,4.0,26.374553636222608,0.1414681410710834,-15.364867975663447,3.723605184119137,26.258657732730125,0.10546128295619982,29.38046777310098,34.88742011795282,2.3596906996049536
2025-02-21 16:00:00,16,4,21,30.36721310861923,28.409215934746715,1.0,2,45.0,180,2.0,0.45,2,1,4.0,25.61449033779326,-0.7600632984293476,0.614782795866617,4.752722770825969,26.074043156389127,0.40422135463658576,25.090151547494493,25.58290483032378,2.015114181146775
2025-02-21 17:00:00,17,4,21,30.73973535486132,32.37512538489792,1.0,2,45.0,180,2.0,0.45,5,1,4.0,26.12200448404168,0.5075141462484183,3.965909450151205,4.617730870819642,26.037016152685847,0.38709342122408186,34.89327463889723,23.610499378194092,2.8024514885209006
2025-02-21 18:00:00,18,4,21,25.624396248516902,31.41616879425279,1.0,2,45.0,180,2.0,0.45,1,1,4.0,25.175516537777465,-0.9464879462642131,-0.9589565906451298,0.4488797107394369,25.637337119870796,0.4736574075157019,21.47155602928666,23.041475556694035,1.7244868754180083
2025-02-21 19:00:00,19,4,21,27.409342891107784,31.632114576710137,0.0,2,45.0,180,2.0,0.45,0,0,3.0,25.543713858507335,0.36819732072986966,0.21594578245734652,1.8656290326004488,25.61374496010882,0.47711437255616285,4.163134445464134,4.555130000248554,0.33436192058047326
2025-02-21 20:00:00,20,4,21,26.601425363234995,29.35871688801823,0.0,2,45.0,180,2.0,0.45,0,0,2.0,25.750347477197998,0.2066336186906632,-2.273397688691908,0.8510778860369967,25.48985929116093,0.29117501274489,4.670237465757554,4.154399498613655,0.3750898725643932
2025-02-21 21:00:00,21,4,21,23.993120547071708,45.297503672996555,0.0,2,45.0,180,2.0,0.45,0,0,1.0,25.859937835039357,0.10959035784135907,15.938786784978326,-1.866817287967649,25.71799972358156,0.16057454252344497,5.099430807864998,5.025919888985307,0.4095605129069724
2025-02-21 22:00:00,22,4,21,23.945043493738435,42.960382876829385,0.0,2,45.0,180,2.0,0.45,0,0,0.0,25.469398366152927,-0.39053946888643054,-2.33712079616717,-1.5243548724144915,25.69322789279676,0.2014379665835407,7.558121737969925,4.793913357545622,0.6070301436077943
2025-02-21 23:00:00,23,4,21,24.28733308186858,46.92772964721692,0.0,2,45.0,180,2.0,0.45,0,0,0.0,25.365060817093553,-0.1043375490593732,3.967346770387536,-1.077727735224972,25.564799006095274,0.26086735575566333,4.527120339157135,5.057700393665648,0.36359542818722157
2025-02-22 00:00:00,0,5,22,21.459427329944276,59.67810016721672,0.0,2,45.0,180,2.0,0.45,0,0,0.0,24.933347390550868,-0.43171342654268585,12.750370519999798,-3.4739200606065914,25.255935524599114,0.2841987142962479,4.560327409860774,4.421559499515699,0.3662624522967642
2025-02-22 01:00:00,1,5,22,19.48890814232569,54.106698018716294,0.0,2,45.0,180,2.0,0.45,0,0,0.0,24.61270133623799,-0.32064605431287774,-5.571402148500425,-5.123793193912299,24.9703698479608,0.3775436317473537,5.222178803972062,5.458113243585507,0.41941901165674955
2025-02-22 02:00:00,2,5,22,22.672802264007245,56.480101731114715,0.0,2,45.0,180,2.0,0.45,0,0,0.0,24.697769331597193,0.08506799535920351,2.373403712398421,-2.024967067589948,24.747939352795346,0.1661061296492079,5.020326396510352,5.305176333111454,0.4032072463350161
2025-02-22 03:00:00,3,5,22,25.32224311808306,67.29812773077506,0.0,2,45.0,180,2.0,0.45,0,0,0.0,24.785154043831053,0.08738471223385957,10.81802599966035,0.5370890742520054,24.69854157055541,0.08622894730871468,5.644386511743596,5.4828162393638,0.4533286011508334
2025-02-22 04:00:00,4,5,22,26.203803582847907,64.76698434510467,0.0,2,45.0,180,2.0,0.45,0,0,0.0,24.734673324716926,-0.05048071911412677,-2.53114338567039,1.4691302581309813,24.73919890004839,0.04386778552966929,4.9418751955868645,5.076995008464664,0.3969064423239418
2025-02-22 05:00:00,5,5,22,29.0221245758241,70.50216490243926,0.0,2,45.0,180,2.0,0.45,0,0,0.0,25.386798435664804,0.6521251109478783,5.735180557334587,3.6353261401592967,24.968875268070928,0.36281111650486997,4.40899920368854,4.891921613939443,0.3541085355024425
2025-02-22 06:00:00,6,5,22,27.868889138722427,65.99907297968275,0.0,2,45.0,180,2.0,0.45,0,0,0.0,25.413490628559106,0.026692192894302025,-4.503091922756511,2.4553985101633202,25.17832079631361,0.3844417089509676,5.615152966135809,3.9322415989677735,0.45098071049708666
2025-02-22 07:00:00,7,5,22,28.569099383976,66.34555818455296,0.0,2,45.0,180,2.0,0.45,0,0,0.0,25.459662663065867,0.04617203450676044,0.3464852048702056,3.109436720910132,25.41998390909659,0.03686354470144519,5.142694035052403,6.4425340023780295,0.41303519668727906
2025-02-22 08:00:00,8,5,22,28.3344035108015,63.44897835270247,1.0,2,45.0,180,2.0,0.45,0,0,0.0,25.819428518239597,0.3597658551737304,-2.896579831850488,2.5149749925619034,25.56419393662152,0.22224194683520282,4.580093684474239,26.35709909497511,0.36784997958637167
2025-02-22 09:00:00,9,5,22,32.93596595488415,59.62654102779171,1.0,2,45.0,180,2.0,0.45,0,0,0.0,26.822510690048194,1.0030821718085967,-3.8224373249107586,6.1134552648359595,26.033867290451216,0.7062766288312875,4.6469009009164735,27.613191298859416,0.3732155976058903
2025-02-22 10:00:00,10,5,22,33.13049094629352,65.74369307785707,1.0,2,45.0,180,2.0,0.45,0,0,0.0,27.50988739774502,0.6873767076968242,6.117152050065364,5.620603548548502,26.717275535344267,0.85012859860377,4.413542170424325,35.46330251040816,0.35447340363312824
2025-02-22 11:00:00,11,5,22,33.046148474598546,59.41389977993782,1.0,2,45.0,180,2.0,0.45,0,0,0.0,28.070633516959656,0.5607461192146381,-6.329793297919252,4.9755149576388895,27.46767720158429,0.6251311248525927,4.381597635546864,26.36138644980794,0.3519077800210167
2025-02-22 12:00:00,12,5,22,33.90330215271801,53.05570072809533,1.0,2,45.0,180,2.0,0.45,0,0,0.0,28.987289501743817,0.9166559847841604,-6.35819905184249,4.916012650974196,28.18927013881616,0.745811792786435,4.596502785589114,38.130315411951955,0.36916787566579007
2025-02-22 13:00:00,13,5,22,32.37283346711384,38.515972097013815,1.0,2,45.0,180,2.0,0.45,0,0,0.0,29.77377156105275,0.7864820593089341,-14.539728631081516,2.5990619060610918,28.94389819325207,0.852397737883515,4.881842532462983,38.605097990524804,0.39208492219227
2025-02-22 14:00:00,14,5,22,31.943517982551214,36.54330607073228,1.0,2,45.0,180,2.0,0.45,0,0,0.0,30.50637282540856,0.7326012643558109,-1.9726660262815372,1.437145157142652,29.755811296068373,0.7597009045657138,4.202510515752734,33.60862670833645,0.33752440756211577
2025-02-22 15:00:00,15,5,22,31.87045035012828,34.45680601129066,1.0,2,45.0,180,2.0,0.45,0,0,0.0,31.115509500788324,0.6091366753797622,-2.0865000594416188,0.7549408493399561,30.465217962416546,0.6718150540085661,4.425590719850492,29.38046777310098,0.35544108223662163
2025-02-22 16:00:00,16,5,22,28.469328591977906,38.59008860840387,1.0,2,45.0,180,2.0,0.45,0,0,0.0,31.17193768922615,0.05642818843782749,4.133282597113208,-2.7026090972482457,30.93127333847434,0.3690546973219803,4.635711078368725,25.090151547494493,0.37231688760576137
2025-02-22 17:00:00,17,5,22,29.768883230412005,20.0,1.0,2,45.0,180,2.0,0.45,0,0,0.0,31.495128495872912,0.32319080664676036,-18.590088608403867,-1.726245265460907,31.26085856196246,0.20483612123731743,3.377072463518261,34.89327463889723,0.2712293944942509
2025-02-22 18:00:00,18,5,22,27.46887156740638,31.665251875060786,1.0,2,45.0,180,2.0,0.45,0,0,0.0,31.505868872452897,0.010740376579985167,11.665251875060786,-4.0369973050465155,31.39097835251732,0.18977077766004247,6.900328114679903,21.47155602928666,0.5541994838945408
2025-02-22 19:00:00,19,5,22,26.801025618386177,34.45800493865941,0.0,2,45.0,180,2.0,0.45,0,0,0.0,31.66034648698055,0.15447761452765363,2.792753063598621,-4.859320868594374,31.553781285102115,0.09244428381984769,4.300984811240928,4.163134445464134,0.3454333653434614
2025-02-22 20:00:00,20,5,22,24.585759987416147,31.0805439331538,0.0,2,45.0,180,2.0,0.45,0,0,0.0,31.08127951232721,-0.5790669746533403,-3.3774610055056087,-6.495519524911064,31.415831623920216,0.299849411999083,3.457502819479757,4.670237465757554,0.27768915423647045
2025-02-22 21:00:00,21,5,22,27.297694036293162,30.079559236691722,0.0,2,45.0,180,2.0,0.45,0,0,0.0,30.95493808137316,-0.12634143095404937,-1.0009846964620763,-3.657244045079999,31.23218802689364,0.37613865728215884,6.265453310488038,5.099430807864998,0.5032095479127645
2025-02-22 22:00:00,22,5,22,22.5541685104134,36.27417752379583,0.0,2,45.0,180,2.0,0.45,0,0,0.0,30.499441910780778,-0.455496170592383,6.194618287104106,-7.945273400367377,30.84521983482705,0.3060430016555505,6.793354953233213,7.558121737969925,0.5456079401477731
2025-02-22 23:00:00,23,5,22,22.143573757997164,51.92503497000865,0.0,2,45.0,180,2.0,0.45,0,0,0.0,30.255722639828313,-0.24371927095246448,15.650857446212825,-8.11214888183115,30.570034210660747,0.3549126836640149,5.078340035613516,4.527120339157135,0.4078666086603262
2025-02-23 00:00:00,0,6,23,26.020182474100206,52.54753878072358,0.0,2,45.0,180,2.0,0.45,0,0,0.0,29.93660673364513,-0.31911590618318186,0.6225038107149246,-3.9164242595449252,30.23059042808474,0.2822580029083571,5.211875084299849,4.560327409860774,0.418591468961731
2025-02-23 01:00:00,1,6,23,23.827593268794296,55.11544216483104,0.0,2,45.0,180,2.0,0.45,0,0,0.0,29.678437158350754,-0.258169575294378,2.56790338410746,-5.850843889556458,29.95692217727473,0.289178439235598,5.615717095156227,5.222178803972062,0.4510260184892241
2025-02-23 02:00:00,2,6,23,24.055224095307054,72.16788294656664,0.0,2,45.0,180,2.0,0.45,0,0,0.0,29.54019466345723,-0.13824249489352525,17.052440781735598,-5.484970568150175,29.718412851817703,0.20120679511121797,5.039496899305717,5.020326396510352,0.4047469242428807
2025-02-23 03:00:00,3,6,23,22.823509220374884,69.1034716189598,0.0,2,45.0,180,2.0,0.45,0,0,0.0,29.20104229241837,-0.33915237103885687,-3.064411327606834,-6.377533072043487,29.47322470474212,0.2456424149704517,5.617773113718992,5.644386511743596,0.45119114751025396
2025-02-23 04:00:00,4,6,23,24.69374194045013,70.91802864568571,0.0,2,45.0,180,2.0,0.45,0,0,0.0,28.95548596441684,-0.2455563280015305,1.8145570267259075,-4.26174402396671,29.23224097343081,0.29360021109699463,4.625235472343362,4.9418751955868645,0.37147553986747217
2025-02-23 05:00:00,5,6,23,26.26596533501144,68.29397010409355,0.0,2,45.0,180,2.0,0.45,0,0,0.0,28.842142809397075,-0.11334315501976633,-2.624058541592163,-2.5761774743856343,28.999557022077425,0.18346362942247474,6.471577324806909,4.40899920368854,0.519764387111029
2025-02-23 06:00:00,6,6,23,29.146742282927075,74.60130111065676,0.0,2,45.0,180,2.0,0.45,0,0,0.0,29.034153067920055,0.1920102585229806,6.307331006563217,0.11258921500702002,28.94392728057799,0.09652557808020036,3.4728962017954714,5.615152966135809,0.27892547291479697
2025-02-23 07:00:00,7,6,23,26.0290846369123,69.07140171580289,0.0,2,45.0,180,2.0,0.45,0,0,0.0,28.747423598187883,-0.2867294697321725,-5.529899394853871,-2.718338961275581,28.874573158501672,0.14608984516606072,5.100175487206651,5.142694035052403,0.4096203217885143
2025-02-23 08:00:00,8,6,23,33.78073889905384,52.486591995061225,1.0,2,45.0,180,2.0,0.45,0,0,0.0,29.799463549580437,1.0520399513925547,-16.584809720741667,3.9812753494733997,29.193680071896125,0.543859966884709,4.585771584341354,4.580093684474239,0.3683059998108688
2025-02-23 09:00:00,9,6,23,30.355305601237692,63.01869671707643,1.0,2,45.0,180,2.0,0.45,0,0,0.0,30.312600924144633,0.5131373745641952,10.532104722015205,0.04270467709305947,29.619829357304315,0.7979012142480068,6.272450530261606,4.6469009009164735,0.5037715292450664
2025-02-23 10:00:00,10,6,23,32.230270014047385,52.91691300497239,1.0,2,45.0,180,2.0,0.45,0,0,0.0,30.70408581354778,0.39148488940314863,-10.101783712104037,1.5261842004996033,30.272050095757617,0.4536723899232277,3.487724631501946,4.413542170424325,0.2801164174544938
2025-02-23 11:00:00,11,6,23,32.748965404380726,64.11349212103713,1.0,2,45.0,180,2.0,0.45,0,0,0.0,31.457763676807698,0.7536778632599166,11.196579116064733,1.2912017275730285,30.82481680483337,0.5820493206889481,6.408972814717046,4.381597635546864,0.5147363092276801
2025-02-23 12:00:00,12,6,23,32.27707824519404,47.60546365051722,1.0,2,45.0,180,2.0,0.45,0,0,0.0,31.92261169468951,0.4648480178818133,-16.508028470519903,0.35446655050452947,31.36148706168166,0.6149416400914066,4.667194404841183,4.596502785589114,0.3748454692894642
2025-02-23 13:00:00,13,6,23,30.657317687473935,42.428882179372195,1.0,2,45.0,180,2.0,0.45,0,0,0.0,32.36872053408608,0.44610883939656887,-5.1765814711450275,-1.7114028466121454,31.916365301861095,0.45551055094620163,4.418573417483204,4.881842532462983,0.354877487971878
2025-02-23 14:00:00,14,6,23,33.05480117206258,48.20064107961746,1.0,2,45.0,180,2.0,0.45,0,0,0.0,32.81954590668566,0.45082537259958144,5.771758900245267,0.23525526537692087,32.37029271182041,0.4484691728196835,2.5832919904430396,4.202510515752734,0.20747695820531953
2025-02-23 15:00:00,15,6,23,31.414640265792496,39.62854332964561,1.0,2,45.0,180,2.0,0.45,0,0,0.0,33.327837897999785,0.508291991314124,-8.572097749971853,-1.9131976322072894,32.838701446257176,0.4798455277092425,4.149319229551439,4.425590719850492,0.33325235225249494
2025-02-23 16:00:00,16,6,23,32.75928986434613,29.928932215757854,1.0,2,45.0,180,2.0,0.45,0,0,0.0,33.80969866872403,0.4818607707242464,-9.699611113887755,-1.050408804377902,33.31902749113649,0.49513517396266227,4.696612083876926,4.635711078368725,0.3772081486096403
2025-02-23 17:00:00,17,6,23,29.113343725627182,31.86164966919934,1.0,2,45.0,180,2.0,0.45,0,0,0.0,34.10248242874813,0.29278376002410056,1.9327174534414873,-4.98913870312095,33.746672998490645,0.391149221635444,3.5793052776127934,3.377072463518261,0.287471712154377
2025-02-23 18:00:00,18,6,23,31.088893669556462,37.86547722512624,1.0,2,45.0,180,2.0,0.45,0,0,0.0,34.4466909558532,0.3442085271050672,6.0038275559269,-3.357797286296737,34.119624017775116,0.3188419185449803,5.730722675112034,6.900328114679903,0.46026268549943583
2025-02-23 19:00:00,19,6,23,25.866814409540552,20.0,0.0,2,45.0,180,2.0,0.45,0,0,0.0,34.02616165469452,-0.42052930115868037,-17.86547722512624,-8.159347245153967,34.191778346431946,0.22403469367410891,6.8703143774655295,4.300984811240928,0.5517889321935912
2025-02-23 20:00:00,20,6,23,27.607771516490086,29.952403547206007,0.0,2,45.0,180,2.0,0.45,0,0,0.0,33.50027143616572,-0.5258902185288008,9.952403547206007,-5.8924999196756325,33.991041348904474,0.47418620152912044,5.157421124035928,3.457502819479757,0.4142180020522261
2025-02-23 21:00:00,21,6,23,23.85490534719905,39.58319951423491,0.0,2,45.0,180,2.0,0.45,0,0,0.0,33.07335990379658,-0.4269115323691395,9.630795967028906,-9.218454556597528,33.53326433155227,0.4772569459821372,4.434392814764361,6.265453310488038,0.356148022019395
2025-02-23 22:00:00,22,6,23,22.594404585668723,26.208809936459932,0.0,2,45.0,180,2.0,0.45,0,0,0.0,32.47574513865437,-0.597614765142211,-13.37438957777498,-9.881340552985645,33.01645882620556,0.5146278587936218,5.056588182143733,6.793354953233213,0.406119609710949
2025-02-23 23:00:00,23,6,23,25.047060953229927,46.53661361377635,0.0,2,45.0,180,2.0,0.45,0,0,0.0,31.98307894770934,-0.4926661909450267,20.32780367731642,-6.936017994479414,32.5107279967201,0.5459816764971367,5.505153285608335,5.078340035613516,0.4421460920320315
2025-02-24 00:00:00,0,0,24,22.822334646941467,53.175309057576754,0.0,2,45.0,180,2.0,0.45,0,0,0.0,31.56848451545757,-0.4145944322517714,6.638695443800401,-8.746149868516103,32.00910286727376,0.45418982033192207,5.376438204920315,5.211875084299849,0.43180834720291417
2025-02-24 01:00:00,1,0,24,22.699053795154143,57.7099622330352,0.0,2,45.0,180,2.0,0.45,0,0,0.0,31.18478355913389,-0.38370095632367907,4.534653175458445,-8.485729763979748,31.57878234076693,0.39924731152500836,3.0828937288909026,5.615717095156227,0.2476024451385543
2025-02-24 02:00:00,2,0,24,24.666358385452945,62.699919401211574,0.0,2,45.0,180,2.0,0.45,0,0,0.0,31.1660769745725,-0.018706584561389406,4.989957168176375,-6.499718589119556,31.306448349721318,0.22712265010775112,6.125985376859814,5.039496899305717,0.49200818827420395
2025-02-24 03:00:00,3,0,24,25.676315983885793,66.35078578603361,0.0,2,45.0,180,2.0,0.45,0,0,0.0,31.310831042497178,0.14475406792467638,3.650866384822038,-5.634515058611385,31.220563858734522,0.07873123538331213,4.170960454859365,5.617773113718992,0.3349904661069626
2025-02-24 04:00:00,4,0,24,24.778876941489468,65.52051422730855,0.0,2,45.0,180,2.0,0.45,0,0,0.0,31.51241425794239,0.2015832154452113,-0.8302715587250589,-6.733537316452921,31.329774091670686,0.17394397890459926,4.0656244171361,4.625235472343362,0.3265304078645818
2025-02-24 05:00:00,5,0,24,28.32100417161958,69.1750705588453,0.0,2,45.0,180,2.0,0.45,0,0,0.0,31.032096940108943,-0.4803173178334461,3.654556331536753,-2.7110927684893618,31.285114080182836,0.24118914375620237,5.463406613406572,6.471577324806909,0.4387932102843778
2025-02-24 06:00:00,6,0,24,29.368430052754224,75.13073585559724,0.0,2,45.0,180,2.0,0.45,0,0,0.0,31.052270021459886,0.020173081350943534,5.955665296751931,-1.6838399687056622,31.198927073170406,0.2716751728906405,4.561705202012782,3.4728962017954714,0.36637310959984704
2025-02-24 07:00:00,7,0,24,29.78381628240584,71.07722099017953,0.0,2,45.0,180,2.0,0.45,0,0,0.0,30.918423243626584,-0.1338467778333019,-4.053514865417711,-1.1346069612207437,31.00093006839847,0.07216141907846695,3.1161794240102108,5.100175487206651,0.25027578396384104
2025-02-24 08:00:00,8,0,24,30.541848493443375,67.4241084886256,0.3,2,45.0,180,2.0,0.45,2,1,1.0,27.688345903870754,-3.2300773397558302,-3.6531125015539203,2.8535025895726207,29.886346389652406,1.9047003285573716,28.14082741199345,4.585771584341354,2.2601290502278637
2025-02-24 09:00:00,9,0,24,31.47780127293276,59.99588412757442,0.3,2,45.0,180,2.0,0.45,4,1,2.0,26.612039961020216,-1.0763059428505386,-7.4282243610511856,4.865761311912543,28.406269702839182,2.241159338383161,32.3901571866515,6.272450530261606,2.6014137440677363
2025-02-24 10:00:00,10,0,24,28.99850877401573,68.81960685400051,0.3,2,45.0,180,2.0,0.45,1,1,3.0,25.18040717058726,-1.4316327904329569,8.823722726426091,3.8181016034284703,26.493597678492744,1.2581576225552473,24.87921410296592,3.487724631501946,1.998172751558366
2025-02-24 11:00:00,11,0,24,30.666175535113844,57.18260326723226,0.3,2,45.0,180,2.0,0.45,2,1,4.0,24.883552903887907,-0.2968542666993521,-11.637003586768252,5.782622631225937,25.558666678498458,0.9242440522733358,27.502362627110507,6.408972814717046,2.208850785138671
2025-02-24 12:00:00,12,0,24,33.75986161519175,51.959969663152066,0.3,2,45.0,180,2.0,0.45,3,1,4.0,24.70674192486352,-0.17681097902438836,-5.222633604080194,9.053119690328234,24.923567333112896,0.2393544592472281,34.185014083625944,4.667194404841183,2.7455675798616648
2025-02-24 13:00:00,13,0,24,32.75610901344479,49.29324317812369,0.3,2,45.0,180,2.0,0.45,3,1,4.0,24.540240645515645,-0.16650127934787307,-2.666726485028377,8.215868367929147,24.710178491422354,0.17168192735317997,32.028024377123515,4.418573417483204,2.572329066816704
2025-02-24 14:00:00,14,0,24,34.762730921164945,33.487671818195736,0.3,2,45.0,180,2.0,0.45,5,1,4.0,25.03769398390458,0.497453338388933,-15.805571359927953,9.725036937260366,24.76155885142791,0.2532165625453831,37.31989356961132,2.5832919904430396,2.997345258304028
2025-02-24 15:00:00,15,0,24,32.50057382011054,39.90322131873393,0.3,2,45.0,180,2.0,0.45,1,1,4.0,24.49310902158773,-0.544584962316847,6.415549500538191,8.007464798522808,24.690347883669315,0.3017322198659855,28.85946847567262,4.149319229551439,2.317846668865321
2025-02-24 16:00:00,16,0,24,29.3800109853128,30.833959096297722,0.3,2,45.0,180,2.0,0.45,1,1,4.0,24.228610734710742,-0.2644982868769894,-9.069262222436205,5.151400250602059,24.586471246734348,0.4125424885330147,25.172405592391588,4.696612083876926,2.02172041036843
2025-02-24 17:00:00,17,0,24,31.331343796479672,33.58702709061579,0.3,2,45.0,180,2.0,0.45,3,1,4.0,24.262159396277855,0.03354866156711367,2.7530679943180694,7.0691844002018165,24.32795971752544,0.14400381122624292,30.677765300211657,3.5793052776127934,2.4638830811893695
2025-02-24 18:00:00,18,0,24,27.023986383395943,26.643560761341288,0.3,2,45.0,180,2.0,0.45,2,1,4.0,23.908582336649644,-0.3535770596282113,-6.943466329274504,3.115404046746299,24.133117489212747,0.19517531664094628,23.12193163967419,5.730722675112034,1.8570367043983271
2025-02-24 19:00:00,19,0,24,27.73571426500883,33.25978558754374,0.0,2,45.0,180,2.0,0.45,0,0,3.0,23.910122069893664,0.0015397332440194589,6.616224826202451,3.825592195115167,24.026954600940385,0.20369478271958144,4.051445461526348,6.8703143774655295,0.32539162580226644
2025-02-24 20:00:00,20,0,24,24.804021914003375,27.68704127888125,0.0,2,45.0,180,2.0,0.45,0,0,2.0,24.031764003958095,0.12164193406443147,-5.5727443086624895,0.7722579100452798,23.950156136833797,0.07067867908574559,5.03545589255238,5.157421124035928,0.4044223710013691
2025-02-24 21:00:00,21,0,24,27.633021933338654,32.32169977874319,0.0,2,45.0,180,2.0,0.45,0,0,1.0,24.621908267517046,0.5901442635589511,4.6346584998619385,3.0111136658216076,24.187931447122935,0.3807244417036108,5.221122368470861,4.434392814764361,0.4193341640959085
2025-02-24 22:00:00,22,0,24,22.460298844586937,38.967205672277125,0.0,2,45.0,180,2.0,0.45,0,0,0.0,24.919886607103347,0.29797833958630093,6.645505893533937,-2.45958776251641,24.524519626192827,0.45199983423543283,5.240074937709733,5.056588182143733,0.4208563386818261
2025-02-24 23:00:00,23,0,24,22.351869027103845,42.205784789556596,0.0,2,45.0,180,2.0,0.45,0,0,0.0,24.740060275613747,-0.17982633148960048,3.238579117279471,-2.3881912485099015,24.760618383411373,0.15004915715546188,4.069532102854593,5.505153285608335,0.32684425343430246
2025-02-25 00:00:00,0,1,25,24.305635485662766,52.99104125870285,0.0,2,45.0,180,2.0,0.45,0,0,0.0,24.9008034826794,0.1607432070656536,10.785256469146255,-0.5951679970166346,24.853583455132163,0.0987758858511018,6.027160945848674,5.376438204920315,0.48407110937703823
2025-02-25 01:00:00,1,1,25,21.032041662432373,48.48163596111968,0.0,2,45.0,180,2.0,0.45,0,0,0.0,25.003795123102783,0.10299164042338305,-4.5094052975831715,-3.97175346067041,24.881552960465303,0.13291709596360748,3.413947598060835,3.0828937288909026,0.2741910189550587
2025-02-25 02:00:00,2,1,25,22.303559240562826,54.556190962238446,0.0,2,45.0,180,2.0,0.45,0,0,0.0,24.977165297795732,-0.026629825307050936,6.0745550011187674,-2.673606057232906,24.9605879678593,0.053459567903090636,5.382132743717457,6.125985376859814,0.4322657037821875
2025-02-25 03:00:00,3,1,25,23.461137159051063,62.906541713121584,0.0,2,45.0,180,2.0,0.45,0,0,0.0,24.770592070311707,-0.20657322748402507,8.350350750883138,-1.3094549112606444,24.91718416373674,0.127648808416947,4.656597662331475,4.170960454859365,0.3739943924809064
2025-02-25 04:00:00,4,1,25,26.849537777587024,72.57307680256069,0.0,2,45.0,180,2.0,0.45,0,0,0.0,24.986734137565147,0.21614206725343976,9.666535089439108,1.8628036400218768,24.911497168557528,0.12212115176179252,4.869931498151706,4.0656244171361,0.3911282881078825
2025-02-25 05:00:00,5,1,25,28.05748786404499,69.27237501100068,0.0,2,45.0,180,2.0,0.45,0,0,0.0,25.286520597493684,0.29978645992853714,-3.300701791560016,2.770967266551306,25.014615601790172,0.2590918627162629,5.441761871600771,5.463406613406572,0.4370548140025711
2025-02-25 06:00:00,6,1,25,28.012939329167324,72.33048125989477,0.0,2,45.0,180,2.0,0.45,0,0,0.0,25.615628440209743,0.3291078427160592,3.0581062488940916,2.3973108889575805,25.296294391756188,0.3145610533197954,4.047157480429532,4.561705202012782,0.32504723682955233
2025-02-25 07:00:00,7,1,25,30.570048950882452,70.33963440504152,0.0,2,45.0,180,2.0,0.45,0,0,0.0,25.6666559762075,0.05102753599775767,-1.9908468548532454,4.903392974674951,25.522935004636974,0.20632445634586669,3.228472198594706,3.1161794240102108,0.25929457215558205
2025-02-25 08:00:00,8,1,25,29.157273432587086,63.52833716581838,1.0,2,45.0,180,2.0,0.45,4,1,1.0,25.711809327342927,0.04515335113542562,-6.811297239223144,3.4454641052441595,25.66469791458672,0.048120331115259755,30.03189521401949,28.14082741199345,2.412010059721139
2025-02-25 09:00:00,9,1,25,31.643429916020416,66.8083362045085,1.0,2,45.0,180,2.0,0.45,1,1,2.0,25.03690923597388,-0.6749000913690466,3.2799990386901285,6.606520680046536,25.471791513174765,0.377295179597482,28.960800296795583,32.3901571866515,2.3259851286653657
2025-02-25 10:00:00,10,1,25,31.317324649014527,62.40400602336402,1.0,2,45.0,180,2.0,0.45,5,1,3.0,25.585836160051375,0.5489269240774952,-4.404330181144488,5.731488488963151,25.444851574456056,0.35885933645975093,34.02762336175139,24.87921410296592,2.7329267524425886
2025-02-25 11:00:00,11,1,25,33.3087515571446,56.186681271336425,1.0,2,45.0,180,2.0,0.45,2,1,4.0,25.24581627441783,-0.340019885633545,-6.217324752027594,8.062935282726773,25.289520556814356,0.27706089622929453,33.41692186078926,27.502362627110507,2.683878294018299
2025-02-25 12:00:00,12,1,25,33.82986896220376,59.363150893842956,1.0,2,45.0,180,2.0,0.45,4,1,4.0,25.78377603973808,0.5379597653202488,3.1764696225065308,8.046092922465682,25.53847615806909,0.27208896452613884,35.08925984806699,34.185014083625944,2.818192030125259
2025-02-25 13:00:00,13,1,25,33.18304104501818,39.05372405714082,1.0,2,45.0,180,2.0,0.45,2,1,4.0,25.23034449856178,-0.5534315411762982,-20.309426836702137,7.952696546456398,25.419978937572562,0.31515249105835974,30.31113508852433,32.028024377123515,2.434437195324174
2025-02-25 14:00:00,14,1,25,33.46083317358648,36.14803717688211,1.0,2,45.0,180,2.0,0.45,3,1,4.0,25.358519345329523,0.1281748467677417,-2.905686880258706,8.102313828256957,25.457546627876457,0.2897005690517367,33.54644450615301,37.31989356961132,2.694280898361205
2025-02-25 15:00:00,15,1,25,30.365045124270402,26.24602948718689,1.0,2,45.0,180,2.0,0.45,5,1,4.0,25.45907427821684,0.10055493288731654,-9.902007689695221,4.905970846053563,25.34931270736938,0.1146424862884468,32.847781027855746,28.85946847567262,2.6381677784264337
2025-02-25 16:00:00,16,1,25,32.98795794546475,42.5902216150009,1.0,2,45.0,180,2.0,0.45,2,1,4.0,25.067308361113245,-0.3917659171035943,16.344192127814008,7.920649584351505,25.294967328219865,0.20346812431010544,31.122265095854214,25.172405592391588,2.4995830585299053
2025-02-25 17:00:00,17,1,25,28.042584196280423,30.78399440836305,1.0,2,45.0,180,2.0,0.45,5,1,4.0,25.448215191525435,0.3809068304121901,-11.80622720663785,2.594369004754988,25.324865943618505,0.22311748288882702,29.18061689064421,30.677765300211657,2.3436396866570646
2025-02-25 18:00:00,18,1,25,27.960344943610906,29.87294146375963,1.0,2,45.0,180,2.0,0.45,4,1,4.0,25.57217440831373,0.1239592167882968,-0.9110529446034192,2.3881705352971743,25.362565986984137,0.26310505712189336,28.788072586917245,23.12193163967419,2.3121125118741133
2025-02-25 19:00:00,19,1,25,28.077782733903494,27.85986814662373,0.0,2,45.0,180,2.0,0.45,0,0,3.0,25.52080977768527,-0.05136463062846275,-2.013073317135902,2.5569729562182246,25.51373312584148,0.06228186821147654,3.7634218053713924,4.051445461526348,0.3022590212452584
2025-02-25 20:00:00,20,1,25,24.63683498744272,33.99771957090225,0.0,2,45.0,180,2.0,0.45,0,0,2.0,25.148987257123334,-0.37182252056193477,6.137851424278519,-0.5121522696806124,25.413990481040774,0.23093205242043321,4.325468291160033,5.03545589255238,0.34739975472518425
2025-02-25 21:00:00,21,1,25,22.973705252303667,38.233777180593265,0.0,2,45.0,180,2.0,0.45,0,0,1.0,25.14993914168068,0.000951884557345295,4.2360576096910165,-2.176233889377013,25.27324539216309,0.21439757520905287,3.4401278112284492,5.221122368470861,0.27629368137699106
2025-02-25 22:00:00,22,1,25,21.90907819999883,43.59338137808411,0.0,2,45.0,180,2.0,0.45,0,0,0.0,24.774186248735862,-0.37575289294481706,5.359604197490846,-2.8651080487370315,25.024370882513292,0.21666677122960032,3.5298257809635745,5.240074937709733,0.2834977690243363
2025-02-25 23:00:00,23,1,25,22.241263397432785,46.25155225561313,0.0,2,45.0,180,2.0,0.45,0,0,0.0,24.404367655109734,-0.36981859362612823,2.6581708775290167,-2.163104257676949,24.776164348508757,0.37278967938529683,5.1605570147540405,4.069532102854593,0.41446986094772276
2025-02-26 00:00:00,0,2,26,24.18288329974668,45.6065912296466,0.0,2,45.0,180,2.0,0.45,0,0,0.0,24.461316733260425,0.056949078150690724,-0.6449610259665306,-0.2784334335137437,24.546623545702005,0.19912153885221778,6.857984891137462,6.027160945848674,0.5507986901578301
2025-02-26 01:00:00,1,2,26,22.655280722749556,59.77446744213859,0.0,2,45.0,180,2.0,0.45,0,0,0.0,24.046028176252143,-0.4152885570082816,14.16787621249199,-1.3907474535025877,24.30390418820743,0.22513513171494304,5.066888501111512,3.413947598060835,0.40694687927857265
2025-02-26 02:00:00,2,2,26,21.864432814940326,66.18586509255016,0.0,2,45.0,180,2.0,0.45,0,0,0.0,23.89505623609302,-0.15097194015912407,6.411397650411573,-2.0306234211526935,24.13413371520186,0.2932314395807018,3.6993441541709577,5.382132743717457,0.2971126281123135
2025-02-26 03:00:00,3,2,26,26.84033698584856,58.89205074159473,0.0,2,45.0,180,2.0,0.45,0,0,0.0,24.02896953284749,0.1339132967544714,-7.293814350955429,2.8113674530010684,23.990017981730883,0.08268040384479652,6.311080388357361,4.656597662331475,0.5068740842343055
2025-02-26 04:00:00,4,2,26,27.36344278136943,63.08953169714893,0.0,2,45.0,180,2.0,0.45,0,0,0.0,24.20271537276926,0.17374583992176795,4.197480955554198,3.16072740860017,24.042247047236586,0.1542587287210935,4.344754475225967,4.869931498151706,0.3489487235681146
2025-02-26 05:00:00,5,2,26,27.740579965417783,72.93135652910769,0.0,2,45.0,180,2.0,0.45,0,0,0.0,24.380796907219786,0.1780815344505271,9.84182483195876,3.3597830581979977,24.204160604278844,0.17591813965676098,5.680198149561463,5.441761871600771,0.45620481092901155
2025-02-26 06:00:00,6,2,26,31.05797300386455,69.70676872396832,0.0,2,45.0,180,2.0,0.45,0,0,0.0,24.39436490841964,0.013568001199853796,-3.2245878051393646,6.663608095444911,24.325959062802895,0.1069475479580835,3.4378590154638005,4.047157480429532,0.2761114631663591
2025-02-26 07:00:00,7,2,26,30.662447894803115,74.27660405800192,0.0,2,45.0,180,2.0,0.45,0,0,0.0,25.184557708044018,0.7901927996243785,4.569835334033598,5.4778901867590974,24.653239841227812,0.46018477741336605,6.689363708347862,3.228472198594706,0.5372558888703266
2025-02-26 08:00:00,8,2,26,29.488233972738517,70.917249706729,0.3,2,45.0,180,2.0,0.45,5,1,1.0,25.11202669462263,-0.07253101342138635,-3.359354351272927,4.376207278115885,24.89698310369543,0.4367882492054332,31.638175613920808,30.03189521401949,2.541018384226955
2025-02-26 09:00:00,9,2,26,29.43344400439773,65.2777258231127,0.3,2,45.0,180,2.0,0.45,5,1,2.0,25.27999340431599,0.16796670969335992,-5.639523883616292,4.15345060008174,25.192192602327548,0.08424323474067846,29.81379501562093,28.960800296795583,2.394493353938318
2025-02-26 10:00:00,10,2,26,32.85353182407496,59.158526688221265,0.3,2,45.0,180,2.0,0.45,1,1,3.0,24.673499081837022,-0.6064943224789694,-6.1191991348914385,8.180032742237941,25.02183972692521,0.3131439088612227,30.37896093053851,34.02762336175139,2.4398846242020857
2025-02-26 11:00:00,11,2,26,32.14673839538093,53.94493448456976,0.3,2,45.0,180,2.0,0.45,5,1,4.0,25.211596497848106,0.5380974160110839,-5.213592203651508,6.935141897532823,25.055029661333705,0.3321802545639009,35.37208877644105,33.41692186078926,2.8409074203980627
2025-02-26 12:00:00,12,2,26,36.28209156719851,45.71849584305894,0.3,2,45.0,180,2.0,0.45,4,1,4.0,25.211084122401708,-0.000512375446398039,-8.226438641510818,11.071007444796805,25.03205990069561,0.3105228836137435,37.42683136250543,35.08925984806699,3.0059339614273854
2025-02-26 13:00:00,13,2,26,30.93289681134303,49.81473604156369,0.3,2,45.0,180,2.0,0.45,3,1,4.0,25.059424912071933,-0.15165921032977536,4.096240198504752,5.873471899271099,25.160701844107248,0.08770877011021042,30.461939651917387,30.31113508852433,2.4465490557766607
2025-02-26 14:00:00,14,2,26,34.77098472373967,44.67752056477201,0.3,2,45.0,180,2.0,0.45,3,1,4.0,25.132729641203067,0.0733047291311344,-5.137215476791681,9.638255082536606,25.134412891892236,0.0758436155477683,34.41638663407026,33.54644450615301,2.7641502538899925
2025-02-26 15:00:00,15,2,26,34.75182051012889,34.02273985610285,0.3,2,45.0,180,2.0,0.45,2,1,4.0,24.768271234068685,-0.36445840713438216,-10.654780708669158,9.983549276060202,24.986808595781227,0.19277533472074984,32.7808899139566,32.847781027855746,2.6327954221871455
2025-02-26 16:00:00,16,2,26,31.297044014417228,25.890805231411974,0.3,2,45.0,180,2.0,0.45,5,1,4.0,24.599490042193345,-0.1687811918753397,-8.131934624690878,6.697553972223883,24.833496972488362,0.27253791516512976,32.335297661377986,31.122265095854214,2.5970077042261526
2025-02-26 17:00:00,17,2,26,28.449623309068976,28.506327339031692,0.3,2,45.0,180,2.0,0.45,3,1,4.0,24.28604237219564,-0.31344766999770357,2.615522107619718,4.163580936873334,24.551267882819218,0.24470431401414763,27.032470134812723,29.18061689064421,2.171111394722824
2025-02-26 18:00:00,18,2,26,27.56402138050145,32.217013248961536,0.3,2,45.0,180,2.0,0.45,1,1,4.0,23.67892960303353,-0.6071127691621108,3.7106859099298433,3.8850917774679203,24.188154005807505,0.46802187955523755,23.59328149269003,28.788072586917245,1.8948931426623883
2025-02-26 19:00:00,19,2,26,24.789171800194502,33.52245301726536,0.0,2,45.0,180,2.0,0.45,0,0,3.0,23.844630121640776,0.16570051860724533,1.3054397683038275,0.9445416785537262,23.93653403228998,0.31381718438397543,4.020286012758739,3.7634218053713924,0.322889056339126
2025-02-26 20:00:00,20,2,26,23.74691193092788,37.66651581546876,0.0,2,45.0,180,2.0,0.45,0,0,2.0,23.53856116886186,-0.3060689527789151,4.1440627982034,0.20835076206601855,23.68737363117872,0.15320909624626886,6.7306149970770495,4.325468291160033,0.5405689839208452
2025-02-26 21:00:00,21,2,26,26.000020417987816,33.31574503810373,0.0,2,45.0,180,2.0,0.45,0,0,1.0,23.87312107740945,0.33455990854758966,-4.350770777365035,2.1268993405783654,23.75210412263736,0.1854814774332993,5.579737362989159,3.4401278112284492,0.44813630822236994
2025-02-26 22:00:00,22,2,26,24.301420540603257,39.827876119112744,0.0,2,45.0,180,2.0,0.45,0,0,0.0,23.999734677820395,0.12661360041094483,6.5121310810090165,0.30168586278286114,23.803805641363898,0.23827237271078852,4.4954761277960475,3.5298257809635745,0.36105392504228334
2025-02-26 23:00:00,23,2,26,24.5920509069966,44.20645113518784,0.0,2,45.0,180,2.0,0.45,0,0,0.0,23.681790401319937,-0.31794427650045876,4.3785750160750965,0.9102605056766642,23.851548718849926,0.16006612924201455,3.867789085892337,5.1605570147540405,0.31064127380468864
2025-02-27 00:00:00,0,3,27,24.023904993135996,56.87448202746688,0.0,2,45.0,180,2.0,0.45,0,0,0.0,23.700906938341245,0.019116537021307778,12.668030892279042,0.32299805479475197,23.79414400582719,0.17830312337475684,3.9644690407511805,6.857984891137462,0.318406119214247
2025-02-27 01:00:00,1,3,27,25.248389642735013,59.06712305987968,0.0,2,45.0,180,2.0,0.45,0,0,0.0,23.758048316774982,0.057141378433737344,2.1926410324127943,1.4903413259600313,23.713581885478717,0.03967755198352353,6.044860788490335,5.066888501111512,0.4854926712932252
2025-02-27 02:00:00,2,3,27,22.961256889865425,50.4417189614212,0.0,2,45.0,180,2.0,0.45,0,0,0.0,23.883049420607687,0.12500110383270524,-8.625404098458475,-0.9217925307422625,23.780668225241303,0.09315425999987333,5.282371538510074,3.6993441541709577,0.42425338791549577
2025-02-27 03:00:00,3,3,27,25.33990246390926,63.066261133178045,0.0,2,45.0,180,2.0,0.45,0,0,0.0,23.841699241004026,-0.041350179603661275,12.624542171756843,1.4982032229052358,23.82759899279556,0.06368227178587985,3.983059916485324,6.311080388357361,0.31989924440565504
2025-02-27 04:00:00,4,3,27,28.418863190503636,65.19194919217828,0.0,2,45.0,180,2.0,0.45,0,0,0.0,24.124559081162708,0.2828598401586824,2.1256880590002396,4.294304109340928,23.949769247591473,0.15277785761852997,5.517076458001515,4.344754475225967,0.4431037009858185
2025-02-27 05:00:00,5,3,27,27.847974291715403,68.22813891485882,0.0,2,45.0,180,2.0,0.45,0,0,0.0,24.51733610037397,0.3927770192112625,3.0361897226805326,3.330638191341432,24.161198140846896,0.33930532998468177,5.729521650675219,5.680198149561463,0.4601662252859553
2025-02-27 06:00:00,6,3,27,30.4889800565432,71.59960317579934,0.0,2,45.0,180,2.0,0.45,0,0,0.0,24.54580701605281,0.028470915678838082,3.3714642609405274,5.9431730404903895,24.395900732529828,0.2354195554433571,5.4309240736481685,3.4378590154638005,0.4361843768389952
2025-02-27 07:00:00,7,3,27,29.882341536386598,72.09628886679889,0.0,2,45.0,180,2.0,0.45,0,0,0.0,24.95092509305601,0.4051180770032019,0.4966856909995414,4.931416443330587,24.671356069827596,0.24253201298348362,5.568846920405255,6.689363708347862,0.4472616429080434
2025-02-27 08:00:00,8,3,27,31.14793277032125,70.29799487513618,1.0,2,45.0,180,2.0,0.45,5,1,1.0,25.676566961660164,0.7256418686041535,-1.7982939916627032,5.471365808661087,25.057766356922993,0.5729012178344894,34.45777197181636,31.638175613920808,2.7674741150801436
2025-02-27 09:00:00,9,3,27,31.909930613240675,62.78121051550393,1.0,2,45.0,180,2.0,0.45,4,1,2.0,25.753828681599185,0.07726171993902042,-7.516784359632254,6.156101931641491,25.460440245438452,0.4429408665077882,33.72423869475818,29.81379501562093,2.708560429120737
2025-02-27 10:00:00,10,3,27,33.12837515223938,57.81724640957344,1.0,2,45.0,180,2.0,0.45,1,1,3.0,25.329872959618342,-0.4239557219808425,-4.963964105930486,7.7985021926210365,25.58675620095923,0.22579657460540828,31.47004465285635,30.37896093053851,2.5275149550711173
2025-02-27 11:00:00,11,3,27,32.98585334258098,53.089655776975405,1.0,2,45.0,180,2.0,0.45,4,1,4.0,25.75791563486849,0.42804267525014694,-4.727590632598037,7.227937707712492,25.613872425362004,0.24595924094038496,33.792420758345195,35.37208877644105,2.71403646791524
2025-02-27 12:00:00,12,3,27,34.17927264098811,46.897555283808,1.0,2,45.0,180,2.0,0.45,3,1,4.0,25.623689393116184,-0.13422624175230524,-6.192100493167402,8.555583247871926,25.570492662534335,0.21892362153837083,34.28402379418087,37.42683136250543,2.753519539475491
2025-02-27 13:00:00,13,3,27,34.622545289537214,45.14406141729393,1.0,2,45.0,180,2.0,0.45,5,1,4.0,26.431862705133096,0.8081733120169119,-1.75349386651407,8.190682584404119,25.93782257770592,0.4330830250946222,37.9259236107249,30.461939651917387,3.046018528680145
2025-02-27 14:00:00,14,3,27,32.86717300358817,46.2119832701962,1.0,2,45.0,180,2.0,0.45,4,1,4.0,26.26145363383992,-0.17040907129317517,1.0679218529022663,6.60571936974825,26.105668577363065,0.4260138066194419,35.42888492633548,34.41638663407026,2.845469000142615
2025-02-27 15:00:00,15,3,27,33.17682447426522,31.573982547493966,1.0,2,45.0,180,2.0,0.45,1,1,4.0,25.725818399763575,-0.5356352340763451,-14.638000722702234,7.451006074501642,26.13971157957886,0.36842975737326755,29.289006094575395,32.7808899139566,2.352344959780325
2025-02-27 16:00:00,16,3,27,29.485380828252463,37.37737718706297,1.0,2,45.0,180,2.0,0.45,1,1,4.0,25.369502091652375,-0.3563163081112002,5.803394639569003,4.115878736600088,25.78559137508529,0.4489699264282403,25.889928025494424,32.335297661377986,2.07934818625091
2025-02-27 17:00:00,17,3,27,32.79633076544695,33.03694094355568,1.0,2,45.0,180,2.0,0.45,5,1,4.0,25.77787311673362,0.40837102508124445,-4.340436243507291,7.018457648713333,25.624397869383188,0.22227531693521924,34.44358654757605,27.032470134812723,2.76633481349011
2025-02-27 18:00:00,18,3,27,27.29833426419179,27.63448998292434,1.0,2,45.0,180,2.0,0.45,3,1,4.0,25.099927332911143,-0.6779457838224765,-5.402450960631338,2.1984069312806476,25.41576751376571,0.34133266531841144,25.082777307609664,23.59328149269003,2.0145219194643786
2025-02-27 19:00:00,19,3,27,29.31704517440096,29.03948927277838,0.0,2,45.0,180,2.0,0.45,0,0,3.0,25.15010460030577,0.05017726739462702,1.4049992898540395,4.1669405740951895,25.342635016650174,0.37776129018759247,5.839159862926893,4.020286012758739,0.4689718124457503
2025-02-27 20:00:00,20,3,27,23.346448280326182,30.87636102168794,0.0,2,45.0,180,2.0,0.45,0,0,2.0,24.84068813697647,-0.30941646332929906,1.8368717489095623,-1.4942398566502888,25.030240023397795,0.16606287295913694,3.2932973893926674,6.7306149970770495,0.2645010038913665
2025-02-27 21:00:00,21,3,27,25.22595958689295,33.311252919662394,0.0,2,45.0,180,2.0,0.45,0,0,1.0,24.480046448356255,-0.36064168862021617,2.4348918979744525,0.7459131385366966,24.823613061879495,0.33535525997205,5.727281143524468,5.579737362989159,0.4599862790738373
2025-02-27 22:00:00,22,3,27,23.845872013202307,47.93677949447341,0.0,2,45.0,180,2.0,0.45,0,0,0.0,24.361339679958913,-0.11870676839734173,14.625526574811019,-0.5154676667566065,24.560691421763877,0.24964263380576177,4.181025963772004,4.4954761277960475,0.3357988769175519
2025-02-27 23:00:00,23,3,27,24.031890996693722,45.269610864172826,0.0,2,45.0,180,2.0,0.45,0,0,0.0,24.308228643251525,-0.05311103670738859,-2.667168630300587,-0.2763376465578027,24.383204923855562,0.08797105322785706,4.94904251771965,3.867789085892337,0.39748208541813684
2025-02-28 00:00:00,0,4,28,25.566266252351724,53.61791668446546,0.0,2,45.0,180,2.0,0.45,0,0,0.0,24.319430335903164,0.01120169265163895,8.348305820292637,1.2468359164485605,24.32966621970453,0.027995991556016696,4.262302343602546,3.9644690407511805,0.3423265850216168
2025-02-28 01:00:00,1,4,28,26.12440519508207,56.08211603953091,0.0,2,45.0,180,2.0,0.45,0,0,0.0,24.471534003996513,0.15210366809334985,2.464199355065446,1.6528711910855556,24.3663976610504,0.0912228449232979,4.420164044162777,6.044860788490335,0.35500523906867193
2025-02-28 02:00:00,2,4,28,24.999556743978196,68.07477835066119,0.0,2,45.0,180,2.0,0.45,0,0,0.0,24.646418174896247,0.17488417089973396,11.992662311130282,0.35313856908194907,24.47912750493197,0.1636261215544455,4.247113769814131,5.282371538510074,0.3411067155292189
2025-02-28 03:00:00,3,4,28,25.27648091439213,57.36546243291263,0.0,2,45.0,180,2.0,0.45,0,0,0.0,24.574700767350663,-0.07171740754558442,-10.709315917748562,0.7017801470414682,24.564217648747803,0.08791211600122961,3.469859716999967,3.983059916485324,0.27868159780066404
2025-02-28 04:00:00,4,4,28,25.853423214846252,63.368943835945544,0.0,2,45.0,180,2.0,0.45,0,0,0.0,24.89004634707724,0.3153455797265785,6.003481403032914,0.9633768677690107,24.70372176310805,0.16529816871334632,4.130482740270882,5.517076458001515,0.331739500622228
2025-02-28 05:00:00,5,4,28,24.200926998943654,71.25592298644719,0.0,2,45.0,180,2.0,0.45,0,0,0.0,25.23157302973969,0.34152668266244746,7.886979150501645,-1.030646030796035,24.898773381389194,0.3285230785198672,4.957542659830166,5.729521650675219,0.39816477387764015
2025-02-28 06:00:00,6,4,28,28.579993600788136,61.86806249067922,0.0,2,45.0,180,2.0,0.45,0,0,0.0,25.208837841539022,-0.022735188200666556,-9.387860495767967,3.3711557592491133,25.110152406118647,0.19095609473361053,5.662264566894631,5.4309240736481685,0.4547644761951901
2025-02-28 07:00:00,7,4,28,29.195088480555448,66.32346882942562,0.0,2,45.0,180,2.0,0.45,0,0,0.0,25.446010993432214,0.23717315189319166,4.4554063387464,3.749077487123234,25.29547395490364,0.13086356319678688,2.1252218142823804,5.568846920405255,0.1706870764784424
2025-02-28 08:00:00,8,4,28,30.160795578595245,59.35226937977725,0.3,2,45.0,180,2.0,0.45,5,1,1.0,25.11716748035544,-0.32884351307677306,-6.971199449648374,5.043628098239804,25.257338771775554,0.16970200116304796,32.007283490175546,34.45777197181636,2.5706632635895175
2025-02-28 09:00:00,9,4,28,32.63780365557796,60.50225757235598,0.3,2,45.0,180,2.0,0.45,2,1,2.0,24.680476119510384,-0.43669136084505666,1.149988192578732,7.957327536067577,25.08121819776601,0.38403147525545306,29.583578935509404,33.72423869475818,2.3760035617629858
2025-02-28 10:00:00,10,4,28,33.336493563347446,52.117676241760506,0.3,2,45.0,180,2.0,0.45,4,1,3.0,24.856636243927106,0.1761601244167217,-8.384581330595474,8.47985731942034,24.884759947930974,0.2196998935015567,35.04514204703795,31.47004465285635,2.814648711292515
2025-02-28 11:00:00,11,4,28,34.93760096460693,42.128956238868966,0.3,2,45.0,180,2.0,0.45,3,1,4.0,24.87403323129145,0.01739698736434292,-9.98872000289154,10.06356773331548,24.80371519824298,0.107082055862476,35.52350100094053,33.792420758345195,2.853068085119848
2025-02-28 12:00:00,12,4,28,30.42562437510837,49.52939548232305,0.3,2,45.0,180,2.0,0.45,5,1,4.0,25.058215165388148,0.18418193409669925,7.40043924345408,5.367409209720222,24.929628213535565,0.11169877766848635,31.905962514677324,34.28402379418087,2.5625256748552445
2025-02-28 13:00:00,13,4,28,32.02388830567833,34.55276551293714,0.3,2,45.0,180,2.0,0.45,5,1,4.0,25.548225883412197,0.49001071802404894,-14.976629969385904,6.475662422266129,25.16015809336393,0.3484654982445645,33.47559944256283,37.9259236107249,2.6885909808637134
2025-02-28 14:00:00,14,4,28,32.59259633835721,32.395334784298974,0.3,2,45.0,180,2.0,0.45,5,1,4.0,25.976966548107303,0.4287406646951055,-2.157430728638168,6.615629790249908,25.527802532302548,0.45971606537644194,35.078992640112276,35.42888492633548,2.8173674198668808
2025-02-28 15:00:00,15,4,28,30.77483948266202,33.92947339112425,0.3,2,45.0,180,2.0,0.45,1,1,4.0,24.909174259452517,-1.0677922886547861,1.5341386068252731,5.865665223209504,25.478122230324004,0.5373369376472166,28.467105151415602,29.289006094575395,2.28633402943883
2025-02-28 16:00:00,16,4,28,33.341085527069865,26.2826664717779,0.3,2,45.0,180,2.0,0.45,4,1,4.0,25.017548816424537,0.10837455697202003,-7.646806919346346,8.323536710645328,25.30122987466145,0.5877085162133364,35.50496707010304,25.889928025494424,2.851579533454773
2025-02-28 17:00:00,17,4,28,26.0128378041345,25.4412820217565,0.3,2,45.0,180,2.0,0.45,5,1,4.0,25.107340229750964,0.08979141332642726,-0.8413844500214012,0.905497574383535,25.011354435209338,0.0992280994239797,26.00958284283953,34.44358654757605,2.088958256513667
2025-02-28 18:00:00,18,4,28,28.499124850386526,26.65709629104144,0.3,2,45.0,180,2.0,0.45,5,1,4.0,24.980600163384103,-0.1267400663668603,1.215814269284941,3.5185246870024223,25.0351630698532,0.0651801929177012,29.207512304830313,25.082777307609664,2.3457997904105885
2025-02-28 19:00:00,19,4,28,25.784987244223103,36.464068461335046,0.0,2,45.0,180,2.0,0.45,0,0,3.0,25.075616264961358,0.09501610157725437,9.806972170293605,0.7093709792617453,25.05451888603214,0.06595138856887565,4.559611622979342,5.839159862926893,0.36620496391162144
2025-02-28 20:00:00,20,4,28,26.66539423738223,32.293470720216256,0.0,2,45.0,180,2.0,0.45,0,0,2.0,25.298612810224473,0.22299654526311485,-4.17059774111879,1.3667814271577576,25.11827641285664,0.1632419279831863,7.430237376321305,3.2932973893926674,0.5967591179339469
2025-02-28 21:00:00,21,4,28,26.063199387625183,39.327841413345524,0.0,2,45.0,180,2.0,0.45,0,0,1.0,25.413071992882287,0.1144591826578143,7.034370693129269,0.6501273947428956,25.262433689356033,0.17161232084844272,5.372364930327221,5.727281143524468,0.4314812023715762
2025-02-28 22:00:00,22,4,28,22.65769957963324,42.50339310337415,0.0,2,45.0,180,2.0,0.45,0,0,0.0,24.99879363231192,-0.4142783605703677,3.1755516900286267,-2.341094052678681,25.23682614513956,0.21393885574194815,5.876180523009862,4.181025963772004,0.4719451247825606
2025-02-28 23:00:00,23,4,28,22.894979884498945,35.85239674101084,0.0,2,45.0,180,2.0,0.45,0,0,0.0,24.764348692891247,-0.23444493942067268,-6.650996362363308,-1.8693688083923021,25.058738106028482,0.3284897029358967,3.1271634853123818,4.94904251771965,0.25115796826052383
2025-03-01 00:00:00,0,5,1,22.443645718646287,47.431372800740874,0.0,2,45.0,180,2.0,0.45,0,0,0.0,24.1226881664379,-0.6416605264533466,11.578976059730032,-1.6790424477916126,24.628610163880353,0.4535514392297389,4.755783413348362,4.262302343602546,0.3819604907750309
2025-03-01 01:00:00,1,5,1,24.94151648319475,51.41543052575925,0.0,2,45.0,180,2.0,0.45,0,0,0.0,24.326196392820524,0.203508226382624,3.984057725018374,0.615320090374226,24.404411084049887,0.32790274662686436,5.741520821054099,4.420164044162777,0.46112993801390384
2025-03-01 02:00:00,2,5,1,22.89624990283786,54.96826099830533,0.0,2,45.0,180,2.0,0.45,0,0,0.0,24.063777705503483,-0.2624186873170409,3.552830472546084,-1.1675278026656244,24.1708874215873,0.13768902647377512,4.092936499166618,4.247113769814131,0.32872397627377054
2025-03-01 03:00:00,3,5,1,26.060152018686814,72.884437064851,0.0,2,45.0,180,2.0,0.45,0,0,0.0,24.421448991093566,0.357671285590083,17.916176066545667,1.6387030275932482,24.270474363139186,0.18523200473472273,5.135378932395082,3.469859716999967,0.4124476846081508
2025-03-01 04:00:00,4,5,1,26.309856191547865,63.73962628416448,0.0,2,45.0,180,2.0,0.45,0,0,0.0,24.142280754165892,-0.27916823692767423,-9.14481078068652,2.1675754373819736,24.20916915025431,0.18798332448026586,5.1671711739098924,4.130482740270882,0.415001076786977
2025-03-01 05:00:00,5,5,1,29.310435986122844,66.36140786925793,0.0,2,45.0,180,2.0,0.45,0,0,0.0,24.249502786372567,0.10722203220667481,2.6217815850934514,5.060933199750277,24.271077510544007,0.14082907253086963,5.613824661531352,4.957542659830166,0.45087402778374164
2025-03-01 06:00:00,6,5,1,29.03094021190845,65.48195718482191,0.0,2,45.0,180,2.0,0.45,0,0,0.0,24.36543773436881,0.11593494799624438,-0.8794506844360228,4.66550247753964,24.252407091635757,0.1116068353435031,5.961374465285479,5.662264566894631,0.47878747170511393
2025-03-01 07:00:00,7,5,1,28.994604386453254,74.3906384436674,0.0,2,45.0,180,2.0,0.45,0,0,0.0,24.8886887280123,0.5232509936434901,8.90868125884549,4.105915658440953,24.501209749584557,0.34053663104655785,5.100383873847825,2.1252218142823804,0.40963705835046754
2025-03-01 08:00:00,8,5,1,32.8891880963737,68.4720813090945,1.0,2,45.0,180,2.0,0.45,0,0,0.0,26.021921700124018,1.133232972111717,-5.918557134572893,6.867266396249683,25.09201605416838,0.8467533781288342,4.578476685331006,32.007283490175546,0.3677201103865678
2025-03-01 09:00:00,9,5,1,29.723016891092545,59.554649483347696,1.0,2,45.0,180,2.0,0.45,0,0,0.0,26.48438614484152,0.4624644447175008,-8.91743182574681,3.238630746251026,25.79833219099261,0.8210095998003173,5.855832916701957,29.583578935509404,0.4703109078689707
2025-03-01 10:00:00,10,5,1,31.12396027135198,61.38656223166695,1.0,2,45.0,180,2.0,0.45,0,0,0.0,27.48866463716423,1.0042784923227117,1.8319127483192545,3.6352956341877487,26.664990827376585,0.7498648207208364,6.12819747470158,35.04514204703795,0.49218585279418864
2025-03-01 11:00:00,11,5,1,34.79632234330192,53.1163985905565,1.0,2,45.0,180,2.0,0.45,0,0,0.0,28.55182610091027,1.063161463746038,-8.27016364111045,6.244496242391648,27.508292294305335,1.0338597229223812,6.98984240188604,35.52350100094053,0.5613888190893832
2025-03-01 12:00:00,12,5,1,30.523639848426296,50.99701412250845,1.0,2,45.0,180,2.0,0.45,0,0,0.0,29.24461390161621,0.6927878007059398,-2.1193844680480467,1.279025946810087,28.428368213230232,0.8844607636041533,6.099362148273766,31.905962514677324,0.4898699450926073
2025-03-01 13:00:00,13,5,1,33.32612864985463,52.53885500129094,1.0,2,45.0,180,2.0,0.45,0,0,0.0,29.839651025287676,0.5950371236714673,1.5418408787824873,3.4864776245669553,29.212030342604717,0.6445304687913043,4.242109426800604,33.47559944256283,0.34070479198743425
2025-03-01 14:00:00,14,5,1,30.84201801277732,46.54038970482679,1.0,2,45.0,180,2.0,0.45,0,0,0.0,30.280282910886363,0.4406318855986875,-5.998465296464154,0.5617351018909567,29.788182612596746,0.519749287945013,4.450894571183099,35.078992640112276,0.35747335970459326
2025-03-01 15:00:00,15,5,1,32.46582391380103,35.751350135592006,1.0,2,45.0,180,2.0,0.45,0,0,0.0,30.92565009867141,0.6453671877850482,-10.789039569234781,1.54017381512962,30.348528011615148,0.546206501405525,3.692639820433812,28.467105151415602,0.29657416990637997
2025-03-01 16:00:00,16,5,1,30.918963774361515,38.762785541086764,1.0,2,45.0,180,2.0,0.45,0,0,0.0,31.369205714368473,0.44355561569706126,3.0114354054947583,-0.4502419400069577,30.858379574642083,0.5475693659602955,5.650563032519694,35.50496707010304,0.4538246680869977
2025-03-01 17:00:00,17,5,1,30.443355855357943,24.037762867345574,1.0,2,45.0,180,2.0,0.45,0,0,0.0,31.812390128662937,0.4431844142944641,-14.72502267374119,-1.3690342733049938,31.369081980567604,0.44337002794482633,6.138528678996206,26.00958284283953,0.4930156029151879
2025-03-01 18:00:00,18,5,1,28.181439775499616,25.348625362766583,1.0,2,45.0,180,2.0,0.45,0,0,0.0,32.16220739116771,0.3498172625047751,1.3108624954210093,-3.9807676156680962,31.78126774473304,0.3974158614569924,5.991662308794384,29.207512304830313,0.48122003823846526
2025-03-01 19:00:00,19,5,1,27.27973680323966,24.58418794498197,0.0,2,45.0,180,2.0,0.45,0,0,0.0,31.762393354453575,-0.39981403671413673,-0.7644374177846132,-4.482656551213914,31.912330291428074,0.217839030222871,4.0757063557806,4.559611622979342,0.3273401382282078
2025-03-01 20:00:00,20,5,1,27.717050704674236,28.92509426083192,0.0,2,45.0,180,2.0,0.45,0,0,0.0,31.550580618771924,-0.21181273568165082,4.340906315849949,-3.8335299140976886,31.825060454797736,0.3105916954409297,2.7745986190985055,7.430237376321305,0.22284173986561626
2025-03-01 21:00:00,21,5,1,25.93233294011064,34.145612158308296,0.0,2,45.0,180,2.0,0.45,0,0,0.0,30.846800984342423,-0.7037796344295018,5.220517897476377,-4.914468044231782,31.38659165252264,0.4793189260189751,2.697790553484025,5.372364930327221,0.21667290417910376
2025-03-01 22:00:00,22,5,1,25.93339096846749,42.537888210056835,0.0,2,45.0,180,2.0,0.45,0,0,0.0,30.49756589391933,-0.3492350904230932,8.392276051748539,-4.564174925451841,30.964982499011224,0.536362895338678,6.813061951909345,5.876180523009862,0.5471907066936404
2025-03-01 23:00:00,23,5,1,25.718186768304506,44.7934295921435,0.0,2,45.0,180,2.0,0.45,0,0,0.0,29.955419822777554,-0.5421460711417758,2.255541382086662,-4.237233054473048,30.433262233679766,0.44915622486869433,5.115554982934743,3.1271634853123818,0.41085552516629775
2025-03-02 00:00:00,0,6,2,24.866076638825845,54.733252176275734,0.0,2,45.0,180,2.0,0.45,0,0,0.0,29.2173076715261,-0.7381121512514532,9.939822584132237,-4.351231032700255,29.890097796074325,0.6426239214196863,5.481342884384189,4.755783413348362,0.4402337609297364
2025-03-02 01:00:00,1,6,2,23.363592673766295,60.28432885201508,0.0,2,45.0,180,2.0,0.45,0,0,0.0,28.516603976813254,-0.7007036947128462,5.5510766757393455,-5.153011303046959,29.229777157038967,0.7194889684360857,6.363711009615645,5.741520821054099,0.5111011097689807
2025-03-02 02:00:00,2,6,2,24.363858421888164,58.21556995042583,0.0,2,45.0,180,2.0,0.45,0,0,0.0,28.423495336493623,-0.09310864031963106,-2.0687589015892485,-4.059636914605459,28.71913566161099,0.43393411749103744,4.259950316514441,4.092936499166618,0.34213768209168793
2025-03-02 03:00:00,3,6,2,24.201464289059942,70.8007605587353,0.0,2,45.0,180,2.0,0.45,0,0,0.0,28.276841768682008,-0.1466535678116152,12.585190608309475,-4.075377479622066,28.405647027329625,0.12087349054717637,6.811491075292014,5.135378932395082,0.5470645418220403
2025-03-02 04:00:00,4,6,2,27.54834734258897,64.83363997760975,0.0,2,45.0,180,2.0,0.45,0,0,0.0,28.31181633078682,0.03497456210481076,-5.967120581125556,-0.7634689881978503,28.337384478654144,0.07659709444262472,6.6275189975225945,5.1671711739098924,0.5322888342243229
2025-03-02 05:00:00,5,6,2,27.6138460814788,77.75510569123463,0.0,2,45.0,180,2.0,0.45,0,0,0.0,28.517018641680945,0.20520231089412633,12.921465713624883,-0.9031725602021439,28.368558913716587,0.12975370175490333,3.850932262585583,5.613824661531352,0.30928741894134815
2025-03-02 06:00:00,6,6,2,28.50474555915636,64.45072272510716,0.0,2,45.0,180,2.0,0.45,0,0,0.0,28.53646155070907,0.0194429090281254,-13.304382966127477,-0.0317159915527121,28.45509884105894,0.12446652156436169,6.566283602386795,5.961374465285479,0.5273707167353675
2025-03-02 07:00:00,7,6,2,27.744314099198085,70.60068275759936,0.0,2,45.0,180,2.0,0.45,0,0,0.0,28.541383391857405,0.004921841148334494,6.149960032492203,-0.7970692926593195,28.531621194749135,0.012883402004156528,4.10990684755146,5.100383873847825,0.3300869488976928
2025-03-02 08:00:00,8,6,2,32.27055331925982,62.21466998972804,1.0,2,45.0,180,2.0,0.45,0,0,0.0,29.194285910084687,0.6529025182272825,-8.386012767871321,3.0762674091751308,28.757376950883714,0.37838226055492824,4.437084587546346,4.578476685331006,0.3563642116065777
2025-03-02 09:00:00,9,6,2,33.28995483784585,65.53716064521647,1.0,2,45.0,180,2.0,0.45,0,0,0.0,29.810673712370875,0.6163878022861873,3.322490655488437,3.479281125474973,29.182114338104324,0.6347326916195964,5.48637085960778,5.855832916701957,0.4406375824912097
2025-03-02 10:00:00,10,6,2,31.99554226365354,70.62421985608063,1.0,2,45.0,180,2.0,0.45,0,0,0.0,30.386610299751776,0.5759365873809017,5.087059210864155,1.6089319639017639,29.797189974069113,0.5962765473735023,4.695291533800012,6.12819747470158,0.3771020887007607
2025-03-02 11:00:00,11,6,2,33.06908190207625,53.108845569872074,1.0,2,45.0,180,2.0,0.45,0,0,0.0,30.827054567234367,0.44044426748259013,-17.515374286208555,2.2420273348418824,30.341446193119,0.509693396003082,4.683212491587016,6.98984240188604,0.3761319610707221
2025-03-02 12:00:00,12,6,2,33.36450579496246,48.647959952475155,1.0,2,45.0,180,2.0,0.45,0,0,0.0,31.83764551024863,1.0105909430142646,-4.460885617396919,1.5268602847138304,31.017103459078257,0.743952102956656,5.4910492514432105,6.099362148273766,0.4410133272815388
2025-03-02 13:00:00,13,6,2,33.05808623459909,48.26896759312018,1.0,2,45.0,180,2.0,0.45,0,0,0.0,32.62645590240826,0.788810392159629,-0.37899235935497444,0.4316303321908279,31.763718659963747,0.9019757067964922,4.907059463255846,4.242109426800604,0.3941102186417357
2025-03-02 14:00:00,14,6,2,33.110985265004715,32.41049738099113,1.0,2,45.0,180,2.0,0.45,0,0,0.0,33.04804499266084,0.4215890902525814,-15.858470212129049,0.062940272343873,32.504048801772576,0.6144138267245172,4.106633828607816,4.450894571183099,0.3298240765560884
2025-03-02 15:00:00,15,6,2,32.98867173733912,38.52883679209057,1.0,2,45.0,180,2.0,0.45,0,0,0.0,33.68785111549829,0.6398061228374488,6.118339411099441,-0.6991793781591724,33.12078400352246,0.534423214660648,3.9809221787273668,3.692639820433812,0.319727552111829
2025-03-02 16:00:00,16,6,2,30.879810636997522,35.864216767030676,1.0,2,45.0,180,2.0,0.45,0,0,0.0,34.247194463775024,0.5593433482767338,-2.6646200250598966,-3.367383826777502,33.661030190644716,0.6000244870216521,4.240175917006691,5.650563032519694,0.34054950225162994
2025-03-02 17:00:00,17,6,2,29.36759029365248,29.35755097092029,1.0,2,45.0,180,2.0,0.45,0,0,0.0,34.68579844799413,0.43860398421910674,-6.506665796110386,-5.318208154341651,34.20694800908915,0.5001895165281703,4.774127006719746,6.138528678996206,0.3834337554966845
2025-03-02 18:00:00,18,6,2,27.324526587538035,39.40255210718175,1.0,2,45.0,180,2.0,0.45,0,0,0.0,34.82818087349915,0.14238242550501923,10.045001136261458,-7.503654285961115,34.58705792842277,0.30281771699263843,5.691948734462389,5.991662308794384,0.4571485585275784
2025-03-02 19:00:00,19,6,2,28.219663815898723,25.915546219016537,0.0,2,45.0,180,2.0,0.45,0,0,0.0,34.78162315741097,-0.04655771608818071,-13.48700588816521,-6.561959341512246,34.76520082630142,0.07259792346996553,4.303800338174003,4.0757063557806,0.34565949423867753
2025-03-02 20:00:00,20,6,2,29.971026088158126,34.09407696788453,0.0,2,45.0,180,2.0,0.45,0,0,0.0,34.1150474618269,-0.666575695584072,8.178530748867995,-4.144021373668771,34.574950497579,0.3989674259285162,5.868831599366953,2.7745986190985055,0.47135489637278166
2025-03-02 21:00:00,21,6,2,26.4854390662323,33.409800269752765,0.0,2,45.0,180,2.0,0.45,0,0,0.0,33.332170174553255,-0.7828772872736423,-0.6842766981317681,-6.846731108320956,34.07628026459704,0.7255037278086784,5.3884880703079965,2.697790553484025,0.4327761314977863
2025-03-02 22:00:00,22,6,2,23.680496682319134,41.570570496691296,0.0,2,45.0,180,2.0,0.45,0,0,0.0,32.76218030042885,-0.5699898741244027,8.160770226938531,-9.081683618109718,33.403132645603,0.679219510408942,5.7193302071863625,6.813061951909345,0.4593477000466049
2025-03-02 23:00:00,23,6,2,23.828862727995094,48.24592652804693,0.0,2,45.0,180,2.0,0.45,0,0,0.0,32.756061587121195,-0.006118713307657231,6.6753560313556335,-8.9271988591261,32.95013735403443,0.33086427221456804,4.755100727551308,5.115554982934743,0.38190566090171163
2025-03-03 00:00:00,0,0,3,24.28541118293261,55.51665146300144,0.0,2,45.0,180,2.0,0.45,0,0,0.0,32.47553697180186,-0.2805246153193366,7.270724934954508,-8.19012578886925,32.6645929531173,0.16375586315082497,4.476935670712039,5.481342884384189,0.3595648492220674
2025-03-03 01:00:00,1,0,3,24.831978110967786,50.474485777599526,0.0,2,45.0,180,2.0,0.45,0,0,0.0,32.12770091400112,-0.3478360578007411,-5.042165685401912,-7.295722803033332,32.453099824308055,0.31478064278399875,6.483573456395307,6.363711009615645,0.5207278557786823
2025-03-03 02:00:00,2,0,3,22.391629903629862,66.8696829451913,0.0,2,45.0,180,2.0,0.45,0,0,0.0,31.58008164485823,-0.5476192691428885,16.395197167591775,-9.188451741228366,32.0611065102204,0.4514268175451145,5.114474456830176,4.259950316514441,0.41076874276993436
2025-03-03 03:00:00,3,0,3,25.527374339509763,69.13817860097761,0.0,2,45.0,180,2.0,0.45,0,0,0.0,31.284755222455072,-0.2953264224031571,2.2684956557863103,-5.757380882945309,31.664179260438136,0.42771914433830344,5.16220760503143,6.811491075292014,0.41460242801767183
2025-03-03 04:00:00,4,0,3,24.558939846850993,68.4781308612542,0.0,2,45.0,180,2.0,0.45,0,0,0.0,31.217290800325472,-0.06746442212959991,-0.6600477397234101,-6.6583509534744785,31.36070922254625,0.19295350946900647,7.5244372492475735,6.6275189975225945,0.6043247756955838
2025-03-03 05:00:00,5,0,3,25.579071610731855,70.34977977405798,0.0,2,45.0,180,2.0,0.45,0,0,0.0,31.29305153529888,0.0757607349734073,1.8716489128037779,-5.713979924567024,31.265032519359806,0.04155311063912478,5.461198122850524,3.850932262585583,0.4386158354833529
2025-03-03 06:00:00,6,0,3,27.874404077670594,70.56863395890419,0.0,2,45.0,180,2.0,0.45,0,0,0.0,31.021300125918856,-0.2717514093800233,0.218854184846208,-3.146896048248262,31.177214153847732,0.1402384052943688,6.6481174016146785,6.566283602386795,0.5339431939485509
2025-03-03 07:00:00,7,0,3,33.466912732991766,69.62581323984757,0.0,2,45.0,180,2.0,0.45,0,0,0.0,30.799193453229062,-0.22210667268979378,-0.9428207190566127,2.6677192797627036,31.037848371482266,0.24734456660632095,5.4375673280674075,4.10990684755146,0.436717929462774
2025-03-03 08:00:00,8,0,3,30.138225465913344,64.61436166675404,1.0,2,45.0,180,2.0,0.45,1,1,1.0,27.809654308601385,-2.9895391446276776,-5.011451573093538,2.328571157311959,29.876715962583102,1.7935692778742678,26.2061733510052,4.437084587546346,2.1047474126745453
2025-03-03 09:00:00,9,0,3,32.448257223720546,61.72784165610476,1.0,2,45.0,180,2.0,0.45,1,1,2.0,26.347710133758223,-1.4619441748431612,-2.886520010649278,6.100547089962323,28.318852631862885,2.2690059795405895,29.39604652013834,5.48637085960778,2.3609419058409964
2025-03-03 10:00:00,10,0,3,33.7177982853833,56.54338354011593,1.0,2,45.0,180,2.0,0.45,5,1,3.0,26.310415439084675,-0.03729469467354818,-5.184458115988825,7.407382846298628,26.82259329381476,0.8550232796517209,36.53673593082834,4.695291533800012,2.9344459943837755
2025-03-03 11:00:00,11,0,3,33.79472214207042,49.51620854551557,1.0,2,45.0,180,2.0,0.45,1,1,4.0,25.59291255086192,-0.7175028882227537,-7.027174994600365,8.201809591208498,26.083679374568273,0.42542541061957956,31.551830691959168,4.683212491587016,2.5340835964324073
2025-03-03 12:00:00,12,0,3,33.83007662849654,54.94273144394538,1.0,2,45.0,180,2.0,0.45,4,1,4.0,25.897359229323126,0.3044466784612041,5.426522898429809,7.932717399173416,25.93356240642324,0.36011887089700845,35.87906197445759,5.4910492514432105,2.8816249457127503
2025-03-03 13:00:00,13,0,3,35.56600935907356,46.20607765089648,1.0,2,45.0,180,2.0,0.45,2,1,4.0,25.322301011873275,-0.5750582174498504,-8.736653793048895,10.243708347200286,25.604190930686105,0.2876949595540228,34.93238460278982,4.907059463255846,2.8055926031815632
2025-03-03 14:00:00,14,0,3,34.34597538613664,30.82417755287029,1.0,2,45.0,180,2.0,0.45,2,1,4.0,25.482665708056125,0.16036469618284954,-15.381900098026193,8.863309678080512,25.56744198308417,0.2967545298220776,32.74190563729634,4.106633828607816,2.629664402089832
2025-03-03 15:00:00,15,0,3,33.24354474269889,34.340294136742514,1.0,2,45.0,180,2.0,0.45,3,1,4.0,25.824283361229543,0.34161765317341874,3.5161165838722255,7.419261381469344,25.543083360386316,0.25638699128695724,32.28168618750202,3.9809221787273668,2.592701901565888
2025-03-03 16:00:00,16,0,3,30.53985915988131,44.02166842470932,1.0,2,45.0,180,2.0,0.45,4,1,4.0,26.247775268592015,0.42349190736247166,9.681374287966804,4.292083891289295,25.85157477929256,0.38328419747076614,30.741567625999004,4.240175917006691,2.469007361576471
2025-03-03 17:00:00,17,0,3,29.346488066749526,32.78434560886093,1.0,2,45.0,180,2.0,0.45,5,1,4.0,26.015559381661593,-0.2322158869304225,-11.237322815848387,3.330928685087933,26.029206003827714,0.2120755092480322,31.288994416471105,4.774127006719746,2.5129739150080765
2025-03-03 18:00:00,18,0,3,26.184291969341963,34.83597660221083,1.0,2,45.0,180,2.0,0.45,1,1,4.0,25.397868861098427,-0.6176905205631655,2.051630993349896,0.786423108243536,25.887067837117343,0.43928098426772716,20.15512419890832,5.691948734462389,1.6187577232888615
2025-03-03 19:00:00,19,0,3,30.097430887657268,38.34836736867603,0.0,2,45.0,180,2.0,0.45,0,0,3.0,25.552593150870745,0.154724289772318,3.5123907664652023,4.544837736786523,25.655340464543585,0.3214080780700481,6.010756872280346,4.303800338174003,0.48275361708475223
2025-03-03 20:00:00,20,0,3,26.21615382710873,26.40170308288488,0.0,2,45.0,180,2.0,0.45,0,0,2.0,25.72960910727473,0.17701595640398438,-11.946664285791151,0.4865447198340007,25.560023706414636,0.16599490233165315,4.4021953132136975,5.868831599366953,0.35356208140243944
2025-03-03 21:00:00,21,0,3,24.911532477458508,27.752701283440086,0.0,2,45.0,180,2.0,0.45,0,0,1.0,25.68494112468302,-0.04466798259170801,1.3509982005552068,-0.7734086472245139,25.65571446094283,0.09205601887158438,2.2906023709939944,5.3884880703079965,0.18396960705561627
2025-03-03 22:00:00,22,0,3,24.280623438476493,30.099763025134415,0.0,2,45.0,180,2.0,0.45,0,0,0.0,25.45621556575024,-0.2287255589327799,2.347061741694329,-1.1755921272737488,25.62358859923599,0.1466598323363189,4.955598802298358,5.7193302071863625,0.39800865306381966
2025-03-03 23:00:00,23,0,3,25.765088929342852,45.7404668163723,0.0,2,45.0,180,2.0,0.45,0,0,0.0,25.45855400930609,0.0023384435558497785,15.640703791237883,0.30653492003676064,25.533236899913117,0.13138491518965822,3.8617364269402463,4.755100727551308,0.31015515482430245
2025-03-04 00:00:00,0,1,4,25.872374285700275,52.13629136076088,0.0,2,45.0,180,2.0,0.45,0,0,0.0,25.027418321324895,-0.4311356879811967,6.3958245443885815,0.8449559643753801,25.314062632127076,0.24824400851997705,4.538004495025662,4.476935670712039,0.3644695885843385
2025-03-04 01:00:00,1,1,4,22.524412347230374,62.630499245424545,0.0,2,45.0,180,2.0,0.45,0,0,0.0,24.84115054118997,-0.1862677801349264,10.494207884663666,-2.316738193959594,25.10904095727365,0.3166914138951903,5.064666032447393,6.483573456395307,0.4067683818265448
2025-03-04 02:00:00,2,1,4,22.668167136075496,59.26673263823988,0.0,2,45.0,180,2.0,0.45,0,0,0.0,24.56150808687902,-0.2796424543109488,-3.3637666071846652,-1.8933409508035233,24.81002564979796,0.2345093938172782,4.0149555928407725,5.114474456830176,0.32246094394818137
2025-03-04 03:00:00,3,1,4,24.064822000476397,64.80316842664419,0.0,2,45.0,180,2.0,0.45,0,0,0.0,24.668122417278543,0.10661433039952328,5.536435788404312,-0.6033004168021456,24.690260348449176,0.14112952051475577,6.066696835551524,5.16220760503143,0.48724643224639824
2025-03-04 04:00:00,4,1,4,27.539869664189805,64.15827766680654,0.0,2,45.0,180,2.0,0.45,0,0,0.0,25.036686148821,0.3685637315424586,-0.6448907598376508,2.5031835153688036,24.755438884326185,0.24933245216190783,5.434263175437896,7.5244372492475735,0.4364525566208524
2025-03-04 05:00:00,5,1,4,26.75661838126634,66.96838335116327,0.0,2,45.0,180,2.0,0.45,0,0,0.0,25.18692944937667,0.15024330055566892,2.810105684356728,1.5696889318896687,24.9639126718254,0.2669497487434781,5.031068868236145,5.461198122850524,0.4040700273777784
2025-03-04 06:00:00,6,1,4,27.82992878329365,74.89904441888294,0.0,2,45.0,180,2.0,0.45,0,0,0.0,25.294266783704327,0.10733733432765646,7.930661067719669,2.5356619995893226,25.172627460633993,0.12938452777779047,6.4473771819546375,6.6481174016146785,0.5178207539306922
2025-03-04 07:00:00,7,1,4,28.511681362440825,69.05617424835,0.0,2,45.0,180,2.0,0.45,0,0,0.0,25.461041256424586,0.16677447272025958,-5.842870170532933,3.050640106016239,25.314079163168525,0.13812573429976513,6.275514676965274,5.4375673280674075,0.5040176260238757
2025-03-04 08:00:00,8,1,4,27.852995013552302,68.18953086011678,0.3,2,45.0,180,2.0,0.45,4,1,1.0,25.04682137303796,-0.4142198833866253,-0.8666433882332285,2.8061736405143414,25.267376471055623,0.20841507775116394,28.17520493571582,26.2061733510052,2.2628900792090767
2025-03-04 09:00:00,9,1,4,33.38921829854477,62.62516347385651,0.3,2,45.0,180,2.0,0.45,3,1,2.0,24.729217219039793,-0.3176041539981682,-5.564367386260265,8.660001079504976,25.079026616167443,0.36697341686746493,34.56760519033326,29.39604652013834,2.776295364157712
2025-03-04 10:00:00,10,1,4,34.65850778562604,56.00928925011853,0.3,2,45.0,180,2.0,0.45,4,1,3.0,25.124656813821733,0.3954395947819407,-6.615874223737983,9.53385097180431,24.96689846863316,0.2094847757398387,35.62071282547033,36.53673593082834,2.8608756476136152
2025-03-04 11:00:00,11,1,4,32.74471223674519,46.95380093624878,0.3,2,45.0,180,2.0,0.45,4,1,4.0,24.89193582304844,-0.232720990773295,-9.055488313869745,7.852776413696748,24.915269951969986,0.1987497910937125,32.56548095596298,31.551830691959168,2.615494863233673
2025-03-04 12:00:00,12,1,4,30.916547534363712,49.37655123246669,0.3,2,45.0,180,2.0,0.45,1,1,4.0,24.358152791573723,-0.5337830314747158,2.422750296217906,6.558394742789989,24.791581809481297,0.3929825696642883,28.080360912671246,35.87906197445759,2.2552726865651005
2025-03-04 13:00:00,13,1,4,34.540381713414284,34.84132912406015,0.3,2,45.0,180,2.0,0.45,5,1,4.0,24.92400808861391,0.5658552970401871,-14.535222108406536,9.616373624800374,24.724698901078693,0.31784303571043687,38.182583817613484,34.93238460278982,3.066632179484853
2025-03-04 14:00:00,14,1,4,32.25340593302143,43.14073129869997,0.3,2,45.0,180,2.0,0.45,1,1,4.0,24.704118244921105,-0.21988984369280473,8.299402174639816,7.549287688100328,24.662093041702907,0.2852589044645926,28.358495121411014,32.74190563729634,2.2776110206812814
2025-03-04 15:00:00,15,1,4,33.563314645390626,39.59871757655351,0.3,2,45.0,180,2.0,0.45,2,1,4.0,24.57015971401037,-0.13395853091073562,-3.542013722146457,8.993154931380257,24.73276201584846,0.1786547431840954,31.600691117969607,32.28168618750202,2.538007818937167
2025-03-04 16:00:00,16,1,4,29.559012785696233,33.37911312934531,0.3,2,45.0,180,2.0,0.45,2,1,4.0,24.076499643428747,-0.49366007058162253,-6.219604447208198,5.482513142267486,24.450259200786736,0.3305425495127169,26.807946704131172,30.741567625999004,2.153078807382342
2025-03-04 17:00:00,17,1,4,30.914773324405694,34.89914147498868,0.3,2,45.0,180,2.0,0.45,4,1,4.0,24.489608803318603,0.4131091598898564,1.520028345643368,6.4251645210870905,24.378756053585903,0.2648420574875439,31.619315255845624,31.288994416471105,2.5395036155757227
2025-03-04 18:00:00,18,1,4,28.10609114695554,31.386578089600796,0.3,2,45.0,180,2.0,0.45,1,1,4.0,24.10616892372059,-0.38343987959801495,-3.5125633853878853,3.9999222232349503,24.224092456822643,0.2304219265625211,23.96672697831623,20.15512419890832,1.9248863968898922
2025-03-04 19:00:00,19,1,4,27.209013801416617,34.437844227944154,0.0,2,45.0,180,2.0,0.45,0,0,3.0,24.414788988136436,0.3086200644158481,3.051266138343358,2.794224813280181,24.336855571725206,0.20325291722821243,5.212197875916805,6.010756872280346,0.4186173939532023
2025-03-04 20:00:00,20,1,4,26.15402726550042,27.607764314676533,0.0,2,45.0,180,2.0,0.45,0,0,2.0,24.58470838909668,0.16991940096024294,-6.830079913267621,1.5693188764037416,24.368555433651228,0.24259670474051936,4.808582012869151,4.4021953132136975,0.3862010074748855
2025-03-04 21:00:00,21,1,4,24.367520117942146,32.66689917742571,0.0,2,45.0,180,2.0,0.45,0,0,1.0,24.20009639910651,-0.38461198999016943,5.059134862749179,0.16742371883563578,24.399864592113204,0.19273984774467262,3.627369610023979,2.2906023709939944,0.29133199644424235
2025-03-04 22:00:00,22,1,4,23.329806751794305,42.93106688946164,0.0,2,45.0,180,2.0,0.45,0,0,0.0,24.15440660089918,-0.04568979820733077,10.264167712035928,-0.8245998491048745,24.31307046303412,0.2363519866043693,5.042452104786044,4.955598802298358,0.40498427141315735
2025-03-04 23:00:00,23,1,4,22.75935820089087,42.94877487299356,0.0,2,45.0,180,2.0,0.45,0,0,0.0,23.872489410494175,-0.28191719040500374,0.01770798353192049,-1.1131312096033064,24.075664136833286,0.1774313007403077,4.636179245078153,3.8617364269402463,0.37235448839001817
2025-03-05 00:00:00,0,2,5,26.598210696921456,53.02911995490786,0.0,2,45.0,180,2.0,0.45,0,0,0.0,23.91651161758422,0.044022207090044674,10.080345081914302,2.6816990793372355,23.981135876325855,0.15166260803180168,4.348938662358254,4.538004495025662,0.3492847763341126
2025-03-05 01:00:00,1,2,5,23.501330371060494,49.28973938648214,0.0,2,45.0,180,2.0,0.45,0,0,0.0,23.9806768694364,0.06416525185218092,-3.739380568425723,-0.47934649837590726,23.92322596583826,0.05440536207553409,4.216193675450311,5.064666032447393,0.33862336980223173
2025-03-05 02:00:00,2,2,5,24.52082752815692,58.73030736110599,0.0,2,45.0,180,2.0,0.45,0,0,0.0,24.06840364567011,0.08772677623370839,9.440567974623853,0.4524238824868121,23.98853071089691,0.07624997815338412,3.992767653075833,4.0149555928407725,0.3206789207513057
2025-03-05 03:00:00,3,2,5,25.403144666074226,54.582656287031746,0.0,2,45.0,180,2.0,0.45,0,0,0.0,24.348531121650815,0.28012747598070575,-4.147651074074247,1.054613544423411,24.13253721225244,0.19213022534232163,5.195793189867415,6.066696835551524,0.41729985246953255
2025-03-05 04:00:00,4,2,5,24.345006723237265,72.53751799164755,0.0,2,45.0,180,2.0,0.45,0,0,0.0,23.668253971039956,-0.6802771506108591,17.9548617046158,0.6767527521973093,24.02839624612029,0.3418986610458925,3.04260508083059,5.434263175437896,0.24436666452192923
2025-03-05 05:00:00,5,2,5,27.949231072288754,72.32799677465562,0.0,2,45.0,180,2.0,0.45,0,0,0.0,23.81013884962987,0.14188487858991294,-0.20952121699193071,4.139092222658885,23.942307980773545,0.3588812614659348,3.809103545478461,5.031068868236145,0.30592794776150367
2025-03-05 06:00:00,6,2,5,27.36699099014968,76.16943506213926,0.0,2,45.0,180,2.0,0.45,0,0,0.0,23.765105616257863,-0.045033233372006265,3.8414382874836406,3.601885373891818,23.747832812309227,0.07250235865426376,5.551418509737627,6.4473771819546375,0.4458618810363502
2025-03-05 07:00:00,7,2,5,27.550215495055916,56.21260340222208,0.0,2,45.0,180,2.0,0.45,0,0,0.0,23.9070682944646,0.14196267820673825,-19.956831659917178,3.643147200591315,23.82743758678411,0.07254505656059206,6.9306044978002594,6.275514676965274,0.556631129987398
2025-03-05 08:00:00,8,2,5,29.714659763887557,66.09730932595178,0.3,2,45.0,180,2.0,0.45,5,1,1.0,24.81821113734927,0.9111428428846686,9.884705923729705,4.896448626538287,24.163461682690578,0.57145514853128,32.85207690170388,28.17520493571582,2.6385128013050485
2025-03-05 09:00:00,9,2,5,34.09296201064669,67.98541150444892,0.3,2,45.0,180,2.0,0.45,3,1,2.0,24.951689652855332,0.13347851550606293,1.8881021784971352,9.141272357791355,24.558989694889732,0.5685114447174455,33.250299238205876,34.56760519033326,2.6704960069869887
2025-03-05 10:00:00,10,2,5,31.07688048993056,68.94316825825535,0.3,2,45.0,180,2.0,0.45,1,1,3.0,24.588594232635838,-0.36309542021949426,0.9577567538064358,6.488286257294721,24.786165007613477,0.18365670929605585,27.512477807418122,35.62071282547033,2.209663185304694
2025-03-05 11:00:00,11,2,5,34.19622002811444,65.74652454808873,0.3,2,45.0,180,2.0,0.45,5,1,4.0,25.320904150720132,0.7323099180842938,-3.196643710166626,8.875315877394307,24.95372934540377,0.3661592198627515,36.962235429143206,32.56548095596298,2.96861996385949
2025-03-05 12:00:00,12,2,5,33.27387377065967,54.76679185373876,0.3,2,45.0,180,2.0,0.45,1,1,4.0,24.526516148266925,-0.7943880024532071,-10.97973269434997,8.747357622392745,24.812004843874295,0.4418113856850405,28.268901004273097,28.080360912671246,2.270415273949733
2025-03-05 13:00:00,13,2,5,33.431532642987875,42.89173485122306,0.3,2,45.0,180,2.0,0.45,3,1,4.0,24.569091990817185,0.042575842550260035,-11.875057002515696,8.86244065217069,24.80550409660141,0.44685689815810076,33.57326335226229,38.182583817613484,2.69643485255373
2025-03-05 14:00:00,14,2,5,32.338645312882676,38.79135266705783,0.3,2,45.0,180,2.0,0.45,5,1,4.0,25.24693040240907,0.6778384115918854,-4.100382184165234,7.0917149104736055,24.780846180497722,0.40420174669133296,36.24926929504153,28.358495121411014,2.911358126887877
2025-03-05 15:00:00,15,2,5,33.768886701771905,40.19525302336044,0.3,2,45.0,180,2.0,0.45,5,1,4.0,25.568672510587167,0.32174210817809623,1.4039003563026142,8.200214191184738,25.128231634604475,0.5102522434881817,35.464512564302375,31.600691117969607,2.848330431982592
2025-03-05 16:00:00,16,2,5,30.820734215907525,27.732522882487448,0.3,2,45.0,180,2.0,0.45,3,1,4.0,24.73339542304623,-0.8352770875409377,-12.462730140872996,6.087338792861296,25.182999445347487,0.4212924503191237,31.289887292851322,26.807946704131172,2.5130456263268535
2025-03-05 17:00:00,17,2,5,32.49636562350154,27.57819552143235,0.3,2,45.0,180,2.0,0.45,2,1,4.0,24.713964278269138,-0.019431144777090736,-0.15432736105509903,7.782401345232401,25.005344070634177,0.48795347195384237,29.718022570786854,31.619315255845624,2.386801395147917
2025-03-05 18:00:00,18,2,5,26.439474822342504,25.048813494511272,0.3,2,45.0,180,2.0,0.45,5,1,4.0,24.668731384084015,-0.045232894185122774,-2.529382026921077,1.7707434382584886,24.705363695133126,0.03317886385208824,27.516312969325146,23.96672697831623,2.209971206128371
2025-03-05 19:00:00,19,2,5,27.939130967718974,33.83041829858311,0.0,2,45.0,180,2.0,0.45,0,0,3.0,24.687165690660787,0.01843430657677203,8.78160480407184,3.2519652770581864,24.689953784337977,0.022744972607916376,4.65221566840716,5.212197875916805,0.3736424528729741
2025-03-05 20:00:00,20,2,5,26.42762501674269,30.932634909839305,0.0,2,45.0,180,2.0,0.45,0,0,2.0,24.935069063917634,0.24790337325684675,-2.8977833887438074,1.4925559528250574,24.763655379554148,0.1487344758457783,5.709839358804753,4.808582012869151,0.4585854430658652
2025-03-05 21:00:00,21,2,5,23.16464889955134,36.155285628508864,0.0,2,45.0,180,2.0,0.45,0,0,1.0,24.662026445822146,-0.2730426180954879,5.222650718669559,-1.4973775462708048,24.76142040013352,0.1509085459254955,5.098676959421794,3.627369610023979,0.4094999676095293
2025-03-05 22:00:00,22,2,5,25.34635263359909,34.60512903801571,0.0,2,45.0,180,2.0,0.45,0,0,0.0,24.878047825528068,0.2160213797059214,-1.5501565904931525,0.4683048080710215,24.82504777842261,0.14403062719113197,7.176808159961776,5.042452104786044,0.5764049639609711
2025-03-05 23:00:00,23,2,5,24.519732370406835,43.10642692092411,0.0,2,45.0,180,2.0,0.45,0,0,0.0,25.090084029368963,0.2120362038408956,8.501297882908396,-0.570351658962128,24.876719433573058,0.2140318835523105,7.17327632811234,4.636179245078153,0.5761213050746646
2025-03-06 00:00:00,0,3,6,23.824108302275786,47.75859294217688,0.0,2,45.0,180,2.0,0.45,0,0,0.0,24.710259707867845,-0.37982432150111833,4.652166021252775,-0.8861514055920594,24.892797187588286,0.19034123715555984,3.8855098704621645,4.348938662358254,0.3120645176707175
2025-03-06 01:00:00,1,3,6,25.581576616785778,68.66732863357088,0.0,2,45.0,180,2.0,0.45,0,0,0.0,24.65688745134985,-0.05337225651799571,20.908735691393993,0.9246891654359288,24.819077062862217,0.23621120075670246,5.028685794692357,4.216193675450311,0.40387863095341997
2025-03-06 02:00:00,2,3,6,26.037251991542206,59.23738530498426,0.0,2,45.0,180,2.0,0.45,0,0,0.0,24.897497491109263,0.24061003975941375,-9.429943328586617,1.139754500432943,24.75488155010898,0.1263591287247589,5.080593861171665,3.992767653075833,0.4080476245396229
2025-03-06 03:00:00,3,3,6,25.321193184798595,70.06204388800109,0.0,2,45.0,180,2.0,0.45,0,0,0.0,24.76589518124776,-0.13160230986150268,10.824658583016827,0.5552980035508348,24.77342670790229,0.12048170287909162,4.638879327104106,5.195793189867415,0.3725713453336862
2025-03-06 04:00:00,4,3,6,24.943044785276072,76.88770025109436,0.0,2,45.0,180,2.0,0.45,0,0,0.0,25.014705172987068,0.24880999173930718,6.825656363093273,-0.07166038771099537,24.89269928178136,0.12447437530258762,3.867752287604863,3.04260508083059,0.310638318352196
2025-03-06 05:00:00,5,3,6,28.947376526856917,70.45338248237009,0.0,2,45.0,180,2.0,0.45,0,0,0.0,25.17831228294415,0.16360710995708416,-6.43431776872427,3.7690642439127657,24.98630421239299,0.20767023707066332,5.7804152978224055,3.809103545478461,0.4642537458376922
2025-03-06 06:00:00,6,3,6,29.700037917709587,71.01944245713078,0.0,2,45.0,180,2.0,0.45,0,0,0.0,25.48125871497256,0.3029464320284099,0.5660599747606909,4.218779202737025,25.22475872363459,0.2367192551831775,3.3784239477181006,5.551418509737627,0.2713379388755607
2025-03-06 07:00:00,7,3,6,29.29416583376358,69.27499510706151,0.0,2,45.0,180,2.0,0.45,0,0,0.0,25.517224399632493,0.03596568465993144,-1.7444473500692652,3.7769414341310856,25.3922651325164,0.18615920336742303,5.15595211936304,6.9306044978002594,0.4141000190204017
2025-03-06 08:00:00,8,3,6,30.529211662173235,74.68347533077167,0.3,2,45.0,180,2.0,0.45,3,1,1.0,25.39012726895942,-0.1270971306730715,5.408480223710157,5.139084393213814,25.462870127854824,0.06551355019028912,29.62022927388781,32.85207690170388,2.378947131731878
2025-03-06 09:00:00,9,3,6,33.50244945456622,65.23080426791844,0.3,2,45.0,180,2.0,0.45,5,1,2.0,25.43435311528179,0.04422584632236948,-9.452671062853227,8.068096339284427,25.447234927957897,0.06452035322099935,36.51836366333123,33.250299238205876,2.932970426701246
2025-03-06 10:00:00,10,3,6,31.59181364098216,62.70653266523899,0.3,2,45.0,180,2.0,0.45,1,1,3.0,24.984290824138466,-0.4500622911433254,-2.5242716026794554,6.607522816843694,25.269590402793224,0.24806424280060016,27.804135591017744,27.512477807418122,2.233087664613275
2025-03-06 11:00:00,11,3,6,32.83820622788596,58.2914434251652,0.3,2,45.0,180,2.0,0.45,5,1,4.0,25.365236676466495,0.38094585232802913,-4.41508924007379,7.472969551419467,25.261293538628916,0.24236779572583653,35.52234313341251,36.962235429143206,2.852975091051192
2025-03-06 12:00:00,12,3,6,33.331498001131095,47.7614216098788,0.3,2,45.0,180,2.0,0.45,2,1,4.0,24.899819998249477,-0.46541667821701793,-10.530021815286396,8.431678002881618,25.083115832951478,0.24794749013828635,31.817486018870024,28.268901004273097,2.555419689821158
2025-03-06 13:00:00,13,3,6,32.13033450354775,40.85437790680755,0.3,2,45.0,180,2.0,0.45,3,1,4.0,24.70354782480434,-0.1962721734451378,-6.907043703071253,7.426786678743412,24.989534833173433,0.339844961427468,30.364311849023245,33.57326335226229,2.4387080840027844
2025-03-06 14:00:00,14,3,6,34.4266855977679,45.62876282144964,0.3,2,45.0,180,2.0,0.45,2,1,4.0,24.646867424672728,-0.056680400131611464,4.774384914642091,9.779818173095173,24.750078415908845,0.13274062321401867,33.61944071406243,36.24926929504153,2.7001435848997764
2025-03-06 15:00:00,15,3,6,31.491885011723,39.06757820328501,0.3,2,45.0,180,2.0,0.45,1,1,4.0,24.390142910683192,-0.25672451398953555,-6.561184618164631,7.101742101039807,24.58018605338675,0.16700438319495226,27.434558101724686,35.464512564302375,2.2034050683046273
2025-03-06 16:00:00,16,3,6,29.11959779120042,36.83999980982328,0.3,2,45.0,180,2.0,0.45,3,1,4.0,24.753623512113794,0.36348060143060223,-2.2275783934617266,4.365974279086625,24.596877949156568,0.18682544701122852,28.406042793037237,31.289887292851322,2.281429809387804
2025-03-06 17:00:00,17,3,6,30.307139019068217,33.25131542605111,0.3,2,45.0,180,2.0,0.45,3,1,4.0,24.545571079325057,-0.20805243278873675,-3.5886843837721756,5.761567939743159,24.563112500707348,0.18237410178598218,29.5385061507881,29.718022570786854,2.372383543466016
2025-03-06 18:00:00,18,3,6,26.836421182169275,30.599484014757977,0.3,2,45.0,180,2.0,0.45,2,1,4.0,24.173128452732037,-0.3724426265930205,-2.6518314112931307,2.663292729437238,24.49077434805696,0.2941014107582306,23.074781395819034,27.516312969325146,1.853249835082006
2025-03-06 19:00:00,19,3,6,27.09522730890401,32.40972819918686,0.0,2,45.0,180,2.0,0.45,0,0,3.0,24.294865894446,0.1217374417139645,1.810244184428882,2.80036141445801,24.337855142167697,0.18990638243805713,3.37136140823368,4.65221566840716,0.2707707113941712
2025-03-06 20:00:00,20,3,6,25.592460650122693,23.32378543319558,0.0,2,45.0,180,2.0,0.45,0,0,2.0,24.407161150344205,0.11229525589820355,-9.085942765991277,1.1852994997784876,24.291718499174078,0.11704809037626462,4.25768715551293,5.709839358804753,0.3419559164367563
2025-03-06 21:00:00,21,3,6,23.45198792361865,32.054863941604346,0.0,2,45.0,180,2.0,0.45,0,0,1.0,24.496606696629396,0.08944554628519086,8.731078508408764,-1.0446187730107468,24.3995445804732,0.10108583935904987,3.616633219335105,5.098676959421794,0.2904697037996352
2025-03-06 22:00:00,22,3,6,23.297436693266462,30.375624525613585,0.0,2,45.0,180,2.0,0.45,0,0,0.0,24.65355254562571,0.15694584899631536,-1.6792394159907609,-1.356115852359249,24.5191067975331,0.12472718558026023,6.649291324721459,7.176808159961776,0.5340374775201576
2025-03-06 23:00:00,23,3,6,25.637443500027942,47.9485720599335,0.0,2,45.0,180,2.0,0.45,0,0,0.0,24.580043839802105,-0.07350870582360614,17.572947534319912,1.0573996602258369,24.576734360685734,0.07852524669418444,3.028201627896417,7.17327632811234,0.24320985196899628
2025-03-07 00:00:00,0,4,7,24.66684649635571,44.7010417123877,0.0,2,45.0,180,2.0,0.45,0,0,0.0,24.488063755727424,-0.09198008407468095,-3.2475303475457977,0.1787827406282858,24.57388671371841,0.08291602708029738,2.880250801389905,3.8855098704621645,0.23132718924209733
2025-03-07 01:00:00,1,4,7,26.371582284170714,52.79263517033296,0.0,2,45.0,180,2.0,0.45,0,0,0.0,24.72470459837853,0.23664084265110574,8.091593457945258,1.6468776857921839,24.597604064636016,0.11929372667869814,4.6208366835227785,5.028685794692357,0.37112225137834337
2025-03-07 02:00:00,2,4,7,24.253566294206795,56.479034698011944,0.0,2,45.0,180,2.0,0.45,0,0,0.0,24.733466193348985,0.008761594970454922,3.6863995276789865,-0.47989989914218967,24.648744849151644,0.13922284914725916,5.02555872602824,5.080593861171665,0.40362748060071874
2025-03-07 03:00:00,3,4,7,25.903388478096062,69.00140232997654,0.0,2,45.0,180,2.0,0.45,0,0,0.0,24.98924482153902,0.2557786281900363,12.522367631964599,0.9141436565570409,24.815805204422176,0.15026698564854926,5.752898376939097,4.638879327104106,0.4620437258069847
2025-03-07 04:00:00,4,4,7,27.261380173410693,52.6746654614376,0.0,2,45.0,180,2.0,0.45,0,0,0.0,24.95805361798807,-0.031191203550950064,-16.326736868538944,2.303326555422622,24.893588210958686,0.13954396506963954,6.419637688503313,3.867752287604863,0.5155928579960749
2025-03-07 05:00:00,5,4,7,25.841574449191768,72.18026211753141,0.0,2,45.0,180,2.0,0.45,0,0,0.0,25.191216226914992,0.23316260892692142,19.505596656093815,0.6503582222767754,25.046171555480694,0.1265768159198704,5.472064925920496,5.7804152978224055,0.4394886021913809
2025-03-07 06:00:00,6,4,7,29.207609344905165,67.50602664204916,0.0,2,45.0,180,2.0,0.45,0,0,0.0,25.319448464084783,0.12823223716979015,-4.674235475482249,3.888160880820383,25.156239436329283,0.18321869611514052,5.5763264597599,3.3784239477181006,0.44786236171173255
2025-03-07 07:00:00,7,4,7,29.08190151482821,75.37658384436112,0.0,2,45.0,180,2.0,0.45,0,0,0.0,25.362732784427095,0.043284320342312554,7.870557202311957,3.7191687304011154,25.291132491808956,0.08919544881718586,5.444978889050064,5.15595211936304,0.4373131885871485
2025-03-07 08:00:00,8,4,7,30.237413694962793,75.77390990022127,1.0,2,45.0,180,2.0,0.45,5,1,1.0,26.0459493837864,0.6832165993593051,0.39732605586014813,4.191464311176393,25.576043544099424,0.40752546757946234,31.80447388817655,29.62022927388781,2.554374621239658
2025-03-07 09:00:00,9,4,7,35.9209801729771,59.656402730064954,1.0,2,45.0,180,2.0,0.45,3,1,2.0,26.042330079738452,-0.003619304047948191,-16.117507170156316,9.878650093238651,25.817004082650644,0.39341464656615055,36.88448539454023,36.51836366333123,2.9623754739839887
2025-03-07 10:00:00,10,4,7,36.09393706350836,63.19795703289256,1.0,2,45.0,180,2.0,0.45,3,1,3.0,25.761845333175042,-0.2804847465634097,3.541554302827606,10.332091730333321,25.95004159889996,0.1629927932918616,36.06436775622299,27.804135591017744,2.8965077696756545
2025-03-07 11:00:00,11,4,7,34.630053561086164,54.597509499629325,1.0,2,45.0,180,2.0,0.45,2,1,4.0,25.70707775375223,-0.05476757942281196,-8.600447533263235,8.922975807333934,25.837084388888574,0.17984498088166687,32.4145953148319,35.52234313341251,2.603376491026988
2025-03-07 12:00:00,12,4,7,36.462352456537914,53.80965497898693,1.0,2,45.0,180,2.0,0.45,3,1,4.0,25.655671286046417,-0.051406467705813697,-0.7878545206423979,10.806681170491498,25.708198124324564,0.05309588961137683,36.92550181661908,31.817486018870024,2.965669705732033
2025-03-07 13:00:00,13,4,7,33.710609752226524,49.66259225389009,1.0,2,45.0,180,2.0,0.45,4,1,4.0,25.719124214592277,0.06345292854586049,-4.147062725096838,7.991485537634247,25.69395775146364,0.033699694068976084,34.47403106213392,30.364311849023245,2.768779963050389
2025-03-07 14:00:00,14,4,7,32.08284635545685,44.48467053133457,1.0,2,45.0,180,2.0,0.45,5,1,4.0,26.05629080684738,0.3371665922551017,-5.177921722555517,6.026555548609473,25.81036210249535,0.21533059293443968,34.69200199009302,33.61944071406243,2.7862862864847715
2025-03-07 15:00:00,15,4,7,32.68123159643374,29.018508556326324,1.0,2,45.0,180,2.0,0.45,1,1,4.0,25.701022123299428,-0.35526868354795127,-15.466161975008248,6.9802094731343125,25.82547904824636,0.20009365896674977,29.902484581738456,27.434558101724686,2.4016164517029877
2025-03-07 16:00:00,16,4,7,32.6306642103359,30.409457105672942,1.0,2,45.0,180,2.0,0.45,3,1,4.0,25.36715697884083,-0.33386514445859916,1.3909485493466178,7.263507231495073,25.70815663632921,0.3446223065660586,30.89082096047657,28.406042793037237,2.480994635161481
2025-03-07 17:00:00,17,4,7,32.80023013036475,32.419897543678495,1.0,2,45.0,180,2.0,0.45,3,1,4.0,25.423193395177243,0.056036416336414874,2.0104404380055527,7.3770367351875095,25.497124165772494,0.1787898285746241,32.21339508900896,29.5385061507881,2.587217105638731
2025-03-07 18:00:00,18,4,7,32.08428165897385,32.2458827142635,1.0,2,45.0,180,2.0,0.45,5,1,4.0,26.127099838248277,0.703906443071034,-0.17401482941499324,5.957181820725573,25.63915007075545,0.42350472451464843,35.45629112272851,23.074781395819034,2.8476701273418006
2025-03-07 19:00:00,19,4,7,25.540910753603196,26.83233132310958,0.0,2,45.0,180,2.0,0.45,0,0,3.0,26.231273742890156,0.10417390464187903,-5.41355139115392,-0.6903629892869603,25.927188992105226,0.4395699283324704,5.294534526909744,3.37136140823368,0.42523025767903233
2025-03-07 20:00:00,20,4,7,26.2703535036991,35.077199223300475,0.0,2,45.0,180,2.0,0.45,0,0,2.0,26.306053069706557,0.07477932681640098,8.244867900190894,-0.03569956600745883,26.221475550281664,0.08987807405680213,3.6694992122118784,4.25768715551293,0.29471563319327526
2025-03-07 21:00:00,21,4,7,28.115273556472594,29.4158165647383,0.0,2,45.0,180,2.0,0.45,0,0,1.0,26.479889698345445,0.17383662863888816,-5.661382658562175,1.635383858127149,26.33907217031405,0.12755457294998726,4.231861941212673,3.616633219335105,0.3398817657298906
2025-03-07 22:00:00,22,4,7,24.457163729736564,40.092055115425445,0.0,2,45.0,180,2.0,0.45,0,0,0.0,26.455595654695884,-0.02429404364956156,10.676238550687145,-1.9984319249593199,26.41384614091596,0.0941385138495238,4.049306482782516,6.649291324721459,0.3252198338387261
2025-03-07 23:00:00,23,4,7,25.218065123449808,42.36445557274216,0.0,2,45.0,180,2.0,0.45,0,0,0.0,26.431931044464257,-0.023664610231627137,2.2724004573167136,-1.213865921014449,26.455805465835194,0.02398001534770649,5.643893492246525,3.028201627896417,0.45328900431626473
2025-03-08 00:00:00,0,5,8,23.98300519101531,52.6637990658649,0.0,2,45.0,180,2.0,0.45,0,0,0.0,26.223737630211232,-0.2081934142530244,10.299343493122741,-2.2407324391959236,26.37042144312379,0.12758177445191116,2.423158004624708,2.880250801389905,0.19461580568915227
2025-03-08 01:00:00,1,5,8,25.741667206868865,50.608855145747974,0.0,2,45.0,180,2.0,0.45,0,0,0.0,26.039038606564844,-0.18469902364638813,-2.0549439201169264,-0.2973713996959795,26.231569093746774,0.19656326158642126,4.691495897104308,4.6208366835227785,0.37679724234231937
2025-03-08 02:00:00,2,5,8,24.969722325986716,67.39832339123424,0.0,2,45.0,180,2.0,0.45,0,0,0.0,25.919374170311084,-0.11966443625376044,16.78946824548627,-0.949651844324368,26.06071680236239,0.15333537445874754,5.76640668790781,5.02555872602824,0.4631286450807829
2025-03-08 03:00:00,3,5,8,23.207803820116702,58.64474387259064,0.0,2,45.0,180,2.0,0.45,0,0,0.0,25.853333810240656,-0.0660403600704278,-8.753579518643605,-2.645529990123954,25.93724886237219,0.09413392750063596,5.321990894814376,5.752898376939097,0.4274354144004923
2025-03-08 04:00:00,4,5,8,27.39151959327331,71.02927395819671,0.0,2,45.0,180,2.0,0.45,0,0,0.0,25.86583623399874,0.012502423758082415,12.384530085606073,1.52568335927457,25.87951473818349,0.035080741114494864,6.457371272864178,6.419637688503313,0.5186234288081779
2025-03-08 05:00:00,5,5,8,27.655220012354903,68.09529367943172,0.0,2,45.0,180,2.0,0.45,0,0,0.0,26.115335318318518,0.24949908431977974,-2.9339802787649916,1.5398846940363846,25.944835120852634,0.14778976842771782,4.867568431386148,5.472064925920496,0.39093849852684875
2025-03-08 06:00:00,6,5,8,28.66911369422972,70.00164681856,0.0,2,45.0,180,2.0,0.45,0,0,0.0,26.227274195771734,0.11193887745321618,1.906353139128285,2.441839498457984,26.069481916029662,0.1850304054170101,3.704500623064334,5.5763264597599,0.29752676963601116
2025-03-08 07:00:00,7,5,8,29.105324356964037,66.63163322743154,0.0,2,45.0,180,2.0,0.45,0,0,0.0,26.213587125638508,-0.013687070133226342,-3.370013591128469,2.8917372313255285,26.185398879909584,0.06106153428596513,3.6074742984988637,5.444978889050064,0.28973410556196916
2025-03-08 08:00:00,8,5,8,31.230176986646086,70.48627686285127,1.0,2,45.0,180,2.0,0.45,0,0,0.0,26.670198238819058,0.4566111131805499,3.854643635419734,4.559978747827028,26.3703531867431,0.2597635952420212,5.659485073820188,31.80447388817655,0.45454124135740503
2025-03-08 09:00:00,9,5,8,32.89083591335797,73.5569995400113,1.0,2,45.0,180,2.0,0.45,0,0,0.0,27.73704963147678,1.0668513926577212,3.0707226771600347,5.153786281881189,26.873611665311444,0.7818358320208988,5.487858442674264,36.88448539454023,0.44075705764572326
2025-03-08 10:00:00,10,5,8,31.980756090975884,56.2597027107921,1.0,2,45.0,180,2.0,0.45,0,0,0.0,28.526300649308457,0.7892510178316776,-17.297296829219206,3.4544554416674274,27.644516173201428,0.9315046270585304,5.341673398325544,36.06436775622299,0.4290162136184941
2025-03-08 11:00:00,11,5,8,31.322667740269004,58.094341054056365,1.0,2,45.0,180,2.0,0.45,0,0,0.0,29.393308378043372,0.8670077287349152,1.8346383432642668,1.9293593622256324,28.55221955294287,0.8284335224197528,4.865892376533142,32.4145953148319,0.3908038862708694
2025-03-08 12:00:00,12,5,8,33.58623893572659,54.95447810234952,1.0,2,45.0,180,2.0,0.45,0,0,0.0,30.1975913434945,0.8042829654511294,-3.1398629517068457,3.38864759223209,29.37240012361544,0.8358414995952482,5.396875087231903,36.92550181661908,0.43344973431397055
2025-03-08 13:00:00,13,5,8,32.99265863057651,41.83430944145751,1.0,2,45.0,180,2.0,0.45,0,0,0.0,30.95221591839776,0.7546245749032572,-13.120168660892006,2.0404427121787485,30.18103854664521,0.7795855797512449,4.742901686492653,34.47403106213392,0.38092589557079465
2025-03-08 14:00:00,14,5,8,32.11798419782129,42.48717958758967,1.0,2,45.0,180,2.0,0.45,0,0,0.0,31.537283845883632,0.5850679274858734,0.6528701461321589,0.5807003519376615,30.895697035925295,0.6716321822964972,4.428575059692343,34.69200199009302,0.35568076933158765
2025-03-08 15:00:00,15,5,8,29.83438158362644,38.236921400573706,1.0,2,45.0,180,2.0,0.45,0,0,0.0,32.16973324431752,0.6324493984338879,-4.250258187015966,-2.3353516606910816,31.553077669532968,0.6089123035198015,7.051368755012154,29.902484581738456,0.5663303048537869
2025-03-08 16:00:00,16,5,8,30.902258704228185,28.082413383128262,1.0,2,45.0,180,2.0,0.45,0,0,0.0,32.65591925449933,0.48618601018181096,-10.154508017445444,-1.753660550271146,32.120978781566826,0.5609091214989937,6.954495820846343,30.89082096047657,0.5585499603214991
2025-03-08 17:00:00,17,5,8,32.39769427988034,32.953771885049996,1.0,2,45.0,180,2.0,0.45,0,0,0.0,33.40064051630833,0.7447212618089978,4.871358501921733,-1.002946236427988,32.74209767170839,0.6199622712346672,5.294970047372105,32.21339508900896,0.42526523648170006
2025-03-08 18:00:00,18,5,8,29.460510442006534,25.278161404663386,1.0,2,45.0,180,2.0,0.45,0,0,0.0,33.79812849827,0.39748798196167456,-7.675610480386609,-4.337618056263469,33.28489608969255,0.5798345180810115,6.1753559071055,35.45629112272851,0.4959733797733662
2025-03-08 19:00:00,19,5,8,27.51635757207637,36.98248397569551,0.0,2,45.0,180,2.0,0.45,0,0,0.0,33.55831134705872,-0.23981715121128389,11.704322571032122,-6.04195377498235,33.58569345387901,0.2001537128843998,7.135762317472841,5.294534526909744,0.5731083693142628
2025-03-08 20:00:00,20,5,8,23.95433378629025,32.17663498305433,0.0,2,45.0,180,2.0,0.45,0,0,0.0,33.49006693374376,-0.06824441331495734,-4.805848992641181,-9.535733147453513,33.61550225969083,0.16179796738630384,5.35726411039344,3.6694992122118784,0.43026838082532515
2025-03-08 21:00:00,21,5,8,27.790479367129596,33.71227745721448,0.0,2,45.0,180,2.0,0.45,0,0,0.0,33.27956266880174,-0.21050426494202412,1.5356424741601558,-5.489083301672142,33.442646983201406,0.1452986413892664,2.6977621520371744,4.231861941212673,0.21667062311841723
2025-03-08 22:00:00,22,5,8,24.024841038292603,38.514396188576306,0.0,2,45.0,180,2.0,0.45,0,0,0.0,32.56757001345177,-0.7119926553499667,4.802118731361823,-8.542728975159168,33.112399871999095,0.48343323475243605,6.423403684912289,4.049306482782516,0.5158953237964712
2025-03-08 23:00:00,23,5,8,21.424683706947146,44.10781114314105,0.0,2,45.0,180,2.0,0.45,0,0,0.0,32.02356067757216,-0.5440093358796076,5.593414954564743,-10.598876970625017,32.62356445327523,0.6298704497446403,4.342959409888005,5.643893492246525,0.34880455299139396
2025-03-09 00:00:00,0,6,9,25.30855833506879,59.787601280295,0.0,2,45.0,180,2.0,0.45,0,0,0.0,31.626161008402157,-0.3973996691700066,15.679790137153951,-6.317602673333369,32.07243056647536,0.47260335190113406,4.482562384839072,2.423158004624708,0.3600167584665843
2025-03-09 01:00:00,1,6,9,25.824581637641433,61.23623905672432,0.0,2,45.0,180,2.0,0.45,0,0,0.0,31.386480280569796,-0.23968072783236138,1.4486377764293223,-5.561898642928362,31.678733988848037,0.3217775578966074,5.08750456915754,4.691495897104308,0.4086026576823179
2025-03-09 02:00:00,2,6,9,26.13944972676087,65.60340422287017,0.0,2,45.0,180,2.0,0.45,0,0,0.0,31.158924495882395,-0.22755578468740012,4.3671651661458455,-5.019474769121526,31.390521928284784,0.23364447531476065,2.051171341002311,5.76640668790781,0.16473971667294932
2025-03-09 03:00:00,3,6,9,25.100629014067934,65.16788488704839,0.0,2,45.0,180,2.0,0.45,0,0,0.0,30.881250341828427,-0.2776741540539689,-0.4355193358217804,-5.7806213277604925,31.142218372760208,0.2530289383894622,4.1217316445140275,5.321990894814376,0.3310366568340257
2025-03-09 04:00:00,4,6,9,26.13319463047393,74.98498342769707,0.0,2,45.0,180,2.0,0.45,0,0,0.0,30.812431832996875,-0.06881850883155138,9.817098540648686,-4.679237202522945,30.9508688902359,0.1834375863070733,6.012768367231196,6.457371272864178,0.48291517019426966
2025-03-09 05:00:00,5,6,9,30.233976372545584,66.38897821478946,0.0,2,45.0,180,2.0,0.45,0,0,0.0,30.773888412389603,-0.03854342060727234,-8.596005212907613,-0.5399120398440189,30.822523529071635,0.05438775340529029,5.796234510804219,4.867568431386148,0.46552426508321726
2025-03-09 06:00:00,6,6,9,29.28622125032943,74.95813993575129,0.0,2,45.0,180,2.0,0.45,0,0,0.0,30.760602742935554,-0.013285669454049298,8.56916172096183,-1.474381492606124,30.782307662774013,0.02692074436084565,4.374639318218085,3.704500623064334,0.35134892313648974
2025-03-09 07:00:00,7,6,9,30.27204074198772,74.26909766893273,0.0,2,45.0,180,2.0,0.45,0,0,0.0,30.58664617647942,-0.173956566456134,-0.6890422668185607,-0.31460543449169975,30.707045777268192,0.10448050131867849,6.001326062448424,3.6074742984988637,0.4819961820969232
2025-03-09 08:00:00,8,6,9,30.496000930330975,71.08356276047091,1.0,2,45.0,180,2.0,0.45,0,0,0.0,31.10785078109852,0.5212046046191006,-3.1855349084618183,-0.6118498507675447,30.818366566837835,0.26536023530837705,6.7652305255239735,5.659485073820188,0.5433491282387959
2025-03-09 09:00:00,9,6,9,33.371892978282894,64.36471378730903,1.0,2,45.0,180,2.0,0.45,0,0,0.0,31.740237240904452,0.6323864598059323,-6.718848973161883,1.6316557373784413,31.14491139949413,0.5776878076065253,5.1358634501305565,5.487858442674264,0.412486598624191
2025-03-09 10:00:00,10,6,9,35.87618610730186,60.35984948442025,1.0,2,45.0,180,2.0,0.45,0,0,0.0,32.59486472122871,0.8546274803242575,-4.004864302888777,3.2813213860731523,31.81431758107723,0.7462697482381769,5.863536444283447,5.341673398325544,0.4709296162751328
2025-03-09 11:00:00,11,6,9,34.6481189062755,60.6543068210505,1.0,2,45.0,180,2.0,0.45,0,0,0.0,33.327069453352614,0.732204732123904,0.294457336630245,1.3210494529228853,32.55405713849526,0.7942027837537448,5.472361782041565,4.865892376533142,0.43951244417488566
2025-03-09 12:00:00,12,6,9,34.37726835000685,47.443363144956656,1.0,2,45.0,180,2.0,0.45,0,0,0.0,34.06971550364221,0.7426460502895935,-13.21094367609384,0.30755284636464353,33.33054989274118,0.7374315511897936,5.256325404976056,5.396875087231903,0.4221614940921727
2025-03-09 13:00:00,13,6,9,32.16249788489298,46.89917262206086,1.0,2,45.0,180,2.0,0.45,0,0,0.0,34.38437562352389,0.31466011988167963,-0.5441905228957964,-2.2218777386309085,33.927053526839565,0.5428981618033855,4.611095555795442,4.742901686492653,0.3703398932253223
2025-03-09 14:00:00,14,6,9,33.297648029651214,47.02981958461673,1.0,2,45.0,180,2.0,0.45,0,0,0.0,34.48619758259714,0.10182195907325564,0.13064696255587194,-1.1885495529459291,34.313429569921084,0.217115953844993,4.323158402527022,4.428575059692343,0.34721423614302505
2025-03-09 15:00:00,15,6,9,34.380588826140965,36.40825136866815,1.0,2,45.0,180,2.0,0.45,0,0,0.0,34.80013350258254,0.31393591998539705,-10.621568215948585,-0.4195446764415749,34.55690223623452,0.2167095164830816,3.315945918951866,7.051368755012154,0.26632001933296195
2025-03-09 16:00:00,16,6,9,33.87557788459662,26.917871207605522,1.0,2,45.0,180,2.0,0.45,0,0,0.0,35.41087476931234,0.6107412667298036,-9.490380161062625,-1.53529688471572,34.899068618164016,0.47021068972241686,4.573983558046094,6.954495820846343,0.36735924510871626
2025-03-09 17:00:00,17,6,9,29.321061360149223,37.1800624384922,1.0,2,45.0,180,2.0,0.45,0,0,0.0,35.74081510893205,0.3299403396197036,10.262191230886678,-6.419753748782824,35.31727446027564,0.47727479979557363,5.3022380060292,5.294970047372105,0.4258489621929688
2025-03-09 18:00:00,18,6,9,30.642973852420745,22.95457543433625,1.0,2,45.0,180,2.0,0.45,0,0,0.0,35.83783893892435,0.09702382999230252,-14.225487004155951,-5.194865086503604,35.66317627238958,0.2238201113347037,5.373459864897425,6.1753559071055,0.43156914198308755
2025-03-09 19:00:00,19,6,9,29.676368754233973,28.162504890444115,0.0,2,45.0,180,2.0,0.45,0,0,0.0,35.623423423578195,-0.214415515346154,5.207929456107866,-5.947054669344222,35.73402582381153,0.10736886932270547,4.490178623154953,7.135762317472841,0.36062845624004225
2025-03-09 20:00:00,20,6,9,26.67193270798038,34.96676790126501,0.0,2,45.0,180,2.0,0.45,0,0,0.0,35.136484083087545,-0.48693934049065035,6.804263010820893,-8.464551375107167,35.53258214853003,0.35939360232307643,6.270370633876041,5.35726411039344,0.503604482477974
2025-03-09 21:00:00,21,6,9,27.68078820224428,39.64368773552439,0.0,2,45.0,180,2.0,0.45,0,0,0.0,34.844393974556404,-0.29209010853114137,4.67691983425938,-7.163605772312124,35.20143382707405,0.39355504385503315,5.497121936908106,2.6977621520371744,0.441501054690231
2025-03-09 22:00:00,22,6,9,26.358205535806512,36.943400692332276,0.0,2,45.0,180,2.0,0.45,0,0,0.0,34.165483000248585,-0.6789109743078185,-2.7002870431921124,-7.807277464442073,34.71545368596418,0.4981766496287117,4.487980294707106,6.423403684912289,0.3604518976081946
2025-03-09 23:00:00,23,6,9,23.552156458776476,47.25037026035783,0.0,2,45.0,180,2.0,0.45,0,0,0.0,33.844273971509104,-0.32120902873948154,10.306969568025558,-10.292117512732627,34.2847169821047,0.5106099900567621,3.710207688153118,4.342959409888005,0.2979851322637285
2025-03-10 00:00:00,0,0,10,24.445738540320992,40.01589816617019,0.0,2,45.0,180,2.0,0.45,0,0,0.0,33.79598655606467,-0.0482874154444346,-7.234472094187645,-9.350248015743677,33.93524784260745,0.2008459346939397,3.8316154225750485,4.482562384839072,0.3077359879678649
2025-03-10 01:00:00,1,0,10,24.39135786109334,53.49073487959573,0.0,2,45.0,180,2.0,0.45,0,0,0.0,33.0240612423837,-0.771925313680967,13.474836713425539,-8.632703381290362,33.55477392331915,0.4602443708529449,3.458573987914628,5.08750456915754,0.2777751850720921
2025-03-10 02:00:00,2,0,10,26.220310497493372,58.92281711075322,0.0,2,45.0,180,2.0,0.45,0,0,0.0,32.75362872689965,-0.2704325154840532,5.432082231157494,-6.533318229406277,33.19122550844934,0.5409116192986785,4.845484220541019,2.051171341002311,0.38916480631262623
2025-03-10 03:00:00,3,0,10,25.799993356702675,71.69517173496767,0.0,2,45.0,180,2.0,0.45,0,0,0.0,32.48960330834918,-0.26402541855046735,12.77235462421445,-6.689609951646506,32.755764425877516,0.2672353676455718,4.279782189607705,4.1217316445140275,0.34373047791969596
2025-03-10 04:00:00,4,0,10,30.164834012780005,66.82922254506944,0.0,2,45.0,180,2.0,0.45,0,0,0.0,32.45589888362645,-0.03370442472272828,-4.865949189898231,-2.291064870846448,32.56637697295843,0.1630380678767225,5.524138652585438,6.012768367231196,0.4436709007665429
2025-03-10 05:00:00,5,0,10,27.564710821142246,65.74424043963737,0.0,2,45.0,180,2.0,0.45,0,0,0.0,32.61364133084734,0.15774244722088326,-1.0849821054320756,-5.048930509705091,32.51971450760766,0.0830703506333633,4.735002630226589,5.796234510804219,0.3802914832887767
2025-03-10 06:00:00,6,0,10,28.672939395748518,69.71541356263477,0.0,2,45.0,180,2.0,0.45,0,0,0.0,32.721662818028584,0.10802148718124727,3.971173122997399,-4.048723422280066,32.59706767750079,0.13365489776330075,4.375844922031144,4.374639318218085,0.3514457511423286
2025-03-10 07:00:00,7,0,10,30.025882004927045,56.88411958938032,0.0,2,45.0,180,2.0,0.45,0,0,0.0,32.883657945649894,0.16199512762131008,-12.831293973254446,-2.857775940722849,32.7396540315086,0.13590439981537575,4.415077874341264,6.001326062448424,0.3545967436111754
2025-03-10 08:00:00,8,0,10,30.789034319858807,74.4987834562506,1.0,2,45.0,180,2.0,0.45,3,1,1.0,29.649752413939073,-3.233905531710821,17.614663866870288,1.1392819059197343,31.75169105920585,1.8221334080392295,28.192587476079822,6.7652305255239735,2.264286157009785
2025-03-10 09:00:00,9,0,10,33.459560703235944,68.66044187690909,1.0,2,45.0,180,2.0,0.45,5,1,2.0,28.5171019475705,-1.132650466368574,-5.838341579341517,4.942458755665445,30.350170769053154,2.2659748951006167,37.854300542696194,5.1358634501305565,3.040266125797736
2025-03-10 10:00:00,10,0,10,31.508020695410895,62.559183262544195,1.0,2,45.0,180,2.0,0.45,3,1,3.0,27.496048067407855,-1.0210538801626434,-6.101258614364895,4.01197262800304,28.55430080963914,1.0773339406011344,30.458817547317828,5.863536444283447,2.4462983041125392
2025-03-10 11:00:00,11,0,10,34.1012118411631,53.319365387861865,1.0,2,45.0,180,2.0,0.45,4,1,4.0,26.872287123696157,-0.623760943711698,-9.23981787468233,7.228924717466942,27.62847904622484,0.8303658376413982,35.27812044166885,5.472361782041565,2.8333603586108995
2025-03-10 12:00:00,12,0,10,32.202596222776,54.96608803875813,1.0,2,45.0,180,2.0,0.45,1,1,4.0,25.76616192215589,-1.1061252015402658,1.6467226508962653,6.43643430062011,26.7114990377533,0.8760799765543225,29.60272042005675,5.256325404976056,2.3775409090718114
2025-03-10 13:00:00,13,0,10,34.52402388886689,45.014278745772806,1.0,2,45.0,180,2.0,0.45,2,1,4.0,25.498317005797954,-0.2678449163579373,-9.951809292985324,9.025706883068938,26.045588683883334,0.7283597720881303,34.046766711867065,4.611095555795442,2.734464249584435
2025-03-10 14:00:00,14,0,10,34.45608472044304,35.249793358101314,1.0,2,45.0,180,2.0,0.45,3,1,4.0,25.753180219532428,0.25486321373447396,-9.764485387671492,8.70290450091061,25.672553049162094,0.15103238148156836,36.083382606346625,4.323158402527022,2.8980349463475044
2025-03-10 15:00:00,15,0,10,31.816905157226962,35.66991626744108,1.0,2,45.0,180,2.0,0.45,3,1,4.0,25.55654568438861,-0.19663453514381857,0.42012290933976715,6.260359472838353,25.60268096990633,0.13354835399946427,31.229564024208887,3.315945918951866,2.5082007662284838
2025-03-10 16:00:00,16,0,10,29.43559207398336,25.51524459180106,1.0,2,45.0,180,2.0,0.45,2,1,4.0,25.117180779862046,-0.4393649045265633,-10.15467167564002,4.318411294121315,25.475635561261026,0.32562809742633614,28.375216886353613,4.573983558046094,2.27895402833932
2025-03-10 17:00:00,17,0,10,32.479999663648535,35.915320670642515,1.0,2,45.0,180,2.0,0.45,1,1,4.0,24.978177745355964,-0.1390030345060822,10.400076078841455,7.5018219182925705,25.217301403202203,0.30190308484441136,28.114705511830383,5.3022380060292,2.2580310712117764
2025-03-10 18:00:00,18,0,10,28.791826258632533,32.596526382960064,1.0,2,45.0,180,2.0,0.45,1,1,4.0,24.74027503155268,-0.2379027138032832,-3.3187942876824508,4.051551227079852,24.945211185590228,0.19060320386625076,22.900710268034395,5.373459864897425,1.8392693217533782
2025-03-10 19:00:00,19,0,10,30.657618801693864,26.424198939114433,0.0,2,45.0,180,2.0,0.45,0,0,3.0,24.921244254699637,0.18096922314695618,-6.1723274438456315,5.736374546994227,24.879899010536093,0.1242235775518258,4.797935852913109,4.490178623154953,0.3853459617067653
2025-03-10 20:00:00,20,0,10,26.638058706524493,34.677497344994784,0.0,2,45.0,180,2.0,0.45,0,0,2.0,24.868267009158686,-0.0529772455409514,8.25329840588035,1.7697916973658074,24.843262098470333,0.09303977160508722,6.772175048374179,6.270370633876041,0.5439068772205131
2025-03-10 21:00:00,21,0,10,26.84020757001203,34.069265807666355,0.0,2,45.0,180,2.0,0.45,0,0,1.0,25.002082372851167,0.13381536369248082,-0.6082315373284288,1.8381251971608634,24.93053121223649,0.06738934318632048,6.183326715556085,5.497121936908106,0.4966135548282507
2025-03-10 22:00:00,22,0,10,22.164941055437417,44.414442078252534,0.0,2,45.0,180,2.0,0.45,0,0,0.0,25.047667288775088,0.04558491592392144,10.34517627058618,-2.882726233337671,24.97267222359498,0.09324608700043631,3.931475925884428,4.487980294707106,0.31575627895631375
2025-03-10 23:00:00,23,0,10,23.62350514751925,53.22043424462054,0.0,2,45.0,180,2.0,0.45,0,0,0.0,24.917683614689604,-0.1299836740854836,8.805992166368007,-1.2941784671703545,24.98914442543862,0.06595060078920435,4.386424602813825,3.710207688153118,0.3522954576391918
2025-03-11 00:00:00,0,1,11,23.381799732285263,50.562602161073364,0.0,2,45.0,180,2.0,0.45,0,0,0.0,24.846194670579965,-0.07148894410963891,-2.657832083547177,-1.4643949382947028,24.937181858014885,0.10214176467051243,5.442489459109732,3.8316154225750485,0.43711325015448343
2025-03-11 01:00:00,1,1,11,23.857351053522976,49.339162726651296,0.0,2,45.0,180,2.0,0.45,0,0,0.0,24.39525725478267,-0.45093741579729496,-1.223439434422069,-0.5379062012596947,24.719711846684078,0.283250337928717,5.244279452622547,3.458573987914628,0.4211940240724311
2025-03-11 02:00:00,2,1,11,23.62785103186623,59.28373991305907,0.0,2,45.0,180,2.0,0.45,0,0,0.0,24.494654713287712,0.09939745850504167,9.944577186407777,-0.8668036814214837,24.578702212883446,0.2369264123784546,5.5519517754717045,4.845484220541019,0.445904710245294
2025-03-11 03:00:00,3,1,11,27.449114443412686,65.21534192627655,0.0,2,45.0,180,2.0,0.45,0,0,0.0,24.44987834897909,-0.0447763643086212,5.9316020132174785,2.999236094433595,24.446596772349825,0.04977991811977416,4.738879075258187,4.279782189607705,0.38060281976439836
2025-03-11 04:00:00,4,1,11,29.370596421416092,62.371584613630645,0.0,2,45.0,180,2.0,0.45,0,0,0.0,24.498415691327185,0.04853734234809437,-2.8437573126459057,4.872180730088907,24.48098291786466,0.027002905268464977,5.547822858121598,5.524138652585438,0.44557309646889914
2025-03-11 05:00:00,5,1,11,30.21822251373019,65.02249496351622,0.0,2,45.0,180,2.0,0.45,0,0,0.0,24.925126838472238,0.42671114714505265,2.650910349885578,5.293095675257952,24.624473626259505,0.2615018812757339,4.9761813810437046,4.735002630226589,0.3996617417761698
2025-03-11 06:00:00,6,1,11,25.825096146518224,73.88152081855809,0.0,2,45.0,180,2.0,0.45,0,0,0.0,24.452609821369798,-0.4725170171024402,8.859025855041864,1.3724863251484258,24.62538411705641,0.2605932054213662,2.842985436194229,4.375844922031144,0.22833422342723286
2025-03-11 07:00:00,7,1,11,34.11219524424672,69.75611563655252,0.0,2,45.0,180,2.0,0.45,0,0,0.0,24.752871187820734,0.30026136645093615,-4.125405182005565,9.359324056425987,24.710202615887592,0.23913079712947122,5.141234216929749,4.415077874341264,0.41291795147274585
2025-03-11 08:00:00,8,1,11,31.53717939047938,69.4601072372421,0.3,2,45.0,180,2.0,0.45,5,1,1.0,25.407370976429856,0.6544997886091224,-0.29600839931042344,6.129808414049524,24.87095066187346,0.48821029018974194,35.76932527254259,28.192587476079822,2.8728114483609066
2025-03-11 09:00:00,9,1,11,31.843304321323373,72.35360424827456,0.3,2,45.0,180,2.0,0.45,3,1,2.0,25.220138174335805,-0.18723280209405146,2.8934970110324656,6.623166146987568,25.126793446195464,0.33708666841906776,32.16352631894892,37.854300542696194,2.583211898035496
2025-03-11 10:00:00,10,1,11,33.547959508063215,55.781459549416766,0.3,2,45.0,180,2.0,0.45,2,1,3.0,24.93090827415086,-0.2892299001849459,-16.572144698857798,8.617051233912356,25.186139141638844,0.24004401124340458,31.399173324358777,30.458817547317828,2.521822928108991
2025-03-11 11:00:00,11,1,11,35.38003592217501,60.797189265152966,0.3,2,45.0,180,2.0,0.45,1,1,4.0,24.911918202347582,-0.01899007180327672,5.0157297157361995,10.46811771982743,25.020988216944748,0.17273009249474114,33.4301530189452,35.27812044166885,2.684940953778746
2025-03-11 12:00:00,12,1,11,34.19994364602133,46.4132276489832,0.3,2,45.0,180,2.0,0.45,3,1,4.0,24.774687835765864,-0.1372303665817185,-14.383961616169763,9.425255810255468,24.87250477075477,0.08524242068690467,34.37741026459848,29.60272042005675,2.7610198688581
2025-03-11 13:00:00,13,1,11,34.223788975523135,38.62684454741718,0.3,2,45.0,180,2.0,0.45,1,1,4.0,24.401344724005767,-0.3733431117600965,-7.786383101566024,9.822444251517368,24.695983587373068,0.2642292342505677,29.657363013968226,34.046766711867065,2.3819295260826423
2025-03-11 14:00:00,14,1,11,34.39139508188787,34.15297024935365,0.3,2,45.0,180,2.0,0.45,4,1,4.0,24.898894721089277,0.4975499970835102,-4.473874298063528,9.492500360798594,24.691642426953635,0.25896216874837824,36.731434747249885,36.083382606346625,2.9500832194232838
2025-03-11 15:00:00,15,1,11,33.00954003410476,27.704481090169534,0.3,2,45.0,180,2.0,0.45,1,1,4.0,24.64514850827559,-0.25374621281368803,-6.448489159184117,8.36439152582917,24.64846265112355,0.24879155443138115,30.13984254899823,31.229564024208887,2.4206798441630903
2025-03-11 16:00:00,16,1,11,36.14822569676569,32.98025230787339,0.3,2,45.0,180,2.0,0.45,3,1,4.0,24.635272647149364,-0.009875861126225516,5.275771217703859,11.512953049616328,24.726438625504745,0.14943296770212205,36.66727451165059,28.375216886353613,2.9449301935287564
2025-03-11 17:00:00,17,1,11,30.380368099806844,30.740131630323052,0.3,2,45.0,180,2.0,0.45,4,1,4.0,24.74484318087124,0.10957053372187531,-2.2401206775503404,5.635524918935605,24.675088112098734,0.060611140664565695,31.17202774931135,28.114705511830383,2.5035797433838467
2025-03-11 18:00:00,18,1,11,28.10473664837513,28.897672867520633,0.3,2,45.0,180,2.0,0.45,2,1,4.0,24.400289155112848,-0.34455402575839145,-1.8424587628024192,3.7044474932622826,24.59346832771115,0.17603996707897746,26.630825665941313,22.900710268034395,2.1388533406624544
2025-03-11 19:00:00,19,1,11,30.35158395519656,35.277970327092675,0.0,2,45.0,180,2.0,0.45,0,0,3.0,24.774048574360766,0.3737594192479179,6.380297459572041,5.577535380835794,24.63972697011495,0.20787277164596613,2.9666354642622745,4.797935852913109,0.23826516882576704
2025-03-11 20:00:00,20,1,11,26.231034583318568,31.48066039509765,0.0,2,45.0,180,2.0,0.45,0,0,2.0,24.707402865707245,-0.06664570865352104,-3.7973099319950236,1.5236317176113232,24.627246865060286,0.19935587324867515,5.661379055972284,6.772175048374179,0.4546933564327684
2025-03-11 21:00:00,21,1,11,25.579387070928384,45.56860843831175,0.0,2,45.0,180,2.0,0.45,0,0,1.0,24.67252891172473,-0.03487395398251536,14.087948043214098,0.9068581592036544,24.71799345059758,0.05158178788578705,5.749578805290588,6.183326715556085,0.461777114587376
2025-03-11 22:00:00,22,1,11,23.93418012595169,49.379888039826135,0.0,2,45.0,180,2.0,0.45,0,0,0.0,24.386547401927732,-0.2859815097969971,3.8112796015143857,-0.4523672759760409,24.588826393119902,0.17604442869544265,5.220256113813865,3.931475925884428,0.41926459089940976
2025-03-11 23:00:00,23,1,11,23.29333513944467,46.36237658800439,0.0,2,45.0,180,2.0,0.45,0,0,0.0,24.563663973514686,0.1771165715869536,-3.017511451821747,-1.270328834070014,24.540913429055717,0.1443417695649683,4.211233545287382,4.386424602813825,0.33822499721318094
2025-03-12 00:00:00,0,2,12,22.151594600582563,59.868954603904264,0.0,2,45.0,180,2.0,0.45,0,0,0.0,24.546494280261,-0.01716969325368467,13.506578015899876,-2.3948996796784385,24.498901885234474,0.097679818953399,4.435682073338954,5.442489459109732,0.3562515687529375
2025-03-12 01:00:00,1,2,12,25.78010510141531,56.101070578622625,0.0,2,45.0,180,2.0,0.45,0,0,0.0,24.679623419560027,0.13312913929902592,-3.7678840252816386,1.1004816818552818,24.596593891111905,0.07241634164443975,5.725347481195548,5.244279452622547,0.459830977087192
2025-03-12 02:00:00,2,2,12,23.41253214532711,70.64318043207159,0.0,2,45.0,180,2.0,0.45,0,0,0.0,24.78121824655958,0.10159482699955191,14.542109853448963,-1.3686861012324698,24.669111982126868,0.11771449709461397,7.467501213007883,5.5519517754717045,0.5997519609866848
2025-03-12 03:00:00,3,2,12,24.430768275352314,68.7229542006716,0.0,2,45.0,180,2.0,0.45,0,0,0.0,24.86775458161392,0.08653633505434044,-1.9202262313999938,-0.4369863062616055,24.77619874924451,0.09416597075765219,3.927779874982192,4.738879075258187,0.31545943082555467
2025-03-12 04:00:00,4,2,12,24.646689359650118,80.86537101866733,0.0,2,45.0,180,2.0,0.45,0,0,0.0,25.31559888074557,0.44784429913164914,12.142416817995738,-0.6689095210954505,24.988190569639688,0.28682622954828874,4.565699033604144,5.547822858121598,0.3666938739707449
2025-03-12 05:00:00,5,2,12,27.658559594942787,60.51168169305447,0.0,2,45.0,180,2.0,0.45,0,0,0.0,25.213148633603424,-0.10245024714214424,-20.353689325612862,2.4454109613393626,25.13216736532097,0.23464782851218188,4.171892502304091,4.9761813810437046,0.335065323447693
2025-03-12 06:00:00,6,2,12,28.112563325967926,68.43641738320596,0.0,2,45.0,180,2.0,0.45,0,0,0.0,25.73699212973093,0.5238434961275047,7.924735690151493,2.375571196236997,25.421913214693305,0.2776329506932961,5.854709040919338,2.842985436194229,0.47022064384553036
2025-03-12 07:00:00,7,2,12,29.67213913029959,62.84218756159345,0.0,2,45.0,180,2.0,0.45,0,0,0.0,25.875526912250898,0.13853478251996876,-5.594229821612515,3.7966122180486934,25.60855589186175,0.34936821035166216,5.078635207455878,5.141234216929749,0.4078903153710765
2025-03-12 08:00:00,8,2,12,33.85790119740299,63.555941020259695,0.3,2,45.0,180,2.0,0.45,3,1,1.0,25.33028271059368,-0.5452442016572192,0.7137534586662468,8.52761848680931,25.647600584191835,0.28340068131612045,34.342594627520725,35.76932527254259,2.7582236528261546
2025-03-12 09:00:00,9,2,12,33.05865514272713,68.80906792630147,0.3,2,45.0,180,2.0,0.45,1,1,2.0,25.104599202006412,-0.2256835085872666,5.253126906041771,7.954055940720721,25.436802941617,0.39634871428892143,29.261402683910912,32.16352631894892,2.350127993327463
2025-03-12 10:00:00,10,2,12,33.20063958207629,51.990798613223156,0.3,2,45.0,180,2.0,0.45,1,1,3.0,24.867111088789464,-0.23748811321694774,-16.81826931307831,8.333528493286828,25.100664333796516,0.2316108810092647,31.151877709336855,31.399173324358777,2.50196139399977
2025-03-12 11:00:00,11,2,12,33.47646891277098,53.461260381455475,0.3,2,45.0,180,2.0,0.45,4,1,4.0,24.94641852446511,0.07930743567564491,1.4704617682323189,8.530050388305874,24.972709605086994,0.12090726475221862,34.34521702708029,33.4301530189452,2.7584342707066845
2025-03-12 12:00:00,12,2,12,34.73473378796533,49.105394269420316,0.3,2,45.0,180,2.0,0.45,2,1,4.0,24.93684248902558,-0.009576035439529562,-4.355866112035159,9.797891298939753,24.91679070076005,0.043289409763487184,33.1854593158672,34.37741026459848,2.665288392088299
2025-03-12 13:00:00,13,2,12,34.653093719778795,54.9504090345136,0.3,2,45.0,180,2.0,0.45,4,1,4.0,25.238257182189116,0.30141469316353664,5.845014765093282,9.414836537589679,25.040506065226605,0.17132440955232947,36.78998774128678,29.657363013968226,2.9547859000112826
2025-03-12 14:00:00,14,2,12,35.96490227366738,41.480411279450415,0.3,2,45.0,180,2.0,0.45,5,1,4.0,25.571743826876258,0.3334866446871416,-13.469997755063183,10.39315844679112,25.248947832696985,0.3175856494037297,42.45744477164842,36.731434747249885,3.4099674086324288
2025-03-12 15:00:00,15,2,12,33.65654429329958,37.48233206650259,0.3,2,45.0,180,2.0,0.45,2,1,4.0,25.027541686192137,-0.5442021406841206,-3.9980792129478218,8.629002607107445,25.27918089841917,0.27439944495877977,33.049892236328745,30.13984254899823,2.654400329337563
2025-03-12 16:00:00,16,2,12,31.50313317479698,38.45073202044248,0.3,2,45.0,180,2.0,0.45,3,1,4.0,24.83208611011068,-0.19545557608145714,0.9683999539398869,6.671047064686299,25.14379054105969,0.3832867486439625,30.75109953220392,36.66727451165059,2.469772916114096
2025-03-12 17:00:00,17,2,12,34.15906034535244,20.0,0.3,2,45.0,180,2.0,0.45,3,1,4.0,25.174580571009532,0.3424944608988518,-18.45073202044248,8.984479774342905,25.011402789104114,0.1718166520912294,35.27223031163671,31.17202774931135,2.832887293132037
2025-03-12 18:00:00,18,2,12,29.533792764939733,28.856457738689045,0.3,2,45.0,180,2.0,0.45,2,1,4.0,24.29760784342234,-0.8769727275871908,8.856457738689045,5.236184921517392,24.76809150818085,0.44197485566473843,26.463339165785563,26.630825665941313,2.1254016713500703
2025-03-12 19:00:00,19,2,12,27.424783776470292,28.51427528177327,0.0,2,45.0,180,2.0,0.45,0,0,3.0,24.773934791237902,0.4763269478155614,-0.34218245691577565,2.6508489852323898,24.74870773522326,0.4390302888174372,5.019063980044923,2.9666354642622745,0.40310585542403715
2025-03-12 20:00:00,20,2,12,28.397776184476392,23.174213326774897,0.0,2,45.0,180,2.0,0.45,0,0,2.0,25.354777023742717,0.5808422325048141,-5.340061954998372,3.0429991607336753,24.808773219467653,0.5294449508832552,4.043612791255588,5.661379055972284,0.32476254530791476
2025-03-12 21:00:00,21,2,12,25.864860357519277,25.792031710533884,0.0,2,45.0,180,2.0,0.45,0,0,1.0,25.555180069610465,0.20040304586774838,2.617818383758987,0.30968028790881164,25.22796396153036,0.40576743438260315,5.556304641291134,5.749578805290588,0.44625431043103847
2025-03-12 22:00:00,22,2,12,25.33131457924661,39.45544195331042,0.0,2,45.0,180,2.0,0.45,0,0,0.0,25.346540869092635,-0.2086392005178297,13.663410242776536,-0.015226289846026475,25.418832654148606,0.1181521131340229,4.947188622486608,5.220256113813865,0.39733318992153566
2025-03-12 23:00:00,23,2,12,24.943971793303568,56.02535895449286,0.0,2,45.0,180,2.0,0.45,0,0,0.0,24.889121831479713,-0.45741903761292235,16.56991700118244,0.05484996182385515,25.263614256727607,0.3406846216430162,7.532660572018166,4.211233545287382,0.6049852314245897
2025-03-13 00:00:00,0,3,13,21.19868340380618,56.90667811465521,0.0,2,45.0,180,2.0,0.45,0,0,0.0,24.750099027497082,-0.13902280398263045,0.8813191601623487,-3.551415623690904,24.995253909356478,0.3120636650863498,5.601647326774597,4.435682073338954,0.44989600579330224
2025-03-13 01:00:00,1,3,13,26.061392573405204,53.17196061180478,0.0,2,45.0,180,2.0,0.45,0,0,0.0,24.74191270905917,-0.008186318437910955,-3.7347175028504296,1.3194798643460324,24.79371118934532,0.08272935951995018,4.773417551310753,5.725347481195548,0.38337677562341244
2025-03-13 02:00:00,2,3,13,26.26918794299417,61.76243415228587,0.0,2,45.0,180,2.0,0.45,0,0,0.0,25.127934925303,0.38602221624382693,8.590473540481092,1.1412530176911702,24.87331555395308,0.22054483025494026,6.829163758894532,7.467501213007883,0.5484839224614495
2025-03-13 03:00:00,3,3,13,25.710421134080146,63.80734741121869,0.0,2,45.0,180,2.0,0.45,0,0,0.0,25.31561589898515,0.18768097368215209,2.044913258932823,0.39480523509499577,25.061821177782438,0.29251001391584086,4.117026221069207,3.927779874982192,0.3306587410014326
2025-03-13 04:00:00,4,3,13,26.261868673187514,74.6240937114634,0.0,2,45.0,180,2.0,0.45,0,0,0.0,25.444592590250547,0.12897669126539668,10.81674630024471,0.8172760829369672,25.296047804846236,0.15923316841510124,6.246457249950526,4.565699033604144,0.5016838803255201
2025-03-13 05:00:00,5,3,13,29.035170181899748,69.47836291534716,0.0,2,45.0,180,2.0,0.45,0,0,0.0,25.921396405235598,0.4768038149850504,-5.14573079611624,3.11377377666415,25.560534964823763,0.3190994846507205,6.493384530774563,4.171892502304091,0.5215158316933155
2025-03-13 06:00:00,6,3,13,30.1478577814502,79.30452340261381,0.0,2,45.0,180,2.0,0.45,0,0,0.0,26.179402674054753,0.25800626881915534,9.826160487266648,3.968455107395446,25.848463889846965,0.372794619952611,5.310972095642573,5.854709040919338,0.42655044013366594
2025-03-13 07:00:00,7,3,13,31.11620809878063,63.21873993210667,0.0,2,45.0,180,2.0,0.45,0,0,0.0,26.505137268318833,0.32573459426408036,-16.08578347050714,4.611070830461795,26.20197878253639,0.2925245448056739,6.060925838763584,5.078635207455878,0.4867829349476786
2025-03-13 08:00:00,8,3,13,31.90497144069123,71.14951556622277,1.0,2,45.0,180,2.0,0.45,5,1,1.0,26.32937924569261,-0.17575802262622275,7.930775634116102,5.57559219499862,26.337973062688732,0.16303725568981295,35.19529479174412,34.342594627520725,2.826708220961987
2025-03-13 09:00:00,9,3,13,30.06608859237471,58.11870425767057,1.0,2,45.0,180,2.0,0.45,1,1,2.0,25.19125205176163,-1.1381271939309805,-13.030811308552202,4.874836540613082,26.00858952192436,0.7132693220153372,26.20895577525675,29.261402683910912,2.1049708829296634
2025-03-13 10:00:00,10,3,13,34.280187955822115,57.355613343022476,1.0,2,45.0,180,2.0,0.45,5,1,3.0,25.367956374336583,0.1767043225749525,-0.763090914648096,8.912231581485532,25.629529223930273,0.6124937910906224,37.14779190821575,31.151877709336855,2.9835229225632243
2025-03-13 11:00:00,11,3,13,35.512450903336884,51.69826572190556,1.0,2,45.0,180,2.0,0.45,3,1,4.0,25.877264883423035,0.509308509086452,-5.657347621116919,9.63518601991385,25.478824436507082,0.3561912361470202,37.756848295226476,34.34521702708029,3.0324392537483935
2025-03-13 12:00:00,12,3,13,35.129710642682625,50.07453924327654,1.0,2,45.0,180,2.0,0.45,5,1,4.0,26.28630120126756,0.40903631784452443,-1.6237264786290169,8.843409441415066,25.843840819675723,0.46008388508575593,38.27866727776215,33.1854593158672,3.07434911745363
2025-03-13 13:00:00,13,3,13,34.875255854218366,46.53012911753186,1.0,2,45.0,180,2.0,0.45,2,1,4.0,25.446412955894857,-0.8398882453727019,-3.544410125744683,9.42884289832351,25.869993013528482,0.41999134068153704,32.444966239569524,36.78998774128678,2.6058157302247857
2025-03-13 14:00:00,14,3,13,30.869743690621743,45.824512734462864,1.0,2,45.0,180,2.0,0.45,4,1,4.0,25.394493612923878,-0.05191934297097944,-0.7056163830689925,5.475250077697865,25.70906925669543,0.5005711167450273,31.471740058602453,42.45744477164842,2.527651121493042
2025-03-13 15:00:00,15,3,13,32.131378072955904,40.97032631343215,1.0,2,45.0,180,2.0,0.45,1,1,4.0,25.26491074698096,-0.12958286594291835,-4.854186421030711,6.866467325974945,25.368605771933233,0.09347939983415565,29.68835333871266,33.049892236328745,2.3844185123588963
2025-03-13 16:00:00,16,3,13,33.60883788346561,44.728971511170684,1.0,2,45.0,180,2.0,0.45,1,1,4.0,25.205623472673413,-0.05928727430754677,3.758645197738531,8.403214410792199,25.288342610859416,0.09659074310201604,30.08094778131883,30.75109953220392,2.4159497140432524
2025-03-13 17:00:00,17,3,13,33.07026122131944,34.641705285834846,1.0,2,45.0,180,2.0,0.45,2,1,4.0,25.015364739576107,-0.19025873309730557,-10.087266225335838,8.054896481743334,25.161966319743488,0.13037546818405446,33.0640396072826,35.27223031163671,2.6555365746799278
2025-03-13 18:00:00,18,3,13,26.640370431310846,29.573909245086277,1.0,2,45.0,180,2.0,0.45,3,1,4.0,25.280360741717246,0.26499600214113883,-5.0677960407485685,1.3600096895935998,25.167116317988917,0.1366302346076596,25.014075888327085,26.463339165785563,2.009004168644932
2025-03-13 19:00:00,19,3,13,26.834489784725726,34.54178295269032,0.0,2,45.0,180,2.0,0.45,0,0,3.0,25.42371855906123,0.14335781734398267,4.967873707604042,1.4107712256644973,25.23981468011819,0.2071743174364146,3.7659892761816947,5.019063980044923,0.3024652275262259
2025-03-13 20:00:00,20,3,13,26.493881766984103,34.93500797905738,0.0,2,45.0,180,2.0,0.45,0,0,2.0,25.364460699036677,-0.05925786002455169,0.39322502636706247,1.1294210679474261,25.356179999938387,0.0720367505611085,4.737040445995444,4.043612791255588,0.3804551503533861
2025-03-13 21:00:00,21,3,13,27.694360071688997,37.75218392813356,0.0,2,45.0,180,2.0,0.45,0,0,1.0,25.541905108238137,0.17744440920145976,2.81717594907618,2.152454963450861,25.443361455445345,0.09033832034530373,6.8173932567680975,5.556304641291134,0.54753857521198
2025-03-13 22:00:00,22,3,13,22.883253737512636,38.70162599774577,0.0,2,45.0,180,2.0,0.45,0,0,0.0,25.406099464745832,-0.13580564349230428,0.9494420696122106,-2.5228457272331966,25.437488424006883,0.09279320913548383,3.794646903682353,4.947188622486608,0.30476686334796593
2025-03-13 23:00:00,23,3,13,25.85757822453199,57.958861026529746,0.0,2,45.0,180,2.0,0.45,0,0,0.0,25.272902440638948,-0.1331970241068845,19.257235028783974,0.5846757838930436,25.406969004540972,0.13450344184551585,4.351468854537995,7.532660572018166,0.3494879885838581
2025-03-14 00:00:00,0,4,14,25.843928186216015,51.145031708996676,0.0,2,45.0,180,2.0,0.45,0,0,0.0,25.40378760080745,0.1308851601685035,-6.81382931753307,0.4401405854085638,25.36092983539741,0.07624272325617143,2.4520227817768494,5.601647326774597,0.19693407872408458
2025-03-14 01:00:00,1,4,14,22.661215191343356,56.08356821530074,0.0,2,45.0,180,2.0,0.45,0,0,0.0,24.996484744879666,-0.40730285592778515,4.938536506304061,-2.3352695535363104,25.224391595442018,0.20793960827088592,5.180555914548779,4.773417551310753,0.4160760715163367
2025-03-14 02:00:00,2,4,14,24.803114444440176,60.363517155814456,0.0,2,45.0,180,2.0,0.45,0,0,0.0,25.201458150269506,0.20497340538983977,4.279948940513719,-0.39834370582932976,25.200576831985543,0.2036528581999216,5.882013046957743,6.829163758894532,0.472413563631844
2025-03-14 03:00:00,3,4,14,25.62221965067229,67.26962935449714,0.0,2,45.0,180,2.0,0.45,0,0,0.0,24.906623550059976,-0.2948346002095299,6.906112198682685,0.7155961006123128,25.034855481736383,0.15111616543307868,5.037643168466425,4.117026221069207,0.4045980419495548
2025-03-14 04:00:00,4,4,14,26.40898757115999,70.78976296211528,0.0,2,45.0,180,2.0,0.45,0,0,0.0,24.761126577877796,-0.14549697218217972,3.520133607618135,1.647860993282194,24.956402759402426,0.22434671977350293,6.04689358110279,6.246457249950526,0.4856559349232967
2025-03-14 05:00:00,5,4,14,28.352050251434154,66.24585741830641,0.0,2,45.0,180,2.0,0.45,0,0,0.0,24.935446645588492,0.17432006771069553,-4.543905543808862,3.416603605845662,24.86773225784209,0.09344127010731652,4.910666732966028,6.493384530774563,0.3943999363157979
2025-03-14 06:00:00,6,4,14,28.90658008849971,65.67596629231696,0.0,2,45.0,180,2.0,0.45,0,0,0.0,25.09401695439767,0.15857030880917833,-0.5698911259894572,3.8125631341020387,24.930196725954655,0.16650727292472325,3.6815923536689903,5.310972095642573,0.29568689320335173
2025-03-14 07:00:00,7,4,14,29.051366136681224,70.11085354662406,0.0,2,45.0,180,2.0,0.45,0,0,0.0,25.42640679197982,0.3323898375821486,4.4348872543071,3.6249593447014057,25.15195679732199,0.25055585282436504,4.935035303983491,6.060925838763584,0.39635709679522413
2025-03-14 08:00:00,8,4,14,32.221204191891324,69.3698423403373,1.0,2,45.0,180,2.0,0.45,4,1,1.0,25.407793535474784,-0.018613256505034315,-0.7410112062867569,6.81341065641654,25.309405760617427,0.1867642008331288,33.15732027487359,35.19529479174412,2.6630284065141683
2025-03-14 09:00:00,9,4,14,33.15618030634059,59.97328253451866,1.0,2,45.0,180,2.0,0.45,4,1,2.0,25.643511378092565,0.23571784261778106,-9.39655980581864,7.512668928248022,25.49257056851572,0.1310494537418893,33.54664790808996,26.20895577525675,2.6942972345769047
2025-03-14 10:00:00,10,4,14,35.50421874341845,57.118173558930025,1.0,2,45.0,180,2.0,0.45,5,1,3.0,25.800744853779065,0.1572334756864997,-2.855108975588635,9.703473889639383,25.617349922448806,0.1977776553611477,39.42399071245414,37.14779190821575,3.1663357079243455
2025-03-14 11:00:00,11,4,14,34.57019391461525,52.34185916291915,1.0,2,45.0,180,2.0,0.45,1,1,4.0,25.605254660966867,-0.1954901928121977,-4.776314396010875,8.964939253648385,25.683170297612833,0.10360369826608251,32.007023295494065,37.756848295226476,2.570642366067575
2025-03-14 12:00:00,12,4,14,32.50342067771405,48.30634864640606,1.0,2,45.0,180,2.0,0.45,5,1,4.0,26.140949107066184,0.5356944460993169,-4.035510516513092,6.3624715706478625,25.84898287393737,0.27108543826042564,36.15254145352491,38.27866727776215,2.903589435463958
2025-03-14 13:00:00,13,4,14,34.24219342213827,42.827813502961966,1.0,2,45.0,180,2.0,0.45,2,1,4.0,26.18060963433789,0.03966052727170677,-5.478535143444091,8.06158378780038,25.97560446745698,0.3213447894881084,33.33080585394083,32.444966239569524,2.67696189152884
2025-03-14 14:00:00,14,4,14,33.90663729854493,43.98662781254568,1.0,2,45.0,180,2.0,0.45,5,1,4.0,26.40936812236966,0.2287584880317688,1.1588143095837111,7.497269176175269,26.243642287924576,0.1448862605894758,37.09724073001039,31.471740058602453,2.9794629073862544
2025-03-14 15:00:00,15,4,14,34.93382114819278,41.35694575431619,1.0,2,45.0,180,2.0,0.45,3,1,4.0,26.166404085983547,-0.24296403638611253,-2.629682058229484,8.76741706220923,26.25212728089703,0.13635967538507174,34.198940458250995,29.68835333871266,2.7466860758956875
2025-03-14 16:00:00,16,4,14,33.067577746741364,36.31327596313932,1.0,2,45.0,180,2.0,0.45,4,1,4.0,26.260223042421053,0.09381895643750582,-5.043669791176875,6.807354704320311,26.27866508359142,0.12252739451241479,33.78193436324839,30.08094778131883,2.7131942536532545
2025-03-14 17:00:00,17,4,14,30.490766698204315,31.076630470655886,1.0,2,45.0,180,2.0,0.45,4,1,4.0,26.132161673062658,-0.12806136935839518,-5.236645492483433,4.358605025141657,26.18626293382242,0.06630014297456077,30.384133718489107,33.0640396072826,2.440300076389992
2025-03-14 18:00:00,18,4,14,28.281878657139853,34.519595140251326,1.0,2,45.0,180,2.0,0.45,5,1,4.0,26.142797846332243,0.010636173269585214,3.4429646695954403,2.1390808108076094,26.178394187271987,0.0710651334801759,28.785941606310743,25.014075888327085,2.311941362280545
2025-03-14 19:00:00,19,4,14,27.39423196943199,28.397911581867056,0.0,2,45.0,180,2.0,0.45,0,0,3.0,26.120593727753946,-0.022204118578297738,-6.1216835583842695,1.273638241678043,26.13185108238295,0.011105317205349028,4.689785439949286,3.7659892761816947,0.3766598670672915
2025-03-14 20:00:00,20,4,14,28.32597479453188,40.22875275136762,0.0,2,45.0,180,2.0,0.45,0,0,2.0,26.14988246046899,0.029288732715045285,11.830841169500566,2.17609233406289,26.137758011518397,0.01528094948197039,5.918032488293747,4.737040445995444,0.47530646313847985
2025-03-14 21:00:00,21,4,14,22.902975807979637,36.85159152036787,0.0,2,45.0,180,2.0,0.45,0,0,1.0,25.908022486577003,-0.24185997389198732,-3.3771612309997536,-3.005046678597367,26.059499558266648,0.13199785945843132,6.259476907234475,6.8173932567680975,0.5027295534047318
2025-03-14 22:00:00,22,4,14,24.327973341136996,42.32126915118779,0.0,2,45.0,180,2.0,0.45,0,0,0.0,26.30222955175998,0.3942070651829752,5.469677630819923,-1.9742562106229826,26.120044832935324,0.1987901294645076,5.784106409789027,3.794646903682353,0.46455019729810126
2025-03-14 23:00:00,23,4,14,27.007840720038864,44.343741932023505,0.0,2,45.0,180,2.0,0.45,0,0,0.0,25.9115603288358,-0.3906692229241777,2.022472780835713,1.096280391203063,26.04060412239093,0.22658117320556284,3.6028067260231893,4.351468854537995,0.2893592297279409
2025-03-15 00:00:00,0,5,15,25.621992970840463,54.989130223554255,0.0,2,45.0,180,2.0,0.45,0,0,0.0,25.89563486907067,-0.015925459765131933,10.64538829153075,-0.27364189823020624,26.03647491655548,0.23028797117203142,2.5247572588219023,2.4520227817768494,0.2027757443622667
2025-03-15 01:00:00,1,5,15,27.914361314448193,49.65507954250033,0.0,2,45.0,180,2.0,0.45,0,0,0.0,26.02497085950939,0.12933599043872235,-5.334050681053924,1.8893904549388019,25.944055352471953,0.07052584296813445,5.00935997611964,5.180555914548779,0.40232647886719475
2025-03-15 02:00:00,2,5,15,25.96090090958692,54.80392201778699,0.0,2,45.0,180,2.0,0.45,0,0,0.0,26.00376837316058,-0.0212024863488125,5.148842475286656,-0.04286746357366056,25.97479136724688,0.06936641665332935,4.3346572053290915,5.882013046957743,0.34813776187577317
2025-03-15 03:00:00,3,5,15,26.154700343968834,61.82383121759423,0.0,2,45.0,180,2.0,0.45,0,0,0.0,26.02399539145535,0.020227018294772137,7.019909199807245,0.1307049525134829,26.017578208041773,0.011969608970514278,5.5457392755700265,5.037643168466425,0.4454057536475809
2025-03-15 04:00:00,4,5,15,27.16408952096611,62.47396788809687,0.0,2,45.0,180,2.0,0.45,0,0,0.0,26.24929394137954,0.22529854992419018,0.6501366705026399,0.9147955795865705,26.09235256866516,0.13629097152498668,5.154164257974866,6.04689358110279,0.41395642702852337
2025-03-15 05:00:00,5,5,15,29.338071788195265,66.52273504451959,0.0,2,45.0,180,2.0,0.45,0,0,0.0,26.17427935210734,-0.07501458927220028,4.04876715642272,3.163792436087924,26.149189561647415,0.11472568299349593,5.521308909314474,4.910666732966028,0.44344363008690874
2025-03-15 06:00:00,6,5,15,27.069968085729027,64.78115275056925,0.0,2,45.0,180,2.0,0.45,0,0,0.0,26.11822496415948,-0.05605438794786011,-1.7415822939503443,0.951743121569546,26.180599419215454,0.06576265378931605,4.626984526425037,3.6815923536689903,0.3716160150526023
2025-03-15 07:00:00,7,5,15,30.882249317429558,63.67677097861673,0.0,2,45.0,180,2.0,0.45,0,0,0.0,26.477079628486404,0.35885466432692326,-1.104381771952518,4.405169688943154,26.25652798158441,0.19304868638581488,4.650743972348088,4.935035303983491,0.3735242536826121
2025-03-15 08:00:00,8,5,15,28.959195992893974,65.44826468805317,0.3,2,45.0,180,2.0,0.45,0,0,0.0,26.49938490065441,0.02230527216800482,1.7714937094364416,2.4598110922395655,26.364896497766765,0.21391473864743915,5.696359598240396,33.15732027487359,0.45750281681626764
2025-03-15 09:00:00,9,5,15,34.267143339730204,76.62625535914411,0.3,2,45.0,180,2.0,0.45,0,0,0.0,27.25555632392426,0.7561714232698513,11.177990671090939,7.011587015805944,26.744006951021692,0.44315511051915557,5.304041085908452,33.54664790808996,0.42599377645714503
2025-03-15 10:00:00,10,5,15,31.931049922108578,62.90528045203372,0.3,2,45.0,180,2.0,0.45,0,0,0.0,27.305972572307034,0.05041624838277414,-13.720974907110389,4.625077349801543,27.0203045989619,0.45183343013625726,4.608614841681597,39.42399071245414,0.3701406548037959
2025-03-15 11:00:00,11,5,15,34.22678245645811,53.15526737807441,0.3,2,45.0,180,2.0,0.45,0,0,0.0,27.91474411046457,0.6087715381575372,-9.750013073959309,6.312038345993539,27.492091002231955,0.36689533514226025,4.9187444622920244,32.007023295494065,0.395048698715079
2025-03-15 12:00:00,12,5,15,37.61660062408806,55.906503095049075,0.3,2,45.0,180,2.0,0.45,0,0,0.0,28.47773255960745,0.5629884491428783,2.751235716974662,9.138868064480608,27.89948308079302,0.586029044697822,3.7825824241760286,36.15254145352491,0.3037979053209357
2025-03-15 13:00:00,13,5,15,36.56931374750937,39.35955662410359,0.3,2,45.0,180,2.0,0.45,0,0,0.0,28.979412181611057,0.501679622003607,-16.546946470945485,7.589901565898312,28.45729628389436,0.5326281596511558,4.6450544117971955,33.33080585394083,0.3730672969309204
2025-03-15 14:00:00,14,5,15,36.52764123266315,45.2660078332297,0.3,2,45.0,180,2.0,0.45,0,0,0.0,29.713651664681585,0.7342394830705281,5.906451209126111,6.813989567981565,29.05693213530003,0.6215955405138504,4.32197071850325,37.09724073001039,0.3471188473641054
2025-03-15 15:00:00,15,5,15,33.19161038297609,35.10275163907248,0.3,2,45.0,180,2.0,0.45,0,0,0.0,29.947048915497433,0.23339725081584817,-10.16325619415722,3.244561467478654,29.546704253930027,0.5049591970238927,4.061949448820579,34.198940458250995,0.3262352529806485
2025-03-15 16:00:00,16,5,15,30.777621159424143,35.09732622017505,0.3,2,45.0,180,2.0,0.45,0,0,0.0,30.153139347217547,0.20609043172011354,-0.0054254188974312,0.6244818122065965,29.937946642465523,0.21988518437115254,5.075946931246286,33.78193436324839,0.40767440661091886
2025-03-15 17:00:00,17,5,15,30.28438943428167,27.94678897457299,0.3,2,45.0,180,2.0,0.45,0,0,0.0,30.17992050494433,0.026781157726784244,-7.1505372456020595,0.1044689293373402,30.093369589219765,0.1274229660272817,5.6478996768504945,30.384133718489107,0.4536107608187103
2025-03-15 18:00:00,18,5,15,30.11238770062268,22.37670060148809,0.3,2,45.0,180,2.0,0.45,0,0,0.0,30.53839389386693,0.35847338892260083,-5.5700883730849,-0.4260061932442518,30.2904845820096,0.2151129419199617,4.267621401186158,28.785941606310743,0.3427537848472848
2025-03-15 19:00:00,19,5,15,27.964944110234338,26.580431473278253,0.0,2,45.0,180,2.0,0.45,0,0,0.0,30.572140722057192,0.0337468281902602,4.203730871790164,-2.607196611822854,30.43015170695615,0.2173624920459514,4.186880785120675,4.689785439949286,0.3362691065813884
2025-03-15 20:00:00,20,5,15,27.076360614337187,23.422798304867282,0.0,2,45.0,180,2.0,0.45,0,0,0.0,30.533614775331376,-0.038525946725815885,-3.157633168410971,-3.4572541609941894,30.548049797085167,0.020999749831748037,5.8606513677281225,5.918032488293747,0.4706979015057212
2025-03-15 21:00:00,21,5,15,25.38847381869542,35.74505758474416,0.0,2,45.0,180,2.0,0.45,0,0,0.0,30.227544565581805,-0.30607020974957067,12.322259279876878,-4.839070746886385,30.44443335432346,0.18881637152041766,5.779824174270176,6.259476907234475,0.4642062697811744
2025-03-15 22:00:00,22,5,15,25.954161771759356,39.4059129521286,0.0,2,45.0,180,2.0,0.45,0,0,0.0,29.79272478529701,-0.4348197802847942,3.6608553673844426,-3.838563013537655,30.184628042070063,0.3723048016424264,5.116882362504495,5.784106409789027,0.41096213358552985
2025-03-15 23:00:00,23,5,15,28.581794394531556,41.52424855361037,0.0,2,45.0,180,2.0,0.45,0,0,0.0,29.547215100885182,-0.24550968441182874,2.1183356014817676,-0.9654207063536262,29.855828150588,0.344526589927167,3.5906595591963004,3.6028067260231893,0.288383630673177
2025-03-16 00:00:00,0,6,16,22.62737904800523,46.766988131822174,0.0,2,45.0,180,2.0,0.45,0,0,0.0,29.19427825970998,-0.35293684117520385,5.242739578211804,-6.566899211704747,29.51140604863072,0.3008259915038228,5.48984821689289,2.5247572588219023,0.4409168662557926
2025-03-16 01:00:00,1,6,16,25.00368369310137,49.129139514062516,0.0,2,45.0,180,2.0,0.45,0,0,0.0,28.915411675799774,-0.27886658391020447,2.3621513822403415,-3.9117279826984053,29.218968345464976,0.31662452880071684,4.629496865124462,5.00935997611964,0.37181779340103005
2025-03-16 02:00:00,2,6,16,25.893964255359332,60.15790387986547,0.0,2,45.0,180,2.0,0.45,0,0,0.0,28.90687494957067,-0.008536726229102953,11.028764365802957,-3.012910694211339,29.005521628360142,0.1635237546428326,5.88211766058224,4.3346572053290915,0.47242196566950667
2025-03-16 03:00:00,3,6,16,24.38674953917666,66.35957433959189,0.0,2,45.0,180,2.0,0.45,0,0,0.0,29.104768371124727,0.1978934215540562,6.201670459726415,-4.7180188319480685,28.975684998831724,0.1118709375820384,5.7018979071979885,5.5457392755700265,0.4579476258043238
2025-03-16 04:00:00,4,6,16,27.77084246085728,65.97124123939962,0.0,2,45.0,180,2.0,0.45,0,0,0.0,28.901686359532167,-0.20308201159256,-0.38833310019226985,-1.130843898674886,28.971109893409192,0.11578070592926579,3.8733520165342425,5.154164257974866,0.31108806028200503
2025-03-16 05:00:00,5,6,16,28.416056001834416,69.20553316275326,0.0,2,45.0,180,2.0,0.45,0,0,0.0,29.114919818881884,0.21323345934971627,3.234291923353638,-0.6988638170474673,29.04045818317959,0.12028706186297067,6.011767316557548,5.521308909314474,0.4828347708628947
2025-03-16 06:00:00,6,6,16,29.25177449515815,71.42472650184878,0.0,2,45.0,180,2.0,0.45,0,0,0.0,29.093730181677138,-0.021189637204745537,2.2191933390955256,0.15804431348101033,29.036778786697067,0.11747222262775345,3.959723975687931,4.626984526425037,0.31802501956718754
2025-03-16 07:00:00,7,6,16,29.465375492430542,66.92958786289772,0.0,2,45.0,180,2.0,0.45,0,0,0.0,29.26305350523415,0.16932332355701263,-4.495138638951062,0.20232198719639172,29.157234501931057,0.09225235106045547,4.710260617130206,4.650743972348088,0.3783043298287324
2025-03-16 08:00:00,8,6,16,31.6283407635644,71.51097297842178,0.3,2,45.0,180,2.0,0.45,0,0,0.0,29.51513261906855,0.25207911383439807,4.581385115524057,2.11320814449585,29.290638768659946,0.21205120520404402,4.405931404894758,5.696359598240396,0.35386214540621075
2025-03-16 09:00:00,9,6,16,33.07062735365704,54.87627938702704,0.3,2,45.0,180,2.0,0.45,0,0,0.0,29.794668174728432,0.27953555565988353,-16.634693591394736,3.2759591789286056,29.524284766343712,0.2659254793267013,5.5636089239898245,5.304041085908452,0.44684095350576736
2025-03-16 10:00:00,10,6,16,33.20059156680819,57.631667539722045,0.3,2,45.0,180,2.0,0.45,0,0,0.0,30.252428409017753,0.4577602342893208,2.755388152695005,2.9481631577904395,29.854076400938244,0.37222073219425633,5.7330649338633375,4.608614841681597,0.46045080388591636
2025-03-16 11:00:00,11,6,16,32.044173292458744,50.30194031231804,0.3,2,45.0,180,2.0,0.45,0,0,0.0,30.218505716079033,-0.03392269293872019,-7.329727227404007,1.8256675763797112,30.08853409994174,0.2550599415336618,4.436152557743731,4.9187444622920244,0.3562893556827725
2025-03-16 12:00:00,12,6,16,33.223480634096596,54.237784070741085,0.3,2,45.0,180,2.0,0.45,0,0,0.0,30.671357551951907,0.4528518358728739,3.9358437584230472,2.552123082144689,30.380763892349563,0.25223241965474164,5.771913495250885,3.7825824241760286,0.463570924018352
2025-03-16 13:00:00,13,6,16,35.688583014034414,40.777050322397926,0.3,2,45.0,180,2.0,0.45,0,0,0.0,31.229473510091072,0.5581159581391653,-13.46073374834316,4.459109503943342,30.706445592707336,0.5063964337211297,6.145583162957884,4.6450544117971955,0.49358218341769866
2025-03-16 14:00:00,14,6,16,30.546129752691126,50.51135626177647,0.3,2,45.0,180,2.0,0.45,0,0,0.0,31.05911764488499,-0.17035586520608348,9.734305939378544,-0.5129878921938626,30.986649568975988,0.2860280968749953,4.725188165830538,4.32197071850325,0.3795032351051257
2025-03-16 15:00:00,15,6,16,33.321957622236816,39.93814435631679,0.3,2,45.0,180,2.0,0.45,0,0,0.0,31.58249334035303,0.5233756954680402,-10.57321190545968,1.7394642818837873,31.29036149844303,0.26694763530684434,5.749246445738189,4.061949448820579,0.4617504211476808
2025-03-16 16:00:00,16,6,16,30.36571712605943,34.81621228370121,0.3,2,45.0,180,2.0,0.45,0,0,0.0,32.06214694689426,0.47965360654123046,-5.121932072615579,-1.6964298208348296,31.56791931071076,0.50167344650422,4.753608360423995,5.075946931246286,0.3817858015156082
2025-03-16 17:00:00,17,6,16,26.29373701639491,31.013812874538246,0.3,2,45.0,180,2.0,0.45,0,0,0.0,31.938878637905653,-0.12326830898860663,-3.802399409162966,-5.645141621510742,31.861172975050977,0.24908938776450862,4.8112714121044915,5.6478996768504945,0.38641700643079613
2025-03-16 18:00:00,18,6,16,27.708431649011775,28.40844128168161,0.3,2,45.0,180,2.0,0.45,0,0,0.0,31.453821352071138,-0.4850572858345146,-2.6053715928566348,-3.745389703059363,31.81828231229035,0.32159386288187963,5.0822065348472645,4.267621401186158,0.40817714633972485
2025-03-16 19:00:00,19,6,16,28.86661018511778,29.032819784472963,0.0,2,45.0,180,2.0,0.45,0,0,0.0,31.43370815813495,-0.02011319393618649,0.6243785027913518,-2.567097973017173,31.608802716037246,0.2860309787254712,5.203110903293546,4.186880785120675,0.41788757423241835
2025-03-16 20:00:00,20,6,16,26.764442173710414,29.505675168718284,0.0,2,45.0,180,2.0,0.45,0,0,0.0,30.95728999398367,-0.4764181641512799,0.4728553842453209,-4.192847820273258,31.281606501396585,0.2810463180297051,5.289247102827594,5.8606513677281225,0.42480559849634436
2025-03-16 21:00:00,21,6,16,27.174124943213563,38.391074569098116,0.0,2,45.0,180,2.0,0.45,0,0,0.0,31.188004179975852,0.23071418599218063,8.885399400379832,-4.013879236762289,31.193000777364826,0.23824838146880495,6.777687294202316,5.779824174270176,0.5443495929497194
2025-03-16 22:00:00,22,6,16,23.784555258668984,47.325668383449695,0.0,2,45.0,180,2.0,0.45,0,0,0.0,30.47192153690314,-0.7160826430727134,8.93459381435158,-6.687366278234155,30.872405236954222,0.36551012901084673,5.4638496718149225,5.116882362504495,0.438828794496775
2025-03-16 23:00:00,23,6,16,24.148241321264717,37.50704949359661,0.0,2,45.0,180,2.0,0.45,0,0,0.0,30.375838079961024,-0.09608345694211451,-9.818618889853084,-6.227596758696308,30.678587932280006,0.4437754981259371,4.111195682227132,3.5906595591963004,0.33019046158581605
2025-03-17 00:00:00,0,0,17,23.525515756829158,49.651448993581624,0.0,2,45.0,180,2.0,0.45,0,0,0.0,30.02115328408262,-0.3546847958784056,12.144399499985013,-6.495637527253461,30.289637633648926,0.23742555074389576,6.370029206838994,5.48984821689289,0.5116085554414372
2025-03-17 01:00:00,1,0,17,26.831832135948552,61.637798409160276,0.0,2,45.0,180,2.0,0.45,0,0,0.0,29.532162666003472,-0.48899061807914634,11.986349415578651,-2.70033053005492,29.976384676682372,0.4236156538485445,5.129371504753296,4.629496865124462,0.4119651983780353
2025-03-17 02:00:00,2,0,17,24.541244278150813,59.845857055974264,0.0,2,45.0,180,2.0,0.45,0,0,0.0,29.372802076605755,-0.1593605893977177,-1.7919413531860116,-4.831557798454941,29.642039342230614,0.33785275645345136,5.083676594818873,5.88211766058224,0.4082952141278096
2025-03-17 03:00:00,3,0,17,25.53651226354485,67.70228025239138,0.0,2,45.0,180,2.0,0.45,0,0,0.0,29.32115490973294,-0.05164716687281512,7.856423196417111,-3.7846426461880895,29.40870655078072,0.1099905302781741,7.758345187313768,5.7018979071979885,0.6231110792453151
2025-03-17 04:00:00,4,0,17,28.523571417109945,69.47140327863174,0.0,2,45.0,180,2.0,0.45,0,0,0.0,28.857842904305347,-0.46331200542759277,1.769123026240365,-0.33427148719540156,29.18393329688135,0.28358079194334457,3.4352953104385655,3.8733520165342425,0.27590555933421806
2025-03-17 05:00:00,5,0,17,24.86721214952529,71.46435184500001,0.0,2,45.0,180,2.0,0.45,0,0,0.0,28.701981155727555,-0.15586174857779156,1.9929485663682698,-3.834769006202265,28.960326323255284,0.3220577165384395,5.840684676906796,6.011767316557548,0.46909427779908613
2025-03-17 06:00:00,6,0,17,29.922831691405676,75.46763231833583,0.0,2,45.0,180,2.0,0.45,0,0,0.0,28.466671360475843,-0.23530979525171247,4.0032804733358205,1.4561603309298334,28.675498473502916,0.19692585792309966,4.398207082822875,3.959723975687931,0.35324176689166364
2025-03-17 07:00:00,7,0,17,32.408027769584265,65.57139741511058,0.0,2,45.0,180,2.0,0.45,0,0,0.0,28.271518469533834,-0.19515289094200838,-9.896234903225249,4.136509300050431,28.480056995245747,0.2155432960330906,6.784708092828487,4.710260617130206,0.5449134680163085
2025-03-17 08:00:00,8,0,17,34.292550558131374,77.0589649361505,0.3,2,45.0,180,2.0,0.45,3,1,1.0,26.95390566669657,-1.3176128028372638,11.48756752103992,7.338644891434804,27.897365165568754,0.8228657437393448,35.50344597354985,4.405931404894758,2.851457366666365
2025-03-17 09:00:00,9,0,17,33.73863412145999,67.41711929290437,0.3,2,45.0,180,2.0,0.45,2,1,2.0,25.902672719360368,-1.051232947336203,-9.641845643246128,7.83596140209962,27.04269895186359,1.18691648090612,31.706903675963805,5.5636089239898245,2.5465382748582814
2025-03-17 10:00:00,10,0,17,32.45435526891045,62.89878330393636,0.3,2,45.0,180,2.0,0.45,2,1,3.0,25.22503780975758,-0.6776349096027872,-4.518335988968012,7.229317459152867,26.02720539860484,0.8711356426175935,28.431614018523735,5.7330649338633375,2.2834835609966615
2025-03-17 11:00:00,11,0,17,32.2632530229545,56.045411668835015,0.3,2,45.0,180,2.0,0.45,3,1,4.0,25.003852659453475,-0.22118515030410535,-6.853371635101347,7.259400363501026,25.377187729523808,0.4683284889754972,32.556391101664204,4.436152557743731,2.6147648120712734
2025-03-17 12:00:00,12,0,17,33.48420591999561,47.06489078420057,0.3,2,45.0,180,2.0,0.45,2,1,4.0,24.550152605777207,-0.4537000536762683,-8.980520884634444,8.934053314218403,24.926347691662755,0.3440534473911252,30.49991624756653,5.771913495250885,2.4495991440273994
2025-03-17 13:00:00,13,0,17,35.98633930126518,37.13114467058773,0.3,2,45.0,180,2.0,0.45,1,1,4.0,24.325912015682462,-0.22424059009474462,-9.933746113612841,11.66042728558272,24.626639093637717,0.3453816964427902,33.14524008475911,6.145583162957884,2.662058186690483
2025-03-17 14:00:00,14,0,17,30.508029748799363,45.21558650470276,0.3,2,45.0,180,2.0,0.45,1,1,4.0,23.841823780130007,-0.4840882355524556,8.084441834115033,6.666205968669356,24.239296133863224,0.3620209449020348,26.510852917131697,4.725188165830538,2.1292177357511095
2025-03-17 15:00:00,15,0,17,32.125359221749086,39.49896275783223,0.3,2,45.0,180,2.0,0.45,3,1,4.0,24.120913779305774,0.27908999917576693,-5.716623746870532,8.004445442443313,24.096216525039413,0.2429872851115251,32.75584988409124,5.749246445738189,2.6307843335262215
2025-03-17 16:00:00,16,0,17,33.22087079176478,33.48062652970248,0.3,2,45.0,180,2.0,0.45,4,1,4.0,24.522428239116895,0.4015144598111213,-6.018336228129755,8.698442552647887,24.16172193285089,0.3421324106900859,33.35196146691018,4.753608360423995,2.6786610034542777
2025-03-17 17:00:00,17,0,17,29.098931643115115,20.189015124286776,0.3,2,45.0,180,2.0,0.45,2,1,4.0,24.4499430674608,-0.07248517165609414,-13.2916114054157,4.648988575654315,24.36442836196116,0.2139813987277092,27.00134627912619,4.8112714121044915,2.1686116839160885
2025-03-17 18:00:00,18,0,17,31.175014007594196,32.72870180445052,0.3,2,45.0,180,2.0,0.45,5,1,4.0,24.794496539908735,0.34455347244793444,12.539686680163747,6.380517467685461,24.58895594882881,0.18165551454120007,33.16016140722423,5.0822065348472645,2.6632565919071283
2025-03-17 19:00:00,19,0,17,27.310640136508496,27.78624225927001,0.0,2,45.0,180,2.0,0.45,0,0,3.0,24.975715878780644,0.18121933887190877,-4.942459545180512,2.3349242577278524,24.740051828716727,0.2670813213480135,4.7464129696947,5.203110903293546,0.3812079040935839
2025-03-17 20:00:00,20,0,17,26.84489012321227,32.65378214210213,0.0,2,45.0,180,2.0,0.45,0,0,2.0,25.252740006935387,0.27702412815474275,4.867539882832119,1.5921501162768834,25.007650808541587,0.23078485342829813,5.753088159919344,5.289247102827594,0.4620589682169045
2025-03-17 21:00:00,21,0,17,24.611251504952833,33.43510768558166,0.0,2,45.0,180,2.0,0.45,0,0,1.0,25.460730650189518,0.2079906432541314,0.7813255434795323,-0.8494791452366854,25.22972884530185,0.24332481848478502,4.972994537992442,6.777687294202316,0.39940579064675824
2025-03-17 22:00:00,22,0,17,20.982206082784643,46.2377115467428,0.0,2,45.0,180,2.0,0.45,0,0,0.0,25.202344414654263,-0.2583862355352551,12.802603861161138,-4.22013833186962,25.305271690593056,0.13696913892960402,5.631425765871574,5.4638496718149225,0.45228765953852346
2025-03-17 23:00:00,23,0,17,22.95367224205817,39.79194413883219,0.0,2,45.0,180,2.0,0.45,0,0,0.0,24.858401457432795,-0.3439429572214685,-6.445767407910608,-1.9047292153746262,25.173825507425523,0.3021756280104971,7.227482592080216,4.111195682227132,0.5804748782693853
2025-03-18 00:00:00,0,1,18,22.416235997843305,59.75121020097136,0.0,2,45.0,180,2.0,0.45,0,0,0.0,24.69869767816612,-0.15970377926667467,19.959266062139164,-2.2824616803228146,24.91981451675106,0.25737847945107617,6.237408786852361,6.370029206838994,0.5009571534951867
2025-03-18 01:00:00,1,1,18,26.611832961915646,52.24436279228061,0.0,2,45.0,180,2.0,0.45,0,0,0.0,24.67135963250056,-0.027338045665558752,-7.506847408690746,1.9404733294150844,24.74281958936649,0.10102583013319032,4.758595617410465,5.129371504753296,0.38218635279404245
2025-03-18 02:00:00,2,1,18,28.28365467554044,63.78972949448362,0.0,2,45.0,180,2.0,0.45,0,0,0.0,24.71271467916388,0.04135504666331968,11.545366702203012,3.570939996376559,24.69425732994352,0.021032058625024636,6.0329848904345384,5.083676594818873,0.4845388591753195
2025-03-18 03:00:00,3,1,18,27.06904667780197,60.19773252240654,0.0,2,45.0,180,2.0,0.45,0,0,0.0,24.67507884356645,-0.03763583559743111,-3.5919969720770837,2.3939678342355215,24.686384385076963,0.022878405153920537,5.764140087816394,7.758345187313768,0.46294660321552933
2025-03-18 04:00:00,4,1,18,26.9517182641708,69.83221027870471,0.0,2,45.0,180,2.0,0.45,0,0,0.0,24.58028308445357,-0.09479575911288052,9.634477756298168,2.3714351797172313,24.656025535727967,0.06824077390892641,6.325816257380235,3.4352953104385655,0.5080575947676438
2025-03-18 05:00:00,5,1,18,30.65973943293989,72.0432341519679,0.0,2,45.0,180,2.0,0.45,0,0,0.0,24.750000514402483,0.16971742994891414,2.211023873263187,5.909738918537407,24.66845414747417,0.08505243356584562,5.2975132991268445,5.840684676906796,0.42546949761051395
2025-03-18 06:00:00,6,1,18,30.989295945938558,57.762190982067736,0.0,2,45.0,180,2.0,0.45,0,0,0.0,25.118097653516394,0.3680971391139103,-14.281043169900158,5.871198292422164,24.816127084124147,0.27493757489847337,4.072921123507602,4.398207082822875,0.3271164424469974
2025-03-18 07:00:00,7,1,18,29.90049225710434,67.87251114793585,0.0,2,45.0,180,2.0,0.45,0,0,0.0,25.163466679643836,0.045369026127442424,10.110320165868117,4.7370255774605035,25.01052161585424,0.22675541969004326,5.207047243510922,6.784708092828487,0.41820372118668586
2025-03-18 08:00:00,8,1,18,32.423175741261225,66.47677570004087,0.3,2,45.0,180,2.0,0.45,3,1,1.0,24.95295428259319,-0.21051239705064617,-1.3957354478949782,7.4702214586680356,25.078172871917804,0.1107897037947149,31.180892150759103,35.50344597354985,2.5042916873125605
2025-03-18 09:00:00,9,1,18,33.4100716410096,74.03705407128996,0.3,2,45.0,180,2.0,0.45,2,1,2.0,24.74196340778083,-0.21099087481236012,7.560278371249083,8.668108233228772,24.952794790005953,0.21075168119343077,31.77966408259546,31.706903675963805,2.552382023029826
2025-03-18 10:00:00,10,1,18,35.07219162739923,53.99195323185839,0.3,2,45.0,180,2.0,0.45,4,1,3.0,25.053107754906673,0.31114434712584327,-20.04510083943157,10.019083872492555,24.91600848176023,0.15882835180193483,36.2646624238046,28.431614018523735,2.9125944252021365
2025-03-18 11:00:00,11,1,18,35.62068424844577,63.42563010504052,0.3,2,45.0,180,2.0,0.45,5,1,4.0,25.230903173504387,0.17779541859771442,9.43367687318213,10.389781074941382,25.008658112063966,0.24748202295869354,39.92309667376997,32.556391101664204,3.2064213765437066
2025-03-18 12:00:00,12,1,18,34.91174701771684,59.013621528957316,0.3,2,45.0,180,2.0,0.45,4,1,4.0,25.57914684592307,0.3482436724186826,-4.412008576083203,9.332600171793771,25.287719258111377,0.2675823834290132,35.81596447682785,30.49991624756653,2.876557273561473
2025-03-18 13:00:00,13,1,18,35.71492115586015,45.464202178051735,0.3,2,45.0,180,2.0,0.45,3,1,4.0,25.644501655821706,0.06535480989863629,-13.54941935090558,10.07041950003844,25.484850558416387,0.22233930943858748,36.607513936644885,33.14524008475911,2.94013052613976
2025-03-18 14:00:00,14,1,18,32.601432793108046,40.76176535038292,0.3,2,45.0,180,2.0,0.45,3,1,4.0,25.26854200479971,-0.37595965102199713,-4.702436827668812,7.332890788308337,25.49739683551483,0.20086989060118113,31.675910924065622,26.510852917131697,2.5440490936453037
2025-03-18 15:00:00,15,1,18,29.925680637329574,35.54892428833999,0.3,2,45.0,180,2.0,0.45,2,1,4.0,24.597913832315818,-0.670628172483891,-5.2128410620429335,5.327766805013756,25.170319164312414,0.530162534391478,27.194868058562232,32.75584988409124,2.1841543752929873
2025-03-18 16:00:00,16,1,18,31.301692291760805,36.78653545769039,0.3,2,45.0,180,2.0,0.45,5,1,4.0,25.11439613077943,0.516482298463611,1.2376111693504015,6.187296160981376,24.99361732263165,0.35124945096769816,32.935417953197586,33.35196146691018,2.6452063334034395
2025-03-18 17:00:00,17,1,18,32.244673745201375,38.305349740461466,0.3,2,45.0,180,2.0,0.45,2,1,4.0,24.764909903783998,-0.3494862269954311,1.5188142827710749,7.479763841417377,24.825739955626414,0.2635596944935925,29.53302122831688,27.00134627912619,2.3719430222107607
2025-03-18 18:00:00,18,1,18,30.416388834374125,30.697738919846042,0.3,2,45.0,180,2.0,0.45,5,1,4.0,25.079947163197215,0.3150372594132165,-7.607610820615424,5.33644167117691,24.986417732586883,0.19260314511252252,32.63462398391509,33.16016140722423,2.621048081829821
2025-03-18 19:00:00,19,1,18,26.108320435007812,24.881798200355888,0.0,2,45.0,180,2.0,0.45,0,0,3.0,25.09452429528439,0.014577132087175926,-5.815940719490154,1.0137961397234214,24.97979378742187,0.18623757886119863,4.627313893604907,4.7464129696947,0.3716424681600578
2025-03-18 20:00:00,20,1,18,26.234196897447884,26.10870077657616,0.0,2,45.0,180,2.0,0.45,0,0,2.0,25.132752296397587,0.0382280011131968,1.2269025762202723,1.1014446010502965,25.102407918293064,0.027271031453373624,4.719713396122174,5.753088159919344,0.3790635292684768
2025-03-18 21:00:00,21,1,18,26.748633077888094,43.481068662603285,0.0,2,45.0,180,2.0,0.45,0,0,1.0,24.666519623659713,-0.46623267273787405,17.372367886027124,2.082113454228381,24.964598738447233,0.25885075626951504,5.589499574589688,4.972994537992442,0.4489203597255401
2025-03-18 22:00:00,22,1,18,25.011659645413186,42.019839654204766,0.0,2,45.0,180,2.0,0.45,0,0,0.0,24.789485027676186,0.12296540401647249,-1.4612290083985187,0.2221746177370001,24.862918982577828,0.24163533595292475,6.876924219353318,5.631425765871574,0.5523198012916916
2025-03-18 23:00:00,23,1,18,23.82352246847,43.92277335220137,0.0,2,45.0,180,2.0,0.45,0,0,0.0,24.37987582520858,-0.4096092024676068,1.9029336979966018,-0.5563533567385797,24.61196015884816,0.2101843859247238,4.526819090544257,7.227482592080216,0.36357123342097186
2025-03-19 00:00:00,0,2,19,24.324175141994512,46.26072712216931,0.0,2,45.0,180,2.0,0.45,0,0,0.0,24.204583302138442,-0.1752925230701372,2.337953769967939,0.11959183985607069,24.457981385007738,0.30017139435250845,5.616467308052888,6.237408786852361,0.4510862717979408
2025-03-19 01:00:00,1,2,19,24.493326000660574,58.284002709714905,0.0,2,45.0,180,2.0,0.45,0,0,0.0,24.38715414658097,0.1825708444425267,12.023275587545598,0.10617185407960505,24.32387109130933,0.10337033411027191,4.586127640629988,4.758595617410465,0.3683345964526688
2025-03-19 02:00:00,2,2,19,22.721478650330873,57.3712962766247,0.0,2,45.0,180,2.0,0.45,0,0,0.0,24.27910128648236,-0.10805286009860993,-0.9127064330902073,-1.5576226361514856,24.29027957840059,0.09179729825752121,4.544294281121473,6.0329848904345384,0.36497475241860444
2025-03-19 03:00:00,3,2,19,28.68271442840478,57.60748710771924,0.0,2,45.0,180,2.0,0.45,0,0,0.0,24.755848456759196,0.47674717027683755,0.23619083109453953,3.926865971645583,24.474034629940842,0.24996625748887286,2.2287596297612384,5.764140087816394,0.17900271059732994
2025-03-19 04:00:00,4,2,19,24.41982981230892,73.76686485079347,0.0,2,45.0,180,2.0,0.45,0,0,0.0,24.588574298905254,-0.16727415785394228,16.15937774307423,-0.168744486596335,24.541174680715603,0.24188222122503333,4.625058813332228,6.325816257380235,0.3714613515084307
2025-03-19 05:00:00,5,2,19,27.721579154515315,78.08315598399986,0.0,2,45.0,180,2.0,0.45,0,0,0.0,24.913638559781617,0.3250642608763634,4.316291133206391,2.8079405947336973,24.75268710514869,0.16255518765147384,3.955976652720978,5.2975132991268445,0.3177240535232898
2025-03-19 06:00:00,6,2,19,28.365315493027403,75.98656665240505,0.0,2,45.0,180,2.0,0.45,0,0,0.0,24.9632854753366,0.049646915554983906,-2.0965893315948136,3.4020300176908016,24.82183277800782,0.20352725274664013,5.660161770212798,4.072921123507602,0.45459559019202633
2025-03-19 07:00:00,7,2,19,28.407012247340077,76.55329394798389,0.0,2,45.0,180,2.0,0.45,0,0,0.0,24.746858398856748,-0.21642707647985304,0.5667272955788434,3.660153848483329,24.87459414465832,0.11337336381301041,4.984929048930811,5.207047243510922,0.4003643102551964
2025-03-19 08:00:00,8,2,19,32.28027957132252,60.524132102122636,1.0,2,45.0,180,2.0,0.45,1,1,1.0,24.44163859877461,-0.30521980008213845,-16.029161845861253,7.838640972547907,24.717260824322654,0.2620799081770168,29.51801594153866,31.180892150759103,2.3707378734047952
2025-03-19 09:00:00,9,2,19,32.12482015213027,51.85945319582019,1.0,2,45.0,180,2.0,0.45,1,1,2.0,24.34999037796197,-0.09164822081264035,-8.664678906302449,7.7748297741683,24.512829125197772,0.20779106042166332,28.503942123840947,31.77966408259546,2.2892925889112314
2025-03-19 10:00:00,10,2,19,32.07373350427038,67.12882506175728,1.0,2,45.0,180,2.0,0.45,1,1,3.0,24.378611980820203,0.028621602858233786,15.269371865937096,7.695121523450176,24.390080319185596,0.04688807079408944,28.666898381772494,36.2646624238046,2.3023804120613978
2025-03-19 11:00:00,11,2,19,34.75193377977825,57.069250952758516,1.0,2,45.0,180,2.0,0.45,1,1,4.0,24.24166116686277,-0.13695081395743358,-10.059574108998767,10.510272612915479,24.32342117521498,0.07223796274445513,32.03717476906574,39.92309667376997,2.5730639800567032
2025-03-19 12:00:00,12,2,19,36.17403960405443,51.83942853180828,1.0,2,45.0,180,2.0,0.45,2,1,4.0,24.777872722981122,0.5362115561183529,-5.229822420950235,11.396166881073306,24.4660486235547,0.278593939449235,35.695625484982784,35.81596447682785,2.866892253860302
2025-03-19 13:00:00,13,2,19,34.72413471668785,53.52223792436261,1.0,2,45.0,180,2.0,0.45,2,1,4.0,25.4249276944039,0.6470549714227793,1.6828093925543257,9.299207022283948,24.814820528082596,0.5924979105666196,33.89476913119651,36.607513936644885,2.7222565720130403
2025-03-19 14:00:00,14,2,19,36.120559312009,35.63488873681926,1.0,2,45.0,180,2.0,0.45,5,1,4.0,26.119166583744203,0.6942388893403013,-17.887349187543343,10.001392728264797,25.440655667043075,0.6707852354310962,37.383575711318926,31.675910924065622,3.0024598861131864
2025-03-19 15:00:00,15,2,19,33.84201241966018,30.026495998337733,1.0,2,45.0,180,2.0,0.45,2,1,4.0,25.672491887099184,-0.4466746966450188,-5.60839273848153,8.169520532560995,25.738862055082432,0.3518460718359457,30.355659595804163,27.194868058562232,2.4380131787477226
2025-03-19 16:00:00,16,2,19,34.3384519764295,29.80616209379762,1.0,2,45.0,180,2.0,0.45,5,1,4.0,25.935434624722788,0.26294273762360376,-0.22033390454011226,8.403017351706715,25.909031031855392,0.2245048628485502,38.89110829621892,32.935417953197586,3.123537285132571
2025-03-19 17:00:00,17,2,19,32.05204147925689,36.821037463221,1.0,2,45.0,180,2.0,0.45,2,1,4.0,25.937079782094155,0.0016451573713673895,7.0148753694233825,6.114961697162737,25.848335431305376,0.1522871979669458,30.650664914297067,29.53302122831688,2.461706515142422
2025-03-19 18:00:00,18,2,19,28.82029104704427,27.40201753063641,1.0,2,45.0,180,2.0,0.45,1,1,4.0,24.87323096562458,-1.0638488164695765,-9.419019932584593,3.947060081419693,25.581915124147173,0.6137390357807031,23.288136551144053,32.63462398391509,1.8703854429838702
2025-03-19 19:00:00,19,2,19,26.528057841652746,32.734369551274064,0.0,2,45.0,180,2.0,0.45,0,0,3.0,25.077068256773174,0.20383729114859506,5.332352020637654,1.4509895848795722,25.2957930014973,0.5646449871747471,5.184222483808557,4.627313893604907,0.41637055183055677
2025-03-19 20:00:00,20,2,19,26.33852024125954,30.87452161281748,0.0,2,45.0,180,2.0,0.45,0,0,2.0,25.04579284028274,-0.03127541649043408,-1.859847938456582,1.2927274009768013,24.99869735422683,0.10977658639475267,5.891377582137618,4.719713396122174,0.47316567577453444
2025-03-19 21:00:00,21,2,19,26.15577632323876,38.51321923698018,0.0,2,45.0,180,2.0,0.45,0,0,1.0,25.19143559383937,0.14564275355662915,7.638697624162695,0.9643407293993924,25.104765563631762,0.07667012795711375,4.273656189372259,5.589499574589688,0.34323846853805523
2025-03-19 22:00:00,22,2,19,24.240174105234164,39.506577948973394,0.0,2,45.0,180,2.0,0.45,0,0,0.0,25.50015539040387,0.30871979656449966,0.993358711993217,-1.2599812851697045,25.245794608175327,0.2320075614446376,5.319463582940496,6.876924219353318,0.4272324334823581
2025-03-19 23:00:00,23,2,19,27.11420814560403,46.96570512357758,0.0,2,45.0,180,2.0,0.45,0,0,0.0,25.39943368108839,-0.1007217093154793,7.459127174604184,1.7147744645156422,25.363674888443878,0.15743569047682943,7.059826688886364,4.526819090544257,0.5670096033610462
2025-03-20 00:00:00,0,3,20,25.679269593465783,43.619761192611094,0.0,2,45.0,180,2.0,0.45,0,0,0.0,25.482624658885342,0.08319097779695284,-3.3459439309664845,0.19664493458044063,25.460737910125868,0.053809738988135514,3.2948146788620236,5.616467308052888,0.26462286491403975
2025-03-20 01:00:00,1,3,20,27.887268302415546,61.660093585247274,0.0,2,45.0,180,2.0,0.45,0,0,0.0,25.627937024167068,0.14531236528172542,18.04033239263618,2.259331278248478,25.503331788046935,0.11565047923717658,4.9690513384152935,4.586127640629988,0.399089092783377
2025-03-20 02:00:00,2,3,20,23.65503734411333,66.27543690005348,0.0,2,45.0,180,2.0,0.45,0,0,0.0,25.45991068197594,-0.16802634219112633,4.6153433148062035,-1.8048733378626096,25.523490788342784,0.0911632783516855,7.0981592386408945,4.544294281121473,0.570088280046743
2025-03-20 03:00:00,3,3,20,27.571106991734307,66.49513611519666,0.0,2,45.0,180,2.0,0.45,0,0,0.0,25.47413677877993,0.014226096803987787,0.21969921514318003,2.0969702129543784,25.52066149497431,0.09317523721423242,4.091009437845243,2.2287596297612384,0.32856920444669363
2025-03-20 04:00:00,4,3,20,28.22938714195089,67.2385393426665,0.0,2,45.0,180,2.0,0.45,0,0,0.0,25.551689066983954,0.07755228820402493,0.743403227469841,2.677698074966937,25.495245509246605,0.049396375016545827,4.183655605872389,4.625058813332228,0.336010076482361
2025-03-20 05:00:00,5,3,20,29.207302183950755,68.70121460736875,0.0,2,45.0,180,2.0,0.45,0,0,0.0,25.568016368740036,0.01632730175608188,1.4626752647022556,3.6392858152107195,25.531280738167975,0.05015694634082001,5.702907848539855,3.955976652720978,0.45802873918924175
2025-03-20 06:00:00,6,3,20,28.698724353648142,71.47127935019758,0.0,2,45.0,180,2.0,0.45,0,0,0.0,25.360567579486474,-0.20744878925356147,2.770064742828822,3.338156774161668,25.49342433840349,0.11534658203769269,5.844782700764923,5.660161770212798,0.46942341036632307
2025-03-20 07:00:00,7,3,20,31.864708116068382,79.11692431583643,0.0,2,45.0,180,2.0,0.45,0,0,0.0,25.707683385195388,0.3471158057089134,7.645644965638851,6.157024730872994,25.545422444473967,0.1746574066657744,4.276799322916987,4.984929048930811,0.3434909091407845
2025-03-20 08:00:00,8,3,20,29.278889245489967,67.9596548945134,1.0,2,45.0,180,2.0,0.45,4,1,1.0,25.775284148489202,0.06760076329381448,-11.157269421323022,3.503605097000765,25.614511704390356,0.22250433642751244,28.05281665074988,29.51801594153866,2.253060470640382
2025-03-20 09:00:00,9,3,20,36.00875586374741,68.36175214744344,1.0,2,45.0,180,2.0,0.45,2,1,2.0,25.40906557598868,-0.3662185725005216,0.40209725293003373,10.59969028775873,25.630677703224425,0.1948753883963114,35.705846304372315,28.503942123840947,2.8677131384235457
2025-03-20 10:00:00,10,3,20,31.824499834655192,61.178598995969,1.0,2,45.0,180,2.0,0.45,3,1,3.0,25.578803869243348,0.16973829325466738,-7.183153151474443,6.245695965411844,25.587717864573744,0.18327194328460308,29.857628346421112,28.666898381772494,2.3980138255598282
2025-03-20 11:00:00,11,3,20,35.67543839647667,58.823744396866836,1.0,2,45.0,180,2.0,0.45,4,1,4.0,25.967613842170532,0.38880997292718433,-2.354854599102161,9.70782455430614,25.65182776246752,0.28634491116409627,36.73790735775477,32.03717476906574,2.950603066790198
2025-03-20 12:00:00,12,3,20,34.29424343066997,60.4147882179,1.0,2,45.0,180,2.0,0.45,4,1,4.0,25.67315671717242,-0.29445712499811094,1.5910438210331677,8.62108671349755,25.7398581428621,0.2028055938660569,34.71909456042491,35.695625484982784,2.7884622248236117
2025-03-20 13:00:00,13,3,20,34.21405327816543,44.24740285166163,1.0,2,45.0,180,2.0,0.45,3,1,4.0,25.55939670083029,-0.1137600163421304,-16.16738536623837,8.654656577335139,25.733389086724415,0.21066860795349435,34.89437792372533,33.89476913119651,2.8025400987829285
2025-03-20 14:00:00,14,3,20,34.84131976083115,35.15839377514436,1.0,2,45.0,180,2.0,0.45,5,1,4.0,25.97231966345036,0.412922962620069,-9.089009076517272,8.869000097380788,25.73495769381769,0.2132858734190878,40.30798520054664,37.383575711318926,3.237333678009889
2025-03-20 15:00:00,15,3,20,34.11544506203057,45.4691023112196,1.0,2,45.0,180,2.0,0.45,3,1,4.0,25.995366169630127,0.023046506179767334,10.31070853607524,8.12007889240044,25.842360844636925,0.24532491795906344,33.87505942718186,30.355659595804163,2.7206735881880544
2025-03-20 16:00:00,16,3,20,33.69408049425316,34.40413532796289,1.0,2,45.0,180,2.0,0.45,5,1,4.0,25.84229775766848,-0.1530684119616481,-11.06496698325671,7.851782736584678,25.936661196916322,0.08252956658961137,35.063089155170324,38.89110829621892,2.8160901323233793
2025-03-20 17:00:00,17,3,20,29.873913414203702,23.670013952719156,1.0,2,45.0,180,2.0,0.45,4,1,4.0,25.404436922394545,-0.43786083527393416,-10.734121375243735,4.469476491809157,25.747366949897714,0.3066891545315694,32.19718591835662,30.650664914297067,2.5859152669637298
2025-03-20 18:00:00,18,3,20,27.381225242482643,33.70834665124283,1.0,2,45.0,180,2.0,0.45,4,1,4.0,25.480339524894447,0.07590260249990166,10.038332698523671,1.9008857175881957,25.57569140165249,0.23398613862220802,26.597149580403876,23.288136551144053,2.1361486476515914
2025-03-20 19:00:00,19,3,20,30.279668704308364,37.09168216225645,0.0,2,45.0,180,2.0,0.45,0,0,3.0,26.201611298316088,0.7212717734216412,3.3833355110136196,4.078057405992276,25.69546258186836,0.4399774921942063,5.203833063655406,5.184222483808557,0.4179455745033011
2025-03-20 20:00:00,20,3,20,24.716693296994066,27.524111730484975,0.0,2,45.0,180,2.0,0.45,0,0,2.0,25.787816727677406,-0.4137945706386823,-9.567570431771472,-1.0711234306833397,25.82325585029598,0.3619394857463882,5.085867591012245,5.891377582137618,0.4084711838700308
2025-03-20 21:00:00,21,3,20,25.103835415561942,36.461566648833426,0.0,2,45.0,180,2.0,0.45,0,0,1.0,25.90716541459303,0.11934868691562528,8.93745491834845,-0.8033299990310887,25.965531146862173,0.21298217225786933,5.134797956405698,4.273656189372259,0.41240102355260083
2025-03-20 22:00:00,22,3,20,26.849100537030655,37.41949544890714,0.0,2,45.0,180,2.0,0.45,0,0,0.0,25.8961203917567,-0.011045022836331242,0.9579288000737165,0.9529801452739548,25.863700844675716,0.06594920425223527,5.333827730830791,5.319463582940496,0.42838608925279187
2025-03-20 23:00:00,23,3,20,26.40823406854959,40.078908417967334,0.0,2,45.0,180,2.0,0.45,0,0,0.0,25.883031935795785,-0.013088455960915013,2.6594129690601918,0.5252021327538046,25.89543924738184,0.012081149268162478,5.93410198907705,7.059826688886364,0.4765970842354105
2025-03-21 00:00:00,0,4,21,23.84859729895911,46.115641794999014,0.0,2,45.0,180,2.0,0.45,0,0,0.0,25.775114347224335,-0.10791758857144984,6.0367333770316804,-1.9265170482652252,25.851422224925603,0.06640780126606914,5.95624523699133,3.2948146788620236,0.47837551800868794
2025-03-21 01:00:00,1,4,21,22.699442552125948,50.681999469302625,0.0,2,45.0,180,2.0,0.45,0,0,0.0,25.338709161057142,-0.4364051861671925,4.56635767430361,-2.6392666089311945,25.66561848135909,0.28820796181863545,4.178048095303283,4.9690513384152935,0.33555970957057313
2025-03-21 02:00:00,2,4,21,25.599047786138893,58.00223338150637,0.0,2,45.0,180,2.0,0.45,0,0,0.0,25.720604098974963,0.3818949379178207,7.320233912203747,-0.12155631283606994,25.61147586908548,0.237790032480728,4.477109086725282,7.0981592386408945,0.35957877711990655
2025-03-21 03:00:00,3,4,21,27.10223450453856,63.846652513565765,0.0,2,45.0,180,2.0,0.45,0,0,0.0,25.600239801248815,-0.1203642977261481,5.844419132059393,1.5019947032897463,25.553184353760305,0.19524752816678878,3.997482661014365,4.091009437845243,0.3210576063619992
2025-03-21 04:00:00,4,4,21,28.507399582904185,71.84969482647836,0.0,2,45.0,180,2.0,0.45,0,0,0.0,26.017404364859246,0.41716456361043086,8.00304231291259,2.489995218044939,25.779416088361007,0.21471074927540842,6.781695161031081,4.183655605872389,0.5446714845599595
2025-03-21 05:00:00,5,4,21,33.23943961757088,66.53209605325866,0.0,2,45.0,180,2.0,0.45,0,0,0.0,26.40233650914633,0.38493214428708455,-5.3175987732197,6.83710310842455,26.006660225084797,0.4011562782872987,6.7186632551954375,5.702907848539855,0.539609080410121
2025-03-21 06:00:00,6,4,21,30.164005145185737,76.36706353183465,0.0,2,45.0,180,2.0,0.45,0,0,0.0,26.504092150232182,0.10175564108585178,9.83496747857599,3.6599129949535545,26.307944341412583,0.2567073452486539,6.690748177949205,5.844782700764923,0.5373670824723961
2025-03-21 07:00:00,7,4,21,30.321363725876726,74.6262000663312,0.0,2,45.0,180,2.0,0.45,0,0,0.0,26.550643176667407,0.046551026435224685,-1.7408634655034518,3.7707205492093188,26.485690612015304,0.07584641958636824,4.714331396656036,4.276799322916987,0.37863127426887633
2025-03-21 08:00:00,8,4,21,33.439801704878036,69.54452431869248,1.0,2,45.0,180,2.0,0.45,3,1,1.0,26.292343561044106,-0.25829961562330084,-5.081675747638712,7.14745814383393,26.44902629598123,0.13767301509658292,33.45798531603522,28.05281665074988,2.687176303232647
2025-03-21 09:00:00,9,4,21,34.58741921206586,65.91935066738462,1.0,2,45.0,180,2.0,0.45,1,1,2.0,25.683192314422698,-0.6091512466214084,-3.625173651307861,8.904226897643163,26.17539301737807,0.4453940074246669,32.14818079218926,35.705846304372315,2.5819794228735975
2025-03-21 10:00:00,10,4,21,33.75213934060004,56.83629572905005,1.0,2,45.0,180,2.0,0.45,3,1,3.0,25.61257577317266,-0.07061654125003614,-9.08305493833457,8.139563567427377,25.862703882879824,0.37375040302860424,35.33276971495687,29.857628346421112,2.837749512075501
2025-03-21 11:00:00,11,4,21,35.67850253614227,55.716404243756756,1.0,2,45.0,180,2.0,0.45,5,1,4.0,26.00440901410426,0.3918332409316001,-1.1198914852932944,9.674093522038007,25.766725700566543,0.20884609674329657,39.109744805803366,36.73790735775477,3.1410970647196357
2025-03-21 12:00:00,12,4,21,35.9991877264816,47.05416059456956,1.0,2,45.0,180,2.0,0.45,1,1,4.0,25.605699312158066,-0.3987097019461956,-8.662243649187197,10.393488414323535,25.740894699811662,0.22823598928854702,32.667559044116274,34.71909456042491,2.6236932594303903
2025-03-21 13:00:00,13,4,21,33.657515663450134,43.89018017901813,1.0,2,45.0,180,2.0,0.45,4,1,4.0,26.056956880936983,0.4512575687789173,-3.1639804155514284,7.600558782513151,25.889021735733106,0.24676712980495574,35.00856971068064,34.89437792372533,2.8117114060517805
2025-03-21 14:00:00,14,4,21,35.990604090764506,37.58183828951216,1.0,2,45.0,180,2.0,0.45,1,1,4.0,25.704344258760504,-0.3526126221764798,-6.308341889505968,10.286259832004003,25.789000150618516,0.2372410448561774,33.34948438288366,40.30798520054664,2.6784620565830206
2025-03-21 15:00:00,15,4,21,35.21512572063837,34.71092738875235,1.0,2,45.0,180,2.0,0.45,2,1,4.0,25.23391160344353,-0.47043265531697287,-2.87091090075981,9.981214117194838,25.66507091438034,0.4129257546882292,35.237576547260524,33.87505942718186,2.83010407789747
2025-03-21 16:00:00,16,4,21,32.26981971153379,40.06820977340223,1.0,2,45.0,180,2.0,0.45,5,1,4.0,25.661587622394382,0.4276760189508515,5.357282384649878,6.60823208913941,25.53328116153281,0.2601415609258316,35.423551354902266,35.063089155170324,2.8450406346378916
2025-03-21 17:00:00,17,4,21,32.48457214807814,35.091716421887895,1.0,2,45.0,180,2.0,0.45,2,1,4.0,25.24532920800168,-0.4162584143927006,-4.9764933515143355,7.239242940076462,25.3802761446132,0.24368976398629508,30.389845568942338,32.19718591835662,2.4407588233539994
2025-03-21 18:00:00,18,4,21,29.76987476605557,34.44858517882322,1.0,2,45.0,180,2.0,0.45,2,1,4.0,25.037897950998676,-0.20743125700300524,-0.6431312430646727,4.731976815056893,25.314938260464913,0.31761811454905914,27.106819010638688,26.597149580403876,2.177082720712849
2025-03-21 19:00:00,19,4,21,30.21999250257247,29.031194553650735,0.0,2,45.0,180,2.0,0.45,0,0,3.0,25.207415467587694,0.1695175165890177,-5.417390625172487,5.012577034984776,25.163547542196017,0.11045464115979658,6.983489842009443,5.203833063655406,0.5608786135822669
2025-03-21 20:00:00,20,4,21,27.431869702162007,31.328297132785586,0.0,2,45.0,180,2.0,0.45,0,0,2.0,24.893638999431605,-0.31377646815608884,2.297102579134851,2.5382307027304023,25.04631747267266,0.15705758259532296,4.2034358615881215,5.085867591012245,0.3375987266634502
2025-03-21 21:00:00,21,4,21,23.433600123682474,40.75933140807211,0.0,2,45.0,180,2.0,0.45,0,0,1.0,24.57566400413047,-0.31797499530113527,9.431034275286521,-1.1420638804479957,24.892239490383258,0.31587805695221444,5.565617345041024,5.134797956405698,0.44700225973519864
2025-03-21 22:00:00,22,4,21,28.00466471830665,41.30521117525816,0.0,2,45.0,180,2.0,0.45,0,0,0.0,24.6126118094932,0.036947805362729014,0.5458797671860509,3.392052908813451,24.69397160435176,0.1739010827263233,4.225787816064635,5.333827730830791,0.33939392269312374
2025-03-21 23:00:00,23,4,21,25.979705863342538,41.566301437182844,0.0,2,45.0,180,2.0,0.45,0,0,0.0,24.86692793108948,0.2543161215962826,0.26109026192468576,1.1127779322530564,24.685067914904383,0.15857516891065104,4.238956504861369,5.93410198907705,0.34045156523032305
2025-03-22 00:00:00,0,5,22,27.70982709347111,42.135565160471,0.0,2,45.0,180,2.0,0.45,0,0,0.0,25.17195079681801,0.3050228657285281,0.5692637232881594,2.537876296653099,24.883830179133565,0.28005229900276357,3.4775327333934745,5.95624523699133,0.2792978557023933
2025-03-22 01:00:00,1,5,22,25.841532739294394,51.42587580406375,0.0,2,45.0,180,2.0,0.45,0,0,0.0,25.059673203268094,-0.11227759354991562,9.290310643592747,0.7818595360262997,25.032850643725194,0.15427029665260747,5.9812407794877,4.178048095303283,0.48038303366894797
2025-03-22 02:00:00,2,5,22,26.08813369421646,49.50483728436797,0.0,2,45.0,180,2.0,0.45,0,0,0.0,25.027222030952462,-0.03245117231563199,-1.9210385196957773,1.0609116632639974,25.086282010346185,0.07594488381373637,5.143973003037935,4.477109086725282,0.4131379169327108
2025-03-22 03:00:00,3,5,22,28.752036747358993,71.31356059662107,0.0,2,45.0,180,2.0,0.45,0,0,0.0,24.962726693647816,-0.06449533730464552,21.8087233122531,3.7893100537111764,25.01654064262279,0.04934800374911239,3.3611368929724565,3.997482661014365,0.26994952999718996
2025-03-22 04:00:00,4,5,22,27.013848402201774,62.87457334291956,0.0,2,45.0,180,2.0,0.45,0,0,0.0,25.362140300608743,0.39941360696092687,-8.438987253701512,1.6517081015930302,25.117363008403007,0.2144221402230718,4.447558040615359,6.781695161031081,0.3572053864302926
2025-03-22 05:00:00,5,5,22,27.467303167336034,69.97197828527473,0.0,2,45.0,180,2.0,0.45,0,0,0.0,25.559025103096435,0.19688480248769125,7.097404942355169,1.9082780642395996,25.294630699117665,0.3038274312788691,4.139228231106508,6.7186632551954375,0.3324418942514813
2025-03-22 06:00:00,6,5,22,30.264534346411498,78.42563195849942,0.0,2,45.0,180,2.0,0.45,0,0,0.0,25.98890353738813,0.4298784342916946,8.453653673224693,4.275630809023369,25.6366896470311,0.3205181348733071,5.140867895400411,6.690748177949205,0.41288853037868706
2025-03-22 07:00:00,7,5,22,30.38289266225059,68.99984264312695,0.0,2,45.0,180,2.0,0.45,0,0,0.0,25.968594094025367,-0.020309443362762636,-9.42578931537247,4.414298568225224,25.83884091150331,0.2425402716002402,4.823242004193243,4.714331396656036,0.3873784238948997
2025-03-22 08:00:00,8,5,22,33.43031162896138,61.7270373655179,1.0,2,45.0,180,2.0,0.45,0,0,0.0,26.866453934360457,0.8978598403350908,-7.272805277609052,6.5638576946009195,26.274650521924652,0.5126173793387708,4.3545888096895355,33.45798531603522,0.34973856761517685
2025-03-22 09:00:00,9,5,22,30.48793104644586,64.69858487328484,1.0,2,45.0,180,2.0,0.45,0,0,0.0,27.331487948872827,0.46503401451236925,2.9715475077669424,3.1564430975730318,26.722178659086214,0.6928069220111668,5.663095247949648,32.14818079218926,0.45483119229974633
2025-03-22 10:00:00,10,5,22,33.90140838306831,55.78391290299242,1.0,2,45.0,180,2.0,0.45,0,0,0.0,28.257743263842674,0.9262553149698469,-8.914671970292424,5.643665119225634,27.485228382358656,0.7082715512067885,5.102089900913451,35.33276971495687,0.40977407782310227
2025-03-22 11:00:00,11,5,22,35.19679388561703,51.23462094019981,1.0,2,45.0,180,2.0,0.45,0,0,0.0,29.33625491509519,1.0785116512525157,-4.5492919627926085,5.860538970521844,28.308495375936896,1.003346639938292,4.952251830129576,39.109744805803366,0.39773984117288913
2025-03-22 12:00:00,12,5,22,33.1305285099948,44.87357840648868,1.0,2,45.0,180,2.0,0.45,0,0,0.0,30.188959502519126,0.8527045874239363,-6.361042533711128,2.941569007475671,29.260985893818997,0.9678058221072557,4.392444021139042,32.667559044116274,0.3527789069004064
2025-03-22 13:00:00,13,5,22,32.70355453742443,40.82794974840856,1.0,2,45.0,180,2.0,0.45,0,0,0.0,31.098251302804993,0.9092918002858674,-4.045628658080126,1.6053032346194378,30.207821906806434,0.8811496242393559,3.6507761945963133,35.00856971068064,0.29321189503372025
2025-03-22 14:00:00,14,5,22,32.84416609877191,38.321075429527674,1.0,2,45.0,180,2.0,0.45,0,0,0.0,31.627063363628984,0.5288120608239915,-2.5068743188808824,1.217102735142923,30.971424722984366,0.7273922015298866,6.368395440547259,33.34948438288366,0.5114773395889972
2025-03-22 15:00:00,15,5,22,32.20046841682944,38.051266063032315,1.0,2,45.0,180,2.0,0.45,0,0,0.0,31.977746590877334,0.35068322724835,-0.2698093664953589,0.2227218259521031,31.567687085770434,0.44274388444633084,3.5226650522849914,35.237576547260524,0.2829226554830633
2025-03-22 16:00:00,16,5,22,32.32045929138568,36.265848849204886,1.0,2,45.0,180,2.0,0.45,0,0,0.0,32.61999317732985,0.6422465864525186,-1.7854172138274294,-0.29953388594417163,32.07493437727872,0.5035489083527612,4.699375822494378,35.423551354902266,0.37743011812905386
2025-03-22 17:00:00,17,5,22,30.806563821237695,24.129866550869725,1.0,2,45.0,180,2.0,0.45,0,0,0.0,33.13007521107767,0.510082033747814,-12.135982298335161,-2.3235113898399717,32.575938326428286,0.5774261291708651,4.63714533677227,30.389845568942338,0.3724320799928197
2025-03-22 18:00:00,18,5,22,31.282279368829712,27.982340985147957,1.0,2,45.0,180,2.0,0.45,0,0,0.0,33.66330329544368,0.5332280843660158,3.852474434278232,-2.3810239266139703,33.13779056128374,0.521697848961818,3.2120626126626353,27.106819010638688,0.2579766371380965
2025-03-22 19:00:00,19,5,22,28.87347220521487,27.396265468666904,0.0,2,45.0,180,2.0,0.45,0,0,0.0,33.16870185349911,-0.49460144194457456,-0.5860755164810527,-4.295229648284238,33.32069345334015,0.2973367321841788,5.11113183663527,6.983489842009443,0.41050028040755315
2025-03-22 20:00:00,20,5,22,27.917226481274547,34.24254818104915,0.0,2,45.0,180,2.0,0.45,0,0,0.0,33.07393872177589,-0.09476313172321937,6.846282712382248,-5.156712240501342,33.30198129023956,0.31648097315188767,3.970326178361646,4.2034358615881215,0.31887653490852585
2025-03-22 21:00:00,21,5,22,28.247543560789246,38.16052584262804,0.0,2,45.0,180,2.0,0.45,0,0,0.0,32.669655581610684,-0.40428314016520517,3.917977661578888,-4.422112020821437,32.97076538562856,0.26503839031423654,5.3036739765852845,5.565617345041024,0.4259642920914669
2025-03-22 22:00:00,22,5,22,22.86649075782407,48.66640626926701,0.0,2,45.0,180,2.0,0.45,0,0,0.0,32.21489116485757,-0.45476441675311463,10.505880426638967,-9.348400407033498,32.652828489414716,0.4297709151812676,5.211532077549073,4.225787816064635,0.4185639203928669
2025-03-22 23:00:00,23,5,22,21.678444332046446,44.4633214389736,0.0,2,45.0,180,2.0,0.45,0,0,0.0,31.392143802907754,-0.8227473619498156,-4.203084830293406,-9.713699470861307,32.09223018312534,0.6475286661692051,5.250340165535396,4.238956504861369,0.4216807899062453
2025-03-23 00:00:00,0,6,23,21.230640796021927,52.90191329776024,0.0,2,45.0,180,2.0,0.45,0,0,0.0,30.837468857382248,-0.5546749455255053,8.438591858786637,-9.606828061360321,31.481501275049187,0.6930451800952865,4.723266669337852,3.4775327333934745,0.37934891021696765
2025-03-23 01:00:00,1,6,23,22.226061276253056,49.076290234129814,0.0,2,45.0,180,2.0,0.45,0,0,0.0,30.22596413568252,-0.6115047216997276,-3.825623063630424,-7.999902859429465,30.818525598657505,0.5833205716848185,5.533878494079586,5.9812407794877,0.4444531556158142
2025-03-23 02:00:00,2,6,23,26.659795596644923,65.3436559471214,0.0,2,45.0,180,2.0,0.45,0,0,0.0,30.251131669071746,0.025167533389225838,16.26736571299159,-3.5913360724268237,30.438188220712174,0.34601607086799924,6.407473777267304,5.143973003037935,0.5146159141149871
2025-03-23 03:00:00,3,6,23,25.98554094050477,71.39578937669222,0.0,2,45.0,180,2.0,0.45,0,0,0.0,29.96001771770957,-0.29111395136217766,6.052133429570816,-3.9744767772047993,30.145704507487945,0.16130108216566735,4.064542057328809,3.3611368929724565,0.3264434781944821
2025-03-23 04:00:00,4,6,23,29.579658907165662,57.533576026707806,0.0,2,45.0,180,2.0,0.45,0,0,0.0,30.14906431320914,0.1890465954995726,-13.862213349984415,-0.5694054060434794,30.12007123333015,0.14770674385422444,5.890240459816389,4.447558040615359,0.47307434785605335
2025-03-23 05:00:00,5,6,23,31.07043462745355,64.48426980895856,0.0,2,45.0,180,2.0,0.45,0,0,0.0,30.273505439630828,0.12444112642168648,6.950693782250752,0.7969291878227232,30.127529156849846,0.15784948580324937,7.079157888788559,4.139228231106508,0.568562187648461
2025-03-23 06:00:00,6,6,23,28.822710561023495,71.97409732231323,0.0,2,45.0,180,2.0,0.45,0,0,0.0,30.369056803684764,0.09555136405393583,7.489827513354669,-1.5463462426612686,30.263875518841576,0.11031194630306158,4.030141466295763,5.140867895400411,0.32368059656344456
2025-03-23 07:00:00,7,6,23,30.128142479029915,64.86022007515726,0.0,2,45.0,180,2.0,0.45,0,0,0.0,30.040189245709684,-0.32886755797508016,-7.113877247155969,0.0879532333202313,30.227583829675094,0.16917465344360544,3.8522477420465124,4.823242004193243,0.3093930716039759
2025-03-23 08:00:00,8,6,23,30.332127714705564,70.01825967854266,0.3,2,45.0,180,2.0,0.45,0,0,0.0,29.828163015669052,-0.2120262300406317,5.158039603385404,0.5039646990365121,30.079136355021166,0.2725420710114772,3.778314436049806,4.3545888096895355,0.3034551220825867
2025-03-23 09:00:00,9,6,23,33.516222753265126,63.03437075984878,0.3,2,45.0,180,2.0,0.45,0,0,0.0,30.15401263955881,0.32584962388975924,-6.983888918693886,3.3622101137063147,30.007454966979182,0.16537274291797113,5.110731318226646,5.663095247949648,0.4104681127929614
2025-03-23 10:00:00,10,6,23,36.11285708324808,54.9806951554778,0.3,2,45.0,180,2.0,0.45,0,0,0.0,30.5755343955324,0.42152175597358976,-8.05367560437098,5.53732268771568,30.185903350253422,0.37470489445844174,5.036039278910568,5.102089900913451,0.4044692256455607
2025-03-23 11:00:00,11,6,23,36.05501783469456,56.690065589945526,0.3,2,45.0,180,2.0,0.45,0,0,0.0,31.04352645310652,0.46799205757411855,1.7093704344677292,5.011491381588041,30.59102449606591,0.4449591706369467,6.517676458331324,4.952251830129576,0.52346683655729
2025-03-23 12:00:00,12,6,23,33.1845102715742,56.457799349682695,0.3,2,45.0,180,2.0,0.45,0,0,0.0,31.430775691855334,0.3872492387488151,-0.23226624026283105,1.7537345797188628,31.016612180164753,0.4282554171286251,4.2772291802329185,4.392444021139042,0.3435254331081493
2025-03-23 13:00:00,13,6,23,33.95266189756769,47.8231868254493,0.3,2,45.0,180,2.0,0.45,0,0,0.0,31.607585765154877,0.17681007329954213,-8.634612524233397,2.34507613241281,31.360629303372246,0.2884980307385834,4.52108757470142,3.6507761945963133,0.36311090703224896
2025-03-23 14:00:00,14,6,23,35.89849028567633,47.32631412786464,0.3,2,45.0,180,2.0,0.45,0,0,0.0,32.08729053208378,0.47970476692890074,-0.49687269758465646,3.811199753592554,31.708550663031332,0.3397033511940534,4.3926328753161386,6.368395440547259,0.3527940747135508
2025-03-23 15:00:00,15,6,23,32.70111972429392,37.41672327206945,0.3,2,45.0,180,2.0,0.45,0,0,0.0,32.14882968639786,0.06153915431408308,-9.909590855795194,0.5522900378960571,31.947901994545504,0.2963243474108215,5.70466908576182,3.5226650522849914,0.45817019286263333
2025-03-23 16:00:00,16,6,23,31.379538157633487,31.359721881652167,0.3,2,45.0,180,2.0,0.45,0,0,0.0,32.30446703804408,0.15563735164622017,-6.05700139041728,-0.9249288804105937,32.180195752175244,0.11193427199517977,4.902890323790879,4.699375822494378,0.3937753744283346
2025-03-23 17:00:00,17,6,23,31.189427253063847,28.105619983053852,0.3,2,45.0,180,2.0,0.45,0,0,0.0,32.35461384453025,0.050146806486168316,-3.2541018985983143,-1.1651865914664015,32.269303522990725,0.10730393528569028,4.642527567966386,4.63714533677227,0.3728643536036404
2025-03-23 18:00:00,18,6,23,29.158507155007815,34.86620533545978,0.3,2,45.0,180,2.0,0.45,0,0,0.0,32.465863718650546,0.11124987412029697,6.760585352405929,-3.307356563642731,32.374981533741625,0.08260359677769574,4.537663512637988,3.2120626126626353,0.3644422026020887
2025-03-23 19:00:00,19,6,23,27.926865318486236,35.770582748248025,0.0,2,45.0,180,2.0,0.45,0,0,0.0,32.28036602007892,-0.18549769857162346,0.9043774127882429,-4.3535007015926865,32.36694786108657,0.0933619034575016,4.845807447916361,5.11113183663527,0.38919076630200905
2025-03-23 20:00:00,20,6,23,26.073255782776602,29.022384831127184,0.0,2,45.0,180,2.0,0.45,0,0,0.0,32.19066679034114,-0.0896992297377821,-6.748197917120841,-6.117411007564538,32.31229884302354,0.14034997764052207,5.521621839183819,3.970326178361646,0.44346876303264754
2025-03-23 21:00:00,21,6,23,27.440089031643698,40.29595882614187,0.0,2,45.0,180,2.0,0.45,0,0,0.0,32.20164158920409,0.0109747988629465,11.273573995014686,-4.761552557560389,32.22422479987472,0.048928406954240326,4.358059917155917,5.3036739765852845,0.35001734942590246
2025-03-23 22:00:00,22,6,23,27.306656977558994,38.3863246995716,0.0,2,45.0,180,2.0,0.45,0,0,0.0,32.12702639236295,-0.07461519684113682,-1.9096341265702677,-4.820369414803956,32.17311159063606,0.0402864205094788,4.408391368573155,5.211532077549073,0.35405971725762264
2025-03-23 23:00:00,23,6,23,27.031391315185637,54.123971613439394,0.0,2,45.0,180,2.0,0.45,0,0,0.0,31.99064184779069,-0.1363845445722589,15.737646913867792,-4.959250532605054,32.10643660978591,0.10699615450610298,5.17610919790207,5.250340165535396,0.41571893370641305
2025-03-24 00:00:00,0,0,24,23.69786592642826,52.21031874417646,0.0,2,45.0,180,2.0,0.45,0,0,0.0,31.400230814677286,-0.5904110331134049,-1.9136528692629327,-7.702364888249026,31.839299684943644,0.38631113189667665,5.4330986725262465,4.723266669337852,0.43635902963171447
2025-03-24 01:00:00,1,0,24,23.576944836965644,55.99565882695048,0.0,2,45.0,180,2.0,0.45,0,0,0.0,30.817609572307575,-0.5826212423697115,3.7853400827740202,-7.24066473534193,31.402827411591847,0.5865204485505243,4.710650598345002,5.533878494079586,0.3783356511491648
2025-03-24 02:00:00,2,0,24,26.043899814715303,55.05482981274828,0.0,2,45.0,180,2.0,0.45,0,0,0.0,30.786129979698533,-0.03147959260904187,-0.9408290142022011,-4.74223016498323,31.00132345556113,0.3458222839196869,6.993811454755717,6.407473777267304,0.5617075933585727
2025-03-24 03:00:00,3,0,24,27.39816318732734,66.54422567291512,0.0,2,45.0,180,2.0,0.45,0,0,0.0,30.86317924854328,0.07704926884474617,11.489395860166837,-3.4650160612159375,30.822306266849797,0.038738761751419916,4.185083482097581,4.064542057328809,0.33612475628510596
2025-03-24 04:00:00,4,0,24,25.25104605027704,57.39098257305791,0.0,2,45.0,180,2.0,0.45,0,0,0.0,30.818301897748068,-0.04487735079521116,-9.153243099857207,-5.567255847471028,30.822537041996625,0.038698834509848935,5.6771516094531975,5.890240459816389,0.45596012822297144
2025-03-24 05:00:00,5,0,24,27.78927376150513,68.59329657162009,0.0,2,45.0,180,2.0,0.45,0,0,0.0,30.476951495887832,-0.341350401860236,11.202313998562175,-2.687677734382703,30.71947754739306,0.21122892415000333,4.7351801024884725,7.079157888788559,0.3803057369640088
2025-03-24 06:00:00,6,0,24,28.270660339212977,64.25082319014248,0.0,2,45.0,180,2.0,0.45,0,0,0.0,30.294739293885648,-0.1822122020021837,-4.342473381477603,-2.024078954672671,30.52999756250718,0.26578160946264917,5.058449089224814,4.030141466295763,0.4062690683637509
2025-03-24 07:00:00,7,0,24,34.619503859063826,72.97083072142482,0.0,2,45.0,180,2.0,0.45,0,0,0.0,30.526360928336626,0.2316216344509776,8.720007531282334,4.0931429307272005,30.4326839060367,0.12199122927394387,4.612065860164628,3.8522477420465124,0.3704178231688969
2025-03-24 08:00:00,8,0,24,32.28154193406777,66.0919130833542,0.3,2,45.0,180,2.0,0.45,1,1,1.0,27.191638362417834,-3.334722565918792,-6.878917638070618,5.089903571649934,29.337579528213368,1.8620445109282966,28.582658728282443,3.778314436049806,2.295614708791676
2025-03-24 09:00:00,9,0,24,32.47494797180124,61.33877842386792,0.3,2,45.0,180,2.0,0.45,1,1,2.0,25.830221444387462,-1.361416918030372,-4.753134659486278,6.644726527413781,27.849406911713974,2.416180066035783,28.643103358921675,5.110731318226646,2.3004693160723346
2025-03-24 10:00:00,10,0,24,36.24763050530176,66.1447394097251,0.3,2,45.0,180,2.0,0.45,4,1,3.0,25.792937987302523,-0.03728345708493919,4.805960985857183,10.454692517999234,26.271599264702605,0.7969952760438274,36.87020718605784,5.036039278910568,2.96122872043251
2025-03-24 11:00:00,11,0,24,33.42310298206197,54.35484750943234,0.3,2,45.0,180,2.0,0.45,4,1,4.0,25.502769915950626,-0.2901680713518964,-11.789891900292766,7.920333066111343,25.708643115880204,0.17926333947459047,34.68768682167513,6.517676458331324,2.785939713963818
2025-03-24 12:00:00,12,0,24,35.68434505357868,53.65099952627829,0.3,2,45.0,180,2.0,0.45,5,1,4.0,25.506769049268957,0.003999133318330905,-0.7038479831540485,10.177576004309724,25.600825650840704,0.16638617920978144,39.26796330722771,4.2772291802329185,3.153804375209031
2025-03-24 13:00:00,13,0,24,32.450463869715236,44.355190700259634,0.3,2,45.0,180,2.0,0.45,4,1,4.0,25.370161606759748,-0.13660744250920942,-9.295808826018657,7.080302262955488,25.459900190659777,0.07774161270960807,31.76342037194189,4.52108757470142,2.551077410276472
2025-03-24 14:00:00,14,0,24,34.3973908497555,45.31124726202917,0.3,2,45.0,180,2.0,0.45,5,1,4.0,25.788421881931924,0.4182602751721767,0.956056561769536,8.608968967823579,25.555117512653542,0.21328055438811117,38.05822140644768,4.3926328753161386,3.05664401907588
2025-03-24 15:00:00,15,0,24,36.15843227520368,40.16941044784445,0.3,2,45.0,180,2.0,0.45,4,1,4.0,25.784718456257615,-0.0037034256743098126,-5.141836814184721,10.373713818946065,25.647767314983096,0.24042072657876887,37.72820989864606,5.70466908576182,3.0301391624569853
2025-03-24 16:00:00,16,0,24,32.35216639121741,33.204101863212806,0.3,2,45.0,180,2.0,0.45,5,1,4.0,26.34906238665646,0.5643439303988451,-6.965308584631643,6.003104004560949,25.974067574948663,0.3247603123010364,35.26914850682724,4.902890323790879,2.8326397781434034
2025-03-24 17:00:00,17,0,24,28.72728666782733,33.82936435553887,0.3,2,45.0,180,2.0,0.45,3,1,4.0,25.344436449372377,-1.0046259372840822,0.6252624923260655,3.3828502184549514,25.82607243076215,0.5035880577129229,28.684744528022087,4.642527567966386,2.3038137243440397
2025-03-24 18:00:00,18,0,24,29.329419832788844,34.311131336333425,0.3,2,45.0,180,2.0,0.45,4,1,4.0,25.32850414336457,-0.015932306007808705,0.4817669807945535,4.000915689424275,25.674000993131134,0.584674587582305,29.720331239196405,4.537663512637988,2.386986815727894
2025-03-24 19:00:00,19,0,24,28.027415831179976,31.784525474350193,0.0,2,45.0,180,2.0,0.45,0,0,3.0,25.412438869131694,0.08393472576712568,-2.5266058619832314,2.6149769620482815,25.361793153956214,0.0445780320615391,4.002269602272301,4.845807447916361,0.3214420692933978
2025-03-24 20:00:00,20,0,24,27.021726378440274,35.67851520067283,0.0,2,45.0,180,2.0,0.45,0,0,2.0,25.427925743301103,0.015486874169408082,3.8939897263226335,1.5938006351391714,25.38962291859912,0.053493825177177025,3.56203128471758,5.521621839183819,0.2860843523378258
2025-03-24 21:00:00,21,0,24,28.852026214444052,27.69694889058823,0.0,2,45.0,180,2.0,0.45,0,0,1.0,25.31719343507463,-0.11073230822647417,-7.981566310084595,3.534832779369424,25.385852682502474,0.05996273851714957,4.1970212567198955,4.358059917155917,0.3370835380161458
2025-03-24 22:00:00,22,0,24,25.304028313172637,38.09138795538441,0.0,2,45.0,180,2.0,0.45,0,0,0.0,25.350722264627606,0.03352882955297787,10.394439064796181,-0.04669395145496935,25.36528048100111,0.0567835122975454,3.985321874267247,4.408391368573155,0.3200809134240697
2025-03-24 23:00:00,23,0,24,23.83389304496563,48.91564537877483,0.0,2,45.0,180,2.0,0.45,0,0,0.0,24.965909779458357,-0.38481248516924893,10.82425742339042,-1.1320167344927263,25.2112751597202,0.2131529333029189,5.065141550464465,5.17610919790207,0.4068065730306823
2025-03-25 00:00:00,0,1,25,25.01551676528082,43.506832758014355,0.0,2,45.0,180,2.0,0.45,0,0,0.0,24.886760338095858,-0.07914944136249957,-5.408812620760479,0.12875642718496394,25.067797460727274,0.24819547137908152,5.309205650102601,5.4330986725262465,0.42640856815449174
2025-03-25 01:00:00,1,1,25,23.70593713306964,50.52797955567586,0.0,2,45.0,180,2.0,0.45,0,0,0.0,24.890246572926575,0.003486234830717194,7.021146797661508,-1.1843094398569356,24.9143055634936,0.044724543450695056,5.853497906234914,4.710650598345002,0.47012337162805323
2025-03-25 02:00:00,2,1,25,23.334836488855938,66.04597858555601,0.0,2,45.0,180,2.0,0.45,0,0,0.0,24.472465219132364,-0.41778135379421144,15.517999029880151,-1.1376287302764254,24.749824043384933,0.2402061125386606,5.342574817870721,6.993811454755717,0.4290886110811085
2025-03-25 03:00:00,3,1,25,25.609733294883558,56.64423654450401,0.0,2,45.0,180,2.0,0.45,0,0,0.0,24.369275871765446,-0.10318934736691787,-9.401742041052003,1.2404574231181122,24.577329221274795,0.2758622157447467,5.887898156054292,4.185083482097581,0.4728862258545333
2025-03-25 04:00:00,4,1,25,25.468194343151268,65.43045315481612,0.0,2,45.0,180,2.0,0.45,0,0,0.0,24.406756206798335,0.037480335032888945,8.78621661031211,1.0614381363529333,24.416165765898715,0.05223423402200238,4.298131210467956,5.6771516094531975,0.34520417854982793
2025-03-25 05:00:00,5,1,25,26.88289427778938,67.41496939952049,0.0,2,45.0,180,2.0,0.45,0,0,0.0,24.953459792538844,0.5467035857405094,1.9845162447043663,1.9294344852505354,24.57649729036754,0.32699654418740676,6.434964416860928,4.7351801024884725,0.5168238233653175
2025-03-25 06:00:00,6,1,25,29.25423910557524,62.72711030845516,0.0,2,45.0,180,2.0,0.45,0,0,0.0,25.427712736578485,0.474252944039641,-4.687859091065327,3.826526368996756,24.929309578638552,0.5109065311270756,4.098929310903632,5.058449089224814,0.32920528862827503
2025-03-25 07:00:00,7,1,25,33.38560428849556,76.43241041157107,0.0,2,45.0,180,2.0,0.45,0,0,0.0,25.834965143672843,0.40725240709435795,13.70530010311591,7.550639144822714,25.40537922426339,0.4411768470220214,4.115878552485206,4.612065860164628,0.3305665660604205
2025-03-25 08:00:00,8,1,25,33.53619471794574,70.48485455907206,1.0,2,45.0,180,2.0,0.45,1,1,1.0,25.249625307871376,-0.5853398358014665,-5.947555852499008,8.286569410074364,25.504101062707566,0.300053433775065,30.108875064185074,28.582658728282443,2.4181926922746966
2025-03-25 09:00:00,9,1,25,34.43444307053395,67.57038508369587,1.0,2,45.0,180,2.0,0.45,5,1,2.0,26.05603467033607,0.8064093624646951,-2.914469475376194,8.37840840019788,25.71354170729343,0.4166914363697842,37.1700701448805,28.643103358921675,2.9853121979507837
2025-03-25 10:00:00,10,1,25,34.63638648551137,58.872593812854426,1.0,2,45.0,180,2.0,0.45,1,1,3.0,25.69631867708843,-0.35971599324764014,-8.697791270841442,8.940067808422942,25.667326218431963,0.4039856890552962,31.25541766615122,36.87020718605784,2.5102772000999045
2025-03-25 11:00:00,11,1,25,35.235412414107905,53.672569670830896,1.0,2,45.0,180,2.0,0.45,3,1,4.0,26.04056885023023,0.3442501731417984,-5.20002414202353,9.194843563877676,25.93097406588491,0.20336460241624327,37.7303872612216,34.68768682167513,3.030314037215919
2025-03-25 12:00:00,12,1,25,35.572029057286315,48.29298080928763,1.0,2,45.0,180,2.0,0.45,4,1,4.0,26.30537569812118,0.26480684789094866,-5.379588861543269,9.266653359165137,26.01408774181328,0.3053908160770041,38.0579744329384,39.26796330722771,3.0566241834116763
2025-03-25 13:00:00,13,1,25,35.57497988990285,39.07310645064285,1.0,2,45.0,180,2.0,0.45,3,1,4.0,26.2629756399814,-0.04240005813977987,-9.21987435864478,9.31200424992145,26.202973396110934,0.14223525802074907,36.00098631266148,31.76342037194189,2.8914172924220365
2025-03-25 14:00:00,14,1,25,34.97959305547967,45.77750749277552,1.0,2,45.0,180,2.0,0.45,3,1,4.0,26.08443752772563,-0.17853811225576877,6.704401042132673,8.895155527754039,26.2175962886094,0.11725136644093903,35.97254120736601,38.05822140644768,2.889132725309852
2025-03-25 15:00:00,15,1,25,33.8933244982227,31.331481737759432,1.0,2,45.0,180,2.0,0.45,1,1,4.0,25.512096023615552,-0.5723415041100779,-14.446025755016088,8.381228474607145,25.95316973044086,0.39227347032527976,30.99587336535986,37.72820989864606,2.4894319134474716
2025-03-25 16:00:00,16,1,25,34.60341807191597,29.73749417394498,1.0,2,45.0,180,2.0,0.45,5,1,4.0,26.196619837543444,0.6845238139278926,-1.5939875638144514,8.406798234372523,25.931051129628212,0.3671358785234457,39.24155795142729,35.26914850682724,3.1516836304685723
2025-03-25 17:00:00,17,1,25,30.461826143283453,35.98207260670827,1.0,2,45.0,180,2.0,0.45,2,1,4.0,25.930207213233796,-0.2664126243096483,6.244578432763291,4.531618930049657,25.879641024797596,0.3450520504473608,30.04390203554206,28.684744528022087,2.412974386950285
2025-03-25 18:00:00,18,1,25,26.78063945195283,34.29931635222345,1.0,2,45.0,180,2.0,0.45,2,1,4.0,25.57117058353596,-0.3590366296978367,-1.682756254484822,1.2094688684168702,25.899332544771067,0.31386561805771296,24.165269692394393,29.720331239196405,1.9408323443643396
2025-03-25 19:00:00,19,1,25,27.199511005955152,32.12052723819962,0.0,2,45.0,180,2.0,0.45,0,0,3.0,25.86748179068419,0.2963112071482321,-2.1787891140238287,1.3320292152709605,25.789619862484653,0.19176466114226806,4.064483185602232,4.002269602272301,0.32643874991490723
2025-03-25 20:00:00,20,1,25,30.251786342520475,33.253275863803125,0.0,2,45.0,180,2.0,0.45,0,0,2.0,26.174446383235125,0.30696459255093345,1.1327486256035044,4.07733995928535,25.87103291915176,0.30165357698909795,5.04870855275494,3.56203128471758,0.4054867576975413
2025-03-25 21:00:00,21,1,25,25.70377087131966,41.719300573411104,0.0,2,45.0,180,2.0,0.45,0,0,1.0,26.100469516938578,-0.07397686629654743,8.466024709607979,-0.396698645618919,26.04746589695263,0.16019941656672243,4.833207425406309,4.1970212567198955,0.38817879616724477
2025-03-25 22:00:00,22,1,25,28.62375158778831,41.62490908296388,0.0,2,45.0,180,2.0,0.45,0,0,0.0,26.33601597033959,0.23554645340101388,-0.09439149044722228,2.2877356174487176,26.203643956837766,0.12045707391136215,5.425646883093085,3.985321874267247,0.4357605395614868
2025-03-25 23:00:00,23,1,25,25.679064594763485,40.56671376480414,0.0,2,45.0,180,2.0,0.45,0,0,0.0,26.350064562579114,0.01404859223952215,-1.0581953181597399,-0.6709999678156287,26.262183349952426,0.14022433304042703,4.624311807438722,5.065141550464465,0.37140135577000094
2025-03-26 00:00:00,0,2,26,23.74905501416134,41.75387492975483,0.0,2,45.0,180,2.0,0.45,0,0,0.0,26.261939010176953,-0.08812555240216113,1.1871611649506875,-2.5128839960156135,26.316006514365217,0.04734777705947604,4.540254886837242,5.309205650102601,0.3646503286824629
2025-03-26 01:00:00,1,2,26,23.817104649867154,50.843797218007424,0.0,2,45.0,180,2.0,0.45,0,0,0.0,26.31524057953667,0.05330156935971786,9.089922288252595,-2.498135929669516,26.309081384097578,0.044384456879895305,6.49033263524101,5.853497906234914,0.5212707188665795
2025-03-26 02:00:00,2,2,26,27.138199304884925,55.21011321271384,0.0,2,45.0,180,2.0,0.45,0,0,0.0,26.235253626250394,-0.07998695328627647,4.366315994706419,0.9029456786345307,26.270811071988007,0.040724848486163825,6.401492965837408,5.342574817870721,0.5141355655645076
2025-03-26 03:00:00,3,2,26,25.95976634341723,65.5489097607868,0.0,2,45.0,180,2.0,0.45,0,0,0.0,26.835975678621526,0.6007220523711325,10.338796548072956,-0.8762093352042974,26.4621566281362,0.32619777751077067,5.3315632076251385,5.887898156054292,0.4282042141925074
2025-03-26 04:00:00,4,2,26,26.502576429323835,80.4632572097055,0.0,2,45.0,180,2.0,0.45,0,0,0.0,26.751809475517625,-0.08416620310390144,14.914347448918704,-0.2492330461937904,26.60767959346318,0.3252642206371221,2.9748833783598787,4.298131210467956,0.2389275996058881
2025-03-26 05:00:00,5,2,26,28.612298252625365,63.094465178078885,0.0,2,45.0,180,2.0,0.45,0,0,0.0,26.825141522770274,0.07333204725264864,-17.36879203162662,1.7871567298550914,26.80430889230314,0.04578740334457478,4.251718372118903,6.434964416860928,0.3414765339173351
2025-03-26 06:00:00,6,2,26,29.252282399118002,71.60678329104076,0.0,2,45.0,180,2.0,0.45,0,0,0.0,26.655422355326397,-0.16971916744387627,8.512318112961871,2.5968600437916045,26.744124451204765,0.08512017180518881,4.451579399088121,4.098929310903632,0.3575283616211996
2025-03-26 07:00:00,7,2,26,31.916696286524413,66.712875150242,0.0,2,45.0,180,2.0,0.45,0,0,0.0,26.703112998305503,0.047690642979105746,-4.893908140798757,5.21358328821891,26.727892292134058,0.08753090312060142,3.725424620953504,4.115878552485206,0.2992072794086579
2025-03-26 08:00:00,8,2,26,30.216669960448453,69.05084975819521,1.0,2,45.0,180,2.0,0.45,3,1,1.0,25.734225192943224,-0.9688878053622787,2.337974607953214,4.482444767505228,26.36425351552504,0.5461413414108303,27.87721192673514,30.108875064185074,2.238956786612463
2025-03-26 09:00:00,9,2,26,34.23492702899966,69.05130678020848,1.0,2,45.0,180,2.0,0.45,3,1,2.0,25.483127553904033,-0.251097639039191,0.0004570220132649183,8.751799475095623,25.97348858171759,0.6442253860593437,33.041254797851494,37.1700701448805,2.6537066139277004
2025-03-26 10:00:00,10,2,26,34.87459760685932,64.2260870801669,1.0,2,45.0,180,2.0,0.45,5,1,3.0,25.66286027538306,0.1797327214790272,-4.825219700041572,9.211737331476257,25.626737674076775,0.12938754896119886,38.03349313727582,31.25541766615122,3.054657969458399
2025-03-26 11:00:00,11,2,26,33.21090044071603,57.92464140913468,1.0,2,45.0,180,2.0,0.45,2,1,4.0,25.674310877158927,0.011450601775866431,-6.301445671032226,7.536589563557104,25.606766235482002,0.10722719690723613,31.12144777575534,37.7303872612216,2.4995174155098274
2025-03-26 12:00:00,12,2,26,34.488993073368256,53.1802148615473,1.0,2,45.0,180,2.0,0.45,1,1,4.0,25.27888550451672,-0.3954253726422081,-4.744426547587381,9.210107568851537,25.538685552352902,0.2250662740429695,32.8254530707078,38.0579744329384,2.6363745097409224
2025-03-26 13:00:00,13,2,26,35.134936595521,43.903601534971344,1.0,2,45.0,180,2.0,0.45,4,1,4.0,25.369803768520118,0.09091826400339897,-9.276613326575955,9.76513282700088,25.441000050065252,0.20710381264297176,35.7972385138672,36.00098631266148,2.8750532988466846
2025-03-26 14:00:00,14,2,26,34.3957471078654,45.15808653092424,1.0,2,45.0,180,2.0,0.45,3,1,4.0,25.424222096251185,0.05441832773106725,1.2544849959528932,8.971525011614212,25.35763712309601,0.0734282075871042,35.51345638790902,35.97254120736601,2.852261352560835
2025-03-26 15:00:00,15,2,26,31.12655370820684,29.833745956737737,1.0,2,45.0,180,2.0,0.45,5,1,4.0,25.716700560356333,0.2924784641051481,-15.3243405741865,5.409853147850505,25.503575475042542,0.18656651653051437,33.446146134423316,30.99587336535986,2.686225439993971
2025-03-26 16:00:00,16,2,26,32.028795490990554,31.358625415313178,1.0,2,45.0,180,2.0,0.45,5,1,4.0,26.169143980796964,0.45244342044063046,1.524879458575441,5.85965151019359,25.77002221246816,0.3753126063115192,36.17958955726913,39.24155795142729,2.905761802471185
2025-03-26 17:00:00,17,2,26,29.29111037312211,34.90977742872496,1.0,2,45.0,180,2.0,0.45,2,1,4.0,25.82494923366897,-0.34419474712799314,3.55115201341178,3.4661611394531384,25.903597924940755,0.23625298866612376,26.987403663204244,30.04390203554206,2.1674918834631733
2025-03-26 18:00:00,18,2,26,31.840651214799983,31.78986992224083,1.0,2,45.0,180,2.0,0.45,3,1,4.0,25.70623610371767,-0.11871312995129912,-3.119907506484129,6.134415111082312,25.90010977272787,0.24043243466477293,30.877599922310726,24.165269692394393,2.479932788187498
2025-03-26 19:00:00,19,2,26,29.37990267877352,24.817584865210463,0.0,2,45.0,180,2.0,0.45,0,0,3.0,25.89236697052186,0.1861308668041879,-6.972285057030366,3.4875357082516594,25.80785076930283,0.09423610245903638,4.632247474629919,4.064483185602232,0.3720387084565151
2025-03-26 20:00:00,20,2,26,29.174013314360394,27.963840873920223,0.0,2,45.0,180,2.0,0.45,0,0,2.0,26.13838347915905,0.24601650863719016,3.1462560087097593,3.0356298352013447,25.91232885113286,0.21676414840319522,5.828937902057006,5.04870855275494,0.46815083620457276
2025-03-26 21:00:00,21,2,26,25.20319073373176,39.39075686026704,0.0,2,45.0,180,2.0,0.45,0,0,1.0,26.22305650279861,0.08467302363956009,11.426915986346817,-1.0198657690668504,26.084602317493175,0.17177951479022321,3.744810646900395,4.833207425406309,0.30076426704692344
2025-03-26 22:00:00,22,2,26,25.581816436324857,42.5082487655888,0.0,2,45.0,180,2.0,0.45,0,0,0.0,25.95126844084338,-0.2717880619552311,3.1174919053217636,-0.36945200451852145,26.10423614093368,0.13907450588036388,4.207958772105545,5.425646883093085,0.3379619839800298
2025-03-26 23:00:00,23,2,26,24.697676277299664,46.67707288909749,0.0,2,45.0,180,2.0,0.45,0,0,0.0,25.734866086867658,-0.21640235397572027,4.168824123508685,-1.0371898095679946,25.969730343503215,0.24461827801429437,6.8476263003150795,4.624311807438722,0.549966740489317
2025-03-27 00:00:00,0,3,27,28.071102371857002,53.41331123588531,0.0,2,45.0,180,2.0,0.45,0,0,0.0,25.890994719333694,0.1561286324660358,6.736238346787822,2.180107652523308,25.85904308234824,0.11168336953499969,4.0733471627954625,4.540254886837242,0.3271506597696416
2025-03-27 01:00:00,1,3,27,25.14707848727618,59.523349204481065,0.0,2,45.0,180,2.0,0.45,0,0,0.0,25.889526587857553,-0.0014681314761411102,6.110037968595755,-0.7424481005813739,25.8384624646863,0.08972009794332117,5.281957456945539,6.49033263524101,0.4242201309767616
2025-03-27 02:00:00,2,3,27,25.843198479829912,60.2618391944421,0.0,2,45.0,180,2.0,0.45,0,0,0.0,25.907227686315455,0.01770109845790202,0.7384899899610389,-0.064029206485543,25.895916331168902,0.009823386307413667,3.288336051131709,6.401492965837408,0.264102534273987
2025-03-27 03:00:00,3,3,27,28.700525546325565,63.812588646589354,0.0,2,45.0,180,2.0,0.45,0,0,0.0,26.259289806746583,0.3520621204311283,3.550749452147251,2.441235739578982,26.01868136030653,0.20856090380265968,4.791355953644252,5.3315632076251385,0.3848174974485048
2025-03-27 04:00:00,4,3,27,27.97881709929173,67.45029945294806,0.0,2,45.0,180,2.0,0.45,0,0,0.0,26.80990541172423,0.5506156049776472,3.6377108063587045,1.1689116875675012,26.32547430159542,0.45496380021460253,6.253484400188218,2.9748833783598787,0.5022482655214491
2025-03-27 05:00:00,5,3,27,26.094724855614523,70.0470155825665,0.0,2,45.0,180,2.0,0.45,0,0,0.0,26.984712050418796,0.17480663869456592,2.596716129618443,-0.8899871948042737,26.68463575629654,0.37858780069025505,4.026018337714576,4.251718372118903,0.32334944771171625
2025-03-27 06:00:00,6,3,27,30.152460249105108,66.81838948811843,0.0,2,45.0,180,2.0,0.45,0,0,0.0,27.14634940462985,0.1616373542110523,-3.2286260944480745,3.006110844475259,26.980322288924288,0.16826494761155336,4.666088913235047,4.451579399088121,0.374756681790176
2025-03-27 07:00:00,7,3,27,34.477413748584254,69.74045103955726,0.0,2,45.0,180,2.0,0.45,0,0,0.0,27.57497277277972,0.42862336814987145,2.92206155143883,6.902440975804534,27.235344742609456,0.3050279622047298,3.576917652660613,3.725424620953504,0.2872799501838966
2025-03-27 08:00:00,8,3,27,33.38638164425462,67.74548664180284,0.3,2,45.0,180,2.0,0.45,4,1,1.0,26.6392028017467,-0.9357699710330216,-1.9949643977544156,6.747178842507921,27.12017499305209,0.46843375682965177,32.85014741814234,27.87721192673514,2.6383578349358823
2025-03-27 09:00:00,9,3,27,36.27815636135733,57.70301596636104,0.3,2,45.0,180,2.0,0.45,3,1,2.0,25.883314878246647,-0.7558879235000511,-10.042470675441798,10.394841483110685,26.699163484257685,0.8474214244512889,36.3161898804553,33.041254797851494,2.916732850130288
2025-03-27 10:00:00,10,3,27,36.637382665190046,65.70215052223367,0.3,2,45.0,180,2.0,0.45,1,1,3.0,25.379768299946893,-0.5035465782997548,7.999134555872622,11.257614365243153,25.967428659980083,0.6339165262782294,32.861268919917094,38.03349313727582,2.639251057756778
2025-03-27 11:00:00,11,3,27,36.331980999800855,47.548768460456195,0.3,2,45.0,180,2.0,0.45,4,1,4.0,25.426659907437408,0.04689160749051524,-18.15338206177747,10.905321092363447,25.56324769521031,0.2781761257826518,37.22228234049935,31.12144777575534,2.9895056176525814
2025-03-27 12:00:00,12,3,27,35.37607454012359,49.54754569731481,0.3,2,45.0,180,2.0,0.45,2,1,4.0,25.262741504793116,-0.16391840264429192,1.998777236858615,10.113333035330474,25.35638990405914,0.08442288035028273,34.119765365459884,32.8254530707078,2.7403271325479377
2025-03-27 13:00:00,13,3,27,34.63955749261111,35.57091163809747,0.3,2,45.0,180,2.0,0.45,4,1,4.0,25.546968876759813,0.284227371966697,-13.97663405921734,9.092588615851298,25.41212342966345,0.142670184807104,37.129953562756825,35.7972385138672,2.982090236800668
2025-03-27 14:00:00,14,3,27,36.8472049183007,44.49434896720478,0.3,2,45.0,180,2.0,0.45,5,1,4.0,26.02188060084811,0.4749117240882974,8.923437329107308,10.825324317452587,25.610530327467014,0.3835402003719826,40.12100113833878,35.51345638790902,3.2223160630429075
2025-03-27 15:00:00,15,3,27,34.73620024749997,30.895916884358428,0.3,2,45.0,180,2.0,0.45,5,1,4.0,26.079197678725265,0.05731707787715479,-13.598432082846351,8.657002568774708,25.882682385444397,0.29214548052071126,38.246655531876605,33.446146134423316,3.0717780957929945
2025-03-27 16:00:00,16,3,27,35.95694548438626,31.433113232113026,0.3,2,45.0,180,2.0,0.45,4,1,4.0,26.0933709894661,0.0141733107408335,0.5371963477545982,9.863574494920162,26.064816423013156,0.037852797818547224,38.05567084034243,36.17958955726913,3.0564391704953953
2025-03-27 17:00:00,17,3,27,29.314657572617964,30.359996985344203,0.3,2,45.0,180,2.0,0.45,1,1,4.0,25.2856867447656,-0.8076842447004999,-1.073116246768823,4.0289708278523655,25.819418470985653,0.4622795554254068,24.723346666959937,26.987403663204244,1.9856542667624457
2025-03-27 18:00:00,18,3,27,28.61501862048692,28.391498243477304,0.3,2,45.0,180,2.0,0.45,4,1,4.0,24.978616767870136,-0.30706997689546256,-1.9684987418668989,3.6364018526167854,25.452558167367275,0.5758070834940305,28.7133951277961,30.877599922310726,2.3061147957342896
2025-03-27 19:00:00,19,3,27,29.591675438908247,32.84473556506693,0.0,2,45.0,180,2.0,0.45,0,0,3.0,25.107594831383068,0.12897806351293184,4.453237321589622,4.484080607525179,25.123966114672935,0.1541882189552908,5.138470359692459,4.632247474629919,0.4126959724263864
2025-03-27 20:00:00,20,3,27,25.546494950763417,35.68304277810199,0.0,2,45.0,180,2.0,0.45,0,0,2.0,25.07920128615176,-0.02839354523130666,2.8383072130350655,0.4672936646116561,25.055137628468326,0.06777263409557598,4.230074243935161,5.828937902057006,0.33973818691855134
2025-03-27 21:00:00,21,3,27,27.10189132397674,34.18639319446552,0.0,2,45.0,180,2.0,0.45,0,0,1.0,25.38776689421439,0.30856560806262934,-1.4966495836364686,1.7141244297623501,25.191521003916407,0.17054584558523841,6.264058851358805,3.744810646900395,0.5030975520022963
2025-03-27 22:00:00,22,3,27,28.022524470105537,40.726927176864805,0.0,2,45.0,180,2.0,0.45,0,0,0.0,25.65288870890841,0.2651218146940195,6.540533982399282,2.3696357611971273,25.373285629758186,0.2871177372125227,5.146912421127973,4.207958772105545,0.41337399613957976
2025-03-27 23:00:00,23,3,27,25.316794277639552,45.76183204776491,0.0,2,45.0,180,2.0,0.45,0,0,0.0,25.616948527382558,-0.03594018152585221,5.034904870900107,-0.30015424974300586,25.552534710168455,0.14382019692068254,6.183739075955243,6.8476263003150795,0.4966466735316796
2025-03-28 00:00:00,0,4,28,22.554498464920496,49.36159718497219,0.0,2,45.0,180,2.0,0.45,0,0,0.0,25.153812618380805,-0.4631359090017533,3.599765137207278,-2.599314153460309,25.474549951557254,0.2783473582261045,4.212046027164645,4.0733471627954625,0.3382902516517481
2025-03-28 01:00:00,1,4,28,27.76455794615758,53.90799341629181,0.0,2,45.0,180,2.0,0.45,0,0,0.0,25.195758241881993,0.04194562350118858,4.546396231319619,2.5687997042755875,25.322173129215116,0.25614304666701426,3.675817945942262,5.281957456945539,0.29522312195526557
2025-03-28 02:00:00,2,4,28,26.463372621432562,60.297596607147675,0.0,2,45.0,180,2.0,0.45,0,0,0.0,25.427855365036738,0.23209712315474462,6.3896031908558655,1.0355172563958241,25.259142075099845,0.147607552256901,6.652250051563819,3.288336051131709,0.5342751075084378
2025-03-28 03:00:00,3,4,28,27.737521073286068,71.87724871959988,0.0,2,45.0,180,2.0,0.45,0,0,0.0,25.566836268135738,0.13898090309900013,11.579652112452202,2.17068480515033,25.396816625018158,0.18747607294827945,5.855539945035299,4.791355953644252,0.47028737786521446
2025-03-28 04:00:00,4,4,28,28.333458067248188,69.4245204714415,0.0,2,45.0,180,2.0,0.45,0,0,0.0,25.724552503623553,0.15771623548781477,-2.4527282481583796,2.608905563624635,25.573081378932006,0.14844712549461517,3.9415869411891222,6.253484400188218,0.3165683446103498
2025-03-28 05:00:00,5,4,28,29.277199714249754,73.2625195898155,0.0,2,45.0,180,2.0,0.45,0,0,0.0,25.980141866809525,0.2555893631859725,3.8379991183740003,3.297057847440229,25.75717687952294,0.20857526675153415,5.729449282359127,4.026018337714576,0.4601604130285145
2025-03-28 06:00:00,6,4,28,30.432130151857532,70.3765783498784,0.0,2,45.0,180,2.0,0.45,0,0,0.0,25.743620766899035,-0.2365210999104903,-2.8859412399370967,4.688509384958497,25.816105045777373,0.14237962865670556,4.972529202697756,4.666088913235047,0.39936841726742517
2025-03-28 07:00:00,7,4,28,32.077563092333115,67.7224589999767,0.0,2,45.0,180,2.0,0.45,0,0,0.0,26.109715377319556,0.3660946104205216,-2.6541193499017055,5.9678477150135585,25.944492670342708,0.18563260718655394,5.40211232673139,3.576917652660613,0.43387036292458303
2025-03-28 08:00:00,8,4,28,35.92652632997427,67.36493331208197,0.3,2,45.0,180,2.0,0.45,3,1,1.0,25.56973962031601,-0.5399757570035462,-0.3575256878947215,10.356786709658262,25.807691921511534,0.2756307116006949,36.6264582240617,32.85014741814234,2.941652035571582
2025-03-28 09:00:00,9,4,28,31.695374360536263,62.32909076345886,0.3,2,45.0,180,2.0,0.45,4,1,2.0,25.591532517145033,0.02179289682902308,-5.0358425486231155,6.10384184339123,25.7569958382602,0.3056583673209578,33.573740796734064,36.3161898804553,2.696473198480974
2025-03-28 10:00:00,10,4,28,34.234913890646325,61.96810229590718,0.3,2,45.0,180,2.0,0.45,4,1,3.0,25.391138822269575,-0.20039369487545855,-0.3609884675516781,8.84377506837675,25.517470319910206,0.10994756959436398,36.101083260330896,32.861268919917094,2.8994565734266295
2025-03-28 11:00:00,11,4,28,34.515719252745356,55.39990471057381,0.3,2,45.0,180,2.0,0.45,2,1,4.0,24.838716780867262,-0.5524220414023127,-6.5681975853333725,9.677002471878094,25.273796040093956,0.38988444389709165,32.33492765689128,37.22228234049935,2.5969779873355696
2025-03-28 12:00:00,12,4,28,38.66813099361412,49.866404410242865,0.3,2,45.0,180,2.0,0.45,5,1,4.0,25.525592511775464,0.6868757309082021,-5.533500300330942,13.142538481838656,25.2518160383041,0.36401606561542477,42.91518133599627,34.119765365459884,3.446730496344383
2025-03-28 13:00:00,13,4,28,35.580955640436486,31.031783632982616,0.3,2,45.0,180,2.0,0.45,2,1,4.0,25.152455017952107,-0.37313749382335715,-18.83462077726025,10.428500622484378,25.17225477019828,0.3438656570071624,36.519882226359954,37.129953562756825,2.933092390009772
2025-03-28 14:00:00,14,4,28,33.11318840644508,37.816928251252605,0.3,2,45.0,180,2.0,0.45,4,1,4.0,25.256900231362106,0.10444521340999913,6.785144618269989,7.856288175082977,25.31164925369656,0.19249932183952928,32.750322167822695,40.12100113833878,2.6303403752894203
2025-03-28 15:00:00,15,4,28,34.047089071989774,47.69870319333553,0.3,2,45.0,180,2.0,0.45,1,1,4.0,24.85888328876098,-0.39801694260112797,9.881774942082927,9.188205783228796,25.089412846025066,0.20636159582122454,30.828406177934298,38.246655531876605,2.475981795235981
2025-03-28 16:00:00,16,4,28,32.758825351060025,25.687710400422034,0.3,2,45.0,180,2.0,0.45,3,1,4.0,25.05918361594894,0.20030032718796065,-22.0109927929135,7.699641735111086,25.058322378690672,0.19900986896667322,31.13823528125833,38.05567084034243,2.5008657031174617
2025-03-28 17:00:00,17,4,28,28.98389813169768,27.457370012770188,0.3,2,45.0,180,2.0,0.45,3,1,4.0,24.473004267071786,-0.5861793488771525,1.7696596123481534,4.510893864625892,24.797023723927236,0.2979454842468517,28.26982407032223,24.723346666959937,2.270489409950156
2025-03-28 18:00:00,18,4,28,31.281371451748488,27.22005882522905,0.3,2,45.0,180,2.0,0.45,3,1,4.0,25.128442585838773,0.6554383187669863,-0.23731118754113822,6.152928865909715,24.886876822953166,0.36009314157716377,30.975099911787154,28.7133951277961,2.4877634946335596
2025-03-28 19:00:00,19,4,28,26.72647934164512,30.747668719940812,0.0,2,45.0,180,2.0,0.45,0,0,3.0,25.293907267627013,0.16546468178824014,3.5276098947117625,1.4325720740181076,24.965118040179192,0.4341389345484376,4.589208384071324,5.138470359692459,0.3685820261975773
2025-03-28 20:00:00,20,4,28,26.17394626121497,32.028958937797654,0.0,2,45.0,180,2.0,0.45,0,0,2.0,25.325957958625086,0.032050690998072895,1.2812902178568422,0.8479883025898829,25.249435937363625,0.10600167466989707,5.587585060983489,4.230074243935161,0.4487665956675373
2025-03-28 21:00:00,21,4,28,25.3458449332258,38.470797206929106,0.0,2,45.0,180,2.0,0.45,0,0,1.0,25.337848321419603,0.011890362794517273,6.441838269131452,0.007996611806195375,25.3192378492239,0.02272826333941166,5.550952096872054,6.264058851358805,0.44582442111196885
2025-03-28 22:00:00,22,4,28,27.40419053647251,30.189764783300916,0.0,2,45.0,180,2.0,0.45,0,0,0.0,25.47559052892543,0.137742207505827,-8.28103242362819,1.9286000075470788,25.379798936323372,0.0831707105376108,4.516384501137498,5.146912421127973,0.3627331799302147
2025-03-28 23:00:00,23,4,28,25.00368262810828,38.840825400850534,0.0,2,45.0,180,2.0,0.45,0,0,0.0,25.44254455683733,-0.03304597208810023,8.651060617549618,-0.4388619287290503,25.41866113572745,0.07190995956497812,5.765092316569584,6.183739075955243,0.46302308141697085
2025-03-29 00:00:00,0,5,29,27.376084839476754,46.1541167066409,0.0,2,45.0,180,2.0,0.45,0,0,0.0,25.589888906807357,0.14734434997002666,7.313291305790365,1.786195932669397,25.50267466419004,0.07731592432261183,6.63540126745602,4.212046027164645,0.5329218983129318
2025-03-29 01:00:00,1,5,29,26.87307137580077,56.298823147303374,0.0,2,45.0,180,2.0,0.45,0,0,0.0,26.067229408231984,0.4773405014246279,10.144706440662475,0.8058419675687851,25.699887623958887,0.3265464426713359,4.46761982671332,3.675817945942262,0.35881664770899024
2025-03-29 02:00:00,2,5,29,27.428154483304837,57.799259830377736,0.0,2,45.0,180,2.0,0.45,0,0,0.0,26.20904444883591,0.1418150406039267,1.500436683074362,1.219110034468926,25.955387587958416,0.3243760793852405,6.020230558062029,6.652250051563819,0.4835144956521957
2025-03-29 03:00:00,3,5,29,24.756544078186433,61.60900727567824,0.0,2,45.0,180,2.0,0.45,0,0,0.0,26.126659165653496,-0.08238528318241478,3.809747445300502,-1.3701150874670631,26.134311007573796,0.0712164970253259,4.102962259835168,5.855539945035299,0.3295291947062593
2025-03-29 04:00:00,4,5,29,24.765796650635835,72.0061869215103,0.0,2,45.0,180,2.0,0.45,0,0,0.0,26.10422655937267,-0.02243260628082666,10.397179645832068,-1.3384299087368348,26.14664339128736,0.055192612215103104,5.41621484568105,3.9415869411891222,0.4350030059806266
2025-03-29 05:00:00,5,5,29,27.64717722228873,73.10607672381649,0.0,2,45.0,180,2.0,0.45,0,0,0.0,26.23130518310337,0.1270786237307,1.0998898023061798,1.4158720391853592,26.15406363604318,0.067826970298937,5.178581601961475,5.729449282359127,0.41591750470636096
2025-03-29 06:00:00,6,5,29,29.603327565570854,69.37307146010819,0.0,2,45.0,180,2.0,0.45,0,0,0.0,26.140848084207835,-0.09045709889553422,-3.733005263708293,3.462479481363019,26.158793275561294,0.06541228150327034,6.845336218829541,4.972529202697756,0.5497828127171489
2025-03-29 07:00:00,7,5,29,32.226778913563194,72.96971683112388,0.0,2,45.0,180,2.0,0.45,0,0,0.0,26.47827763370509,0.337429549497255,3.5966453710156827,5.748501279858104,26.28347696700543,0.17465994530727194,5.341255392149681,5.40211232673139,0.42898264147481086
2025-03-29 08:00:00,8,5,29,30.745892881950066,56.43991244657722,1.0,2,45.0,180,2.0,0.45,0,0,0.0,26.937406609354817,0.4591289756497261,-16.529804384546658,3.8084862725952497,26.518844109089247,0.39982571226665453,3.915225946432326,36.6264582240617,0.31445116272474016
2025-03-29 09:00:00,9,5,29,32.20492955720452,68.60222275102306,1.0,2,45.0,180,2.0,0.45,0,0,0.0,27.856700014208066,0.9192934048532493,12.162310304445846,4.348229542996457,27.090794752422656,0.7018960083893491,3.6552548030060823,33.573740796734064,0.2935715942288903
2025-03-29 10:00:00,10,5,29,31.734847544530506,63.57262662870335,1.0,2,45.0,180,2.0,0.45,0,0,0.0,28.555391491928017,0.6986914777199509,-5.029596122319717,3.1794560526024895,27.78316603849697,0.8114950426505981,4.921541866495386,36.101083260330896,0.3952733720842264
2025-03-29 11:00:00,11,5,29,36.9866134758901,55.36272820560322,1.0,2,45.0,180,2.0,0.45,0,0,0.0,29.45428735981607,0.8988958678880543,-8.209898423100128,7.532326116074032,28.62212628865072,0.8008816900964326,5.580259761579885,32.33492765689128,0.448178264637276
2025-03-29 12:00:00,12,5,29,35.03870736132232,55.71712224100153,1.0,2,45.0,180,2.0,0.45,0,0,0.0,30.07844698745607,0.6241596276399974,0.3543940353983146,4.960260373866248,29.36270861306672,0.7656464659074291,4.426622571400189,42.91518133599627,0.355523955338711
2025-03-29 13:00:00,13,5,29,35.59570683001816,52.11543132335778,1.0,2,45.0,180,2.0,0.45,0,0,0.0,30.931114763683134,0.8526677762270651,-3.601690917643751,4.664592066335025,30.154616370318422,0.7413542516012928,5.8728316092963775,36.519882226359954,0.471676156956571
2025-03-29 14:00:00,14,5,29,32.91764682934818,40.42216002163517,1.0,2,45.0,180,2.0,0.45,0,0,0.0,31.46591303598659,0.5347982723034548,-11.69327130172261,1.4517337933615906,30.825158262375265,0.6997753883091572,5.156704432413376,32.750322167822695,0.4141604410028486
2025-03-29 15:00:00,15,5,29,33.82551590549414,33.12546916425966,1.0,2,45.0,180,2.0,0.45,0,0,0.0,31.80376063000324,0.337847594016651,-7.296690857375509,2.0217552754909036,31.40026280989099,0.44001155228151634,4.630861891323994,30.828406177934298,0.37192742540732165
2025-03-29 16:00:00,16,5,29,32.459422616489306,31.080618647347528,1.0,2,45.0,180,2.0,0.45,0,0,0.0,32.40904427029532,0.6052836402920789,-2.0448505169121347,0.05037834619398751,31.892905978761718,0.4778433856256241,4.199441872949881,31.13823528125833,0.3372779496793406
2025-03-29 17:00:00,17,5,29,30.181492620631975,26.795845829600125,1.0,2,45.0,180,2.0,0.45,0,0,0.0,32.89958255219593,0.4905382819006121,-4.2847728177474025,-2.7180899315639557,32.37079581749816,0.5489113128690402,6.555440792814098,28.26982407032223,0.5264998770637913
2025-03-29 18:00:00,18,5,29,29.917938638083264,33.81690648545758,1.0,2,45.0,180,2.0,0.45,0,0,0.0,33.17410750241202,0.27452495021609025,7.021060655857454,-3.2561688643287567,32.82757810830109,0.38758085251951674,7.622226719822065,30.975099911787154,0.6121787318005708
2025-03-29 19:00:00,19,5,29,27.081438670551243,22.975264519053763,0.0,2,45.0,180,2.0,0.45,0,0,0.0,32.530561107773124,-0.6435463946388964,-10.841641966403817,-5.449122437221881,32.86808372079369,0.32292742651879375,5.381286394211992,4.589208384071324,0.4321977292668706
2025-03-29 20:00:00,20,5,29,29.26056662455463,31.738340728549133,0.0,2,45.0,180,2.0,0.45,0,0,0.0,32.49090187574855,-0.039659232024575886,8.76307620949537,-3.2303352511939174,32.73185682864457,0.3835133081225522,2.467153099030896,5.587585060983489,0.19814926934603694
2025-03-29 21:00:00,21,5,29,26.92268807435574,31.4845943146518,0.0,2,45.0,180,2.0,0.45,0,0,0.0,31.85505722862849,-0.6358446471200594,-0.253746413897332,-4.932369154272749,32.292173404050054,0.37907271964971756,4.990882686711793,5.550952096872054,0.40084247635551506
2025-03-29 22:00:00,22,5,29,25.54025148584334,30.26234314587844,0.0,2,45.0,180,2.0,0.45,0,0,0.0,31.529515075888625,-0.32554215273986387,-1.2222511687733615,-5.989263590045287,31.95849139342189,0.48896841878708486,6.421844125109093,4.516384501137498,0.5157700678341938
2025-03-29 23:00:00,23,5,29,22.980382776540438,51.487274302168444,0.0,2,45.0,180,2.0,0.45,0,0,0.0,31.35974910146332,-0.1697659744253066,21.224931156290005,-8.37936632492288,31.581440468660144,0.25170363529324613,6.790034513759794,5.765092316569584,0.5453412592288532
2025-03-30 00:00:00,0,6,30,23.161766842628555,46.10275402615715,0.0,2,45.0,180,2.0,0.45,0,0,0.0,30.86702087645395,-0.49272822500936897,-5.384520276011294,-7.705254033825394,31.2520950179353,0.3441172653999366,4.680571465555235,6.63540126745602,0.375919847206071
2025-03-30 01:00:00,1,6,30,24.31379130800984,58.57217961082412,0.0,2,45.0,180,2.0,0.45,0,0,0.0,30.455028138922167,-0.4119927375317829,12.469425584666972,-6.141236830912327,30.893932705613143,0.4529604728084248,3.6209458781853714,4.46761982671332,0.2908160747647993
2025-03-30 02:00:00,2,6,30,26.7141687817887,58.45019625914536,0.0,2,45.0,180,2.0,0.45,0,0,0.0,30.354007772203207,-0.10102036671895931,-0.1219833516787645,-3.639838990414507,30.55868559585977,0.2717614074280325,5.902529709172962,6.020230558062029,0.47406135826159834
2025-03-30 03:00:00,3,6,30,29.53857798353228,69.60487053678823,0.0,2,45.0,180,2.0,0.45,0,0,0.0,30.487032328014806,0.13302455581159833,11.154674277642869,-0.9484543444825242,30.432022746380056,0.06943211920042087,4.668638110175699,4.102962259835168,0.37496142040627883
2025-03-30 04:00:00,4,6,30,29.767679240308027,66.23054502560251,0.0,2,45.0,180,2.0,0.45,0,0,0.0,30.78094143891858,0.2939091109037726,-3.3743255111857167,-1.0132621986105512,30.540660513045534,0.21846069581497737,6.485166899415524,5.41621484568105,0.5208558330697245
2025-03-30 05:00:00,5,6,30,28.201375187894914,66.84343177306148,0.0,2,45.0,180,2.0,0.45,0,0,0.0,30.480552886147418,-0.3003885527711603,0.6128867474589725,-2.2791776982525036,30.5828422176936,0.17158954478384522,4.380679387575391,5.178581601961475,0.3518340309842434
2025-03-30 06:00:00,6,6,30,29.344437957912493,72.5098477814282,0.0,2,45.0,180,2.0,0.45,0,0,0.0,30.55756595202254,0.07701306587512136,5.666416008366724,-1.213127994110046,30.60635342569618,0.15602398485336777,6.739397562140679,6.845336218829541,0.54127435516474
2025-03-30 07:00:00,7,6,30,32.30911542688118,69.94971278180309,0.0,2,45.0,180,2.0,0.45,0,0,0.0,30.38178089017377,-0.17578506184877085,-2.56013499962512,1.9273345367074093,30.473299909447906,0.08811669107201064,5.434319009208619,5.341255392149681,0.43645704090716525
2025-03-30 08:00:00,8,6,30,32.12326893427813,64.21169953843514,1.0,2,45.0,180,2.0,0.45,0,0,0.0,31.011039727659817,0.6292588374860486,-5.738013243367945,1.1122292066183128,30.650128856618707,0.3246807503055581,4.722525822141147,3.915225946432326,0.37928940911394254
2025-03-30 09:00:00,9,6,30,32.671861134774474,69.46058463463179,1.0,2,45.0,180,2.0,0.45,0,0,0.0,32.07821610747089,1.0671763798110696,5.248885096196645,0.5936450273035874,31.157012241768157,0.8575862013685845,5.5115171086878325,3.6552548030060823,0.44265720214268706
2025-03-30 10:00:00,10,6,30,31.665453421079185,59.937807198325764,1.0,2,45.0,180,2.0,0.45,0,0,0.0,32.14062256102158,0.062406453550693186,-9.522777436306022,-0.47516913994239474,31.74329279871743,0.63491697206501,6.48207789732402,4.921541866495386,0.520607740031769
2025-03-30 11:00:00,11,6,30,35.8953141841425,58.82387675614992,1.0,2,45.0,180,2.0,0.45,0,0,0.0,32.64947813636201,0.5088555753404336,-1.1139304421758425,3.245836047780486,32.2894389349515,0.3133605132678776,5.661978487691994,5.580259761579885,0.4547414997593135
2025-03-30 12:00:00,12,6,30,34.06063802109484,56.80085181535988,1.0,2,45.0,180,2.0,0.45,0,0,0.0,33.40510037978329,0.7556222434212785,-2.0230249407900445,0.6555376413115468,32.731733692388964,0.6362393581885468,5.26025348994953,4.426622571400189,0.4224769780269674
2025-03-30 13:00:00,13,6,30,33.92098823204481,47.24939142473936,1.0,2,45.0,180,2.0,0.45,0,0,0.0,33.94189022111427,0.5367898413309788,-9.55146039062052,-0.020901989069457727,33.33215624575319,0.6492864423508461,4.974628192878704,5.8728316092963775,0.3995369975516737
2025-03-30 14:00:00,14,6,30,35.463111846963564,40.891544282254415,1.0,2,45.0,180,2.0,0.45,0,0,0.0,34.825670196593165,0.8837799754788946,-6.3578471424849425,0.6374416503703983,34.057553599163576,0.7173131560722541,3.8938876645711904,5.156704432413376,0.3127373797570174
2025-03-30 15:00:00,15,6,30,33.321576862073336,39.509258999130324,1.0,2,45.0,180,2.0,0.45,0,0,0.0,35.18303346547907,0.35736326888590497,-1.3822852831240908,-1.8614566034057347,34.65019796106217,0.6389068925438303,5.590845052091785,4.630861891323994,0.4490284216792417
2025-03-30 16:00:00,16,6,30,33.818178714088916,39.33430955278829,1.0,2,45.0,180,2.0,0.45,0,0,0.0,35.963258593945454,0.7802251284663839,-0.17494944634203335,-2.1450798798565387,35.323987418672566,0.5817455226631023,5.393275947546206,4.199441872949881,0.4331606696023905
2025-03-30 17:00:00,17,6,30,32.09943883763328,28.399834642511983,1.0,2,45.0,180,2.0,0.45,0,0,0.0,36.349348279409945,0.38608968546449063,-10.934474910276307,-4.249909441776666,35.83188011294482,0.5941530023920447,5.409499043078182,6.555440792814098,0.43446362665335536
2025-03-30 18:00:00,18,6,30,31.454961598643358,23.54355351543176,1.0,2,45.0,180,2.0,0.45,0,0,0.0,36.52928001296302,0.1799317335530759,-4.856281127080223,-5.074318414319663,36.28062896210614,0.28920031141930413,6.019633210668711,7.622226719822065,0.4834665197282134
2025-03-30 19:00:00,19,6,30,26.13838048663974,28.06739212551567,0.0,2,45.0,180,2.0,0.45,0,0,0.0,35.985654702068906,-0.5436253108941145,4.52383861008391,-9.847274215429167,36.28809433148063,0.2769407053219324,5.785858635424807,5.381286394211992,0.46469092720642985
2025-03-30 20:00:00,20,6,30,28.992187805994728,34.55343691549197,0.0,2,45.0,180,2.0,0.45,0,0,0.0,35.301182313725995,-0.6844723883429111,6.486044789976301,-6.308994507731267,35.938705676252646,0.6153934903677121,5.239623012860821,2.467153099030896,0.4208200423617289
2025-03-30 21:00:00,21,6,30,26.69255826736859,31.540900381970182,0.0,2,45.0,180,2.0,0.45,0,0,0.0,34.79472139398056,-0.506460919745436,-3.0125365335217893,-8.10216312661197,35.36051946992515,0.5976798554897088,5.301449860490819,4.990882686711793,0.4257856623261588
2025-03-30 22:00:00,22,6,30,26.604264125653245,37.441900932022904,0.0,2,45.0,180,2.0,0.45,0,0,0.0,34.31953865878224,-0.47518273519831666,5.901000550052721,-7.715274533128998,34.80514745549627,0.4909048720395145,4.553060081237012,6.421844125109093,0.365678777186589
2025-03-30 23:00:00,23,6,30,25.055491968817623,42.33296786239475,0.0,2,45.0,180,2.0,0.45,0,0,0.0,33.98011073407632,-0.3394279247059231,4.891066930371849,-8.924618765258696,34.364790262279705,0.40918628095520565,7.103372881628426,6.790034513759794,0.5705070135047582
2025-03-31 00:00:00,0,0,31,23.263851282187808,44.4051228238183,0.0,2,45.0,180,2.0,0.45,0,0,0.0,33.4230075007778,-0.5571032332985197,2.07215496142355,-10.159156218589992,33.90755229787879,0.4526484003241113,3.1866554207713085,4.680571465555235,0.255936059878672
2025-03-31 01:00:00,1,0,31,26.026423247593257,48.08545575428956,0.0,2,45.0,180,2.0,0.45,0,0,0.0,33.04897863483901,-0.37402886593879003,3.680332930471259,-7.0225553872457525,33.48403228989772,0.4685560427772288,5.667302366998966,3.6209458781853714,0.45516908684143553
2025-03-31 02:00:00,2,0,31,27.271422053465987,62.15952641253058,0.0,2,45.0,180,2.0,0.45,0,0,0.0,32.92986763698074,-0.11911099785827162,14.07407065824102,-5.658445583514752,33.133951257532516,0.2573169082516389,4.821719364402034,5.902529709172962,0.38725613316141266
2025-03-31 03:00:00,3,0,31,26.469206846145696,65.21813738489152,0.0,2,45.0,180,2.0,0.45,0,0,0.0,32.373914086095745,-0.5559535508849933,3.0586109723609383,-5.904707239950049,32.784253452638495,0.36032021072081133,4.3659744582804665,4.668638110175699,0.3506530053735024
2025-03-31 04:00:00,4,0,31,28.545724772464922,67.5919832988451,0.0,2,45.0,180,2.0,0.45,0,0,0.0,32.07129916172429,-0.3026149243714542,2.3738459139535735,-3.5255743892593685,32.45836029493359,0.4354690899667916,5.0880125031256505,6.485166899415524,0.40864345237183136
2025-03-31 05:00:00,5,0,31,27.767364381049934,68.23601454145047,0.0,2,45.0,180,2.0,0.45,0,0,0.0,32.14666811702756,0.07536895530326859,0.6440312426053794,-4.379303735977626,32.197293788282536,0.15753147957069705,6.389823202030776,4.380679387575391,0.5131983091078114
2025-03-31 06:00:00,6,0,31,29.745490527645227,69.66134076671683,0.0,2,45.0,180,2.0,0.45,0,0,0.0,31.9317837886444,-0.2148843283831603,1.4253262252663603,-2.1862932609991717,32.049917022465415,0.10902621499328942,4.9770944039141325,6.739397562140679,0.39973507115923185
2025-03-31 07:00:00,7,0,31,34.77235156747411,72.14745710975873,0.0,2,45.0,180,2.0,0.45,0,0,0.0,32.265567146588786,0.3337833579443874,2.4861163430418998,2.5067844208853245,32.11467301742025,0.169176231514508,5.2684971403769865,5.434319009208619,0.4231390663706483
2025-03-31 08:00:00,8,0,31,34.35669495513053,60.95908698843542,1.0,2,45.0,180,2.0,0.45,5,1,1.0,29.22159813010574,-3.0439690164830466,-11.18837012132331,5.135096825024789,31.139649688446315,1.6694442691655655,37.05778340564858,4.722525822141147,2.976293894488063
2025-03-31 09:00:00,9,0,31,35.73809308210912,62.82336979828643,1.0,2,45.0,180,2.0,0.45,1,1,2.0,27.41634797707173,-1.8052501530340095,1.8642828098510051,8.321745105037387,29.634504417922088,2.4508366613039763,33.685185332011336,5.5115171086878325,2.7054238603780707
2025-03-31 10:00:00,10,0,31,33.68878056350886,51.03006417106817,1.0,2,45.0,180,2.0,0.45,2,1,3.0,26.57167763265359,-0.8446703444181409,-11.79330562721826,7.117102930855268,27.736541246610358,1.3536663023424655,30.05155728237018,6.48207789732402,2.413589217690319
2025-03-31 11:00:00,11,0,31,36.66551031209461,62.29729706492547,1.0,2,45.0,180,2.0,0.45,5,1,4.0,26.412955274593255,-0.1587223580603343,11.267232893857305,10.252555037501356,26.800326961439527,0.5393603762905516,41.72577623757743,5.661978487691994,3.3512034894064184
2025-03-31 12:00:00,12,0,31,33.23004303113284,53.46261482031443,1.0,2,45.0,180,2.0,0.45,2,1,4.0,25.991259782852097,-0.4216954917411577,-8.834682244611045,7.23878324828074,26.32529756336632,0.2999735419082837,31.982261551048783,5.26025348994953,2.568653627885298
2025-03-31 13:00:00,13,0,31,34.54080585507256,38.29789825944277,1.0,2,45.0,180,2.0,0.45,3,1,4.0,26.275932508186774,0.28467272533467636,-15.16471656087166,8.26487334688579,26.226715855210713,0.21511271728123615,34.30475190416273,4.974628192878704,2.7551843165213272
2025-03-31 14:00:00,14,0,31,34.58160153533785,46.85922767534494,1.0,2,45.0,180,2.0,0.45,2,1,4.0,26.206421019096606,-0.0695114890901678,8.561329415902172,8.375180516241247,26.157871103378497,0.14841651146125212,32.82496377273135,3.8938876645711904,2.6363352118000836
2025-03-31 15:00:00,15,0,31,31.802393575853934,38.102826315551376,1.0,2,45.0,180,2.0,0.45,2,1,4.0,25.468352943966583,-0.7380680751300233,-8.756401359793564,6.334040631887351,25.98356882374999,0.44754163366595756,29.676165891267,5.590845052091785,2.3834396781683878
2025-03-31 16:00:00,16,0,31,33.78075880244383,33.584139255062894,1.0,2,45.0,180,2.0,0.45,5,1,4.0,25.777685435411986,0.309332491445403,-4.518687060488482,8.003073367031842,25.817486466158396,0.37064027360454205,36.57073499297169,5.393275947546206,2.9371766272434874
2025-03-31 17:00:00,17,0,31,31.570821922751932,28.508001490655317,1.0,2,45.0,180,2.0,0.45,2,1,4.0,25.172254702049557,-0.6054307333624287,-5.0761377644075765,6.398567220702375,25.472764360476045,0.30273947326272205,31.39029821570292,5.409499043078182,2.52111012423143
2025-03-31 18:00:00,18,0,31,30.627377095786958,33.90922288532381,1.0,2,45.0,180,2.0,0.45,2,1,4.0,25.070135894386706,-0.1021188076628512,5.4012213946684895,5.557241201400252,25.34002534394942,0.38244846641555885,26.67913520383007,6.019633210668711,2.142733318617151
2025-03-31 19:00:00,19,0,31,28.33934770924594,30.51280136313555,0.0,2,45.0,180,2.0,0.45,0,0,3.0,25.21878469093736,0.14864879655065266,-3.3964215221882554,3.12056301830858,25.153725095791213,0.07603700355594757,3.644731871675524,5.785858635424807,0.29272644556124267
2025-03-31 20:00:00,20,0,31,27.18383385584909,35.004720959346216,0.0,2,45.0,180,2.0,0.45,0,0,2.0,24.951297621925136,-0.26748706901222263,4.491919596210664,2.2325362339239554,25.080072735749738,0.1340201053353503,3.816257033571726,5.239623012860821,0.3065024797755537
2025-03-31 21:00:00,21,0,31,24.42931773865611,43.09931620335824,0.0,2,45.0,180,2.0,0.45,0,0,1.0,24.986257849537218,0.03496022761208195,8.094595244012027,-0.5569401108811078,25.052113387466576,0.14539617233223195,3.9721300202912233,5.301449860490819,0.3190214103767333
2025-03-31 22:00:00,22,0,31,26.266471709910746,41.53239789196507,0.0,2,45.0,180,2.0,0.45,0,0,0.0,24.923967955759394,-0.062289893777823124,-1.5669183113931737,1.3425037541513518,24.953841142407256,0.03122274553496277,4.234942230895974,4.553060081237012,0.34012915903124674
2025-03-31 23:00:00,23,0,31,23.5282253494221,41.474573070112626,0.0,2,45.0,180,2.0,0.45,0,0,0.0,24.682152289211015,-0.24181566654837994,-0.0578248218524422,-1.1539269397889136,24.864126031502547,0.16064196176307471,5.150702402863442,7.103372881628426,0.4136783883201919
